Row ID,Order ID,Customer Key,Product Key,Order Date ID,Ship Date ID,Ship Mode ID,Location ID,Sales,Quantity,Discount,Revenue_Before_Discount,Profit,Profit_Margin,Ship_Duration,High_Discount_Flag
1,CA-2016-152156,1,1,1,584,1,1,261.96,2,0.0,261.96,41.9136,0.16000000000000003,3,0
2,CA-2016-152156,1,2,1,584,1,1,731.94,3,0.0,731.94,219.582,0.3,3,0
3,CA-2016-138688,2,3,2,951,1,2,14.62,2,0.0,14.62,6.8714,0.47000000000000003,4,0
4,US-2015-108966,3,4,3,1091,2,3,957.5775,5,0.45,1741.0499999999997,-383.031,-0.4,7,1
5,US-2015-108966,3,5,3,1091,2,3,22.368,2,0.2,27.959999999999997,2.5164,0.1125,7,0
6,CA-2014-115812,4,6,4,1028,2,4,48.86,7,0.0,48.86,14.1694,0.29,5,0
7,CA-2014-115812,4,7,4,1028,2,4,7.28,4,0.0,7.28,1.9656,0.27,5,0
8,CA-2014-115812,4,8,4,1028,2,4,907.152,6,0.2,1133.94,90.7152,0.09999999999999999,5,0
9,CA-2014-115812,4,9,4,1028,2,4,18.504,3,0.2,23.13,5.7825,0.31249999999999994,5,0
10,CA-2014-115812,4,10,4,1028,2,4,114.9,5,0.0,114.9,34.47,0.3,5,0
11,CA-2014-115812,4,11,4,1028,2,4,1706.184,9,0.2,2132.73,85.3092,0.05,5,0
12,CA-2014-115812,4,12,4,1028,2,4,911.424,4,0.2,1139.28,68.3568,0.07500000000000001,5,0
13,CA-2017-114412,5,13,5,694,2,5,15.552,3,0.2,19.439999999999998,5.4432,0.35000000000000003,5,0
14,CA-2016-161389,6,14,6,108,2,6,407.976,3,0.2,509.96999999999997,132.5922,0.32499999999999996,5,0
15,US-2015-118983,7,15,7,651,2,7,68.81,5,0.8,344.05000000000007,-123.858,-1.8,4,1
16,US-2015-118983,7,16,7,651,2,7,2.544,3,0.8,12.720000000000002,-3.816,-1.5,4,1
17,CA-2014-105893,8,17,8,729,2,8,665.88,6,0.0,665.88,13.3176,0.02,7,0
18,CA-2014-167164,9,18,9,1238,1,9,55.5,2,0.0,55.5,9.99,0.18,2,0
19,CA-2014-143336,10,19,10,417,1,10,8.56,2,0.0,8.56,2.4824,0.29,5,0
20,CA-2014-143336,10,20,10,417,1,10,213.48,3,0.2,266.84999999999997,16.011,0.075,5,0
21,CA-2014-143336,10,21,10,417,1,10,22.72,4,0.2,28.4,7.384,0.325,5,0
22,CA-2016-137330,11,22,11,181,2,11,19.46,7,0.0,19.46,5.0596,0.25999999999999995,4,0
23,CA-2016-137330,11,23,11,181,2,11,60.34,7,0.0,60.34,15.6884,0.25999999999999995,4,0
24,US-2017-156909,12,24,12,931,1,12,71.372,2,0.3,101.96000000000001,-1.0196,-0.014285714285714287,2,1
25,CA-2015-106320,13,4,13,1239,2,13,1044.63,3,0.0,1044.63,240.2649,0.22999999999999998,5,0
26,CA-2016-121755,14,25,14,1240,1,14,11.648,2,0.2,14.559999999999999,4.2224,0.36250000000000004,4,0
27,CA-2016-121755,14,26,14,1240,1,14,90.57,3,0.0,90.57,11.7741,0.13,4,0
28,US-2015-150630,15,27,15,482,2,12,3083.43,7,0.5,6166.86,-1665.0522,-0.54,4,1
29,US-2015-150630,15,28,15,482,2,12,9.618,2,0.7,32.059999999999995,-7.0532,-0.7333333333333334,4,1
30,US-2015-150630,15,29,15,482,2,12,124.2,3,0.2,155.25,15.525,0.125,4,0
31,US-2015-150630,15,30,15,482,2,12,3.264,2,0.2,4.079999999999999,1.1016,0.3375,4,0
32,US-2015-150630,15,31,15,482,2,12,86.304,6,0.2,107.88,9.7092,0.11249999999999999,4,0
33,US-2015-150630,15,32,15,482,2,12,6.858,6,0.7,22.859999999999996,-5.715,-0.8333333333333334,4,1
34,US-2015-150630,15,33,15,482,2,12,15.76,2,0.2,19.7,3.546,0.22499999999999998,4,0
35,CA-2017-107727,16,34,16,437,1,15,29.472,3,0.2,36.839999999999996,9.9468,0.33749999999999997,4,0
36,CA-2016-117590,17,35,17,108,3,16,1097.544,7,0.2,1371.93,123.4737,0.11249999999999999,2,0
37,CA-2016-117590,17,36,17,108,3,16,190.92,5,0.6,477.29999999999995,-147.963,-0.775,2,1
38,CA-2015-117415,18,37,18,621,2,17,113.328,9,0.2,141.66,35.415,0.3125,4,0
39,CA-2015-117415,18,38,18,621,2,17,532.3992,3,0.32,782.94,-46.9764,-0.08823529411764706,4,1
40,CA-2015-117415,18,39,18,621,2,17,212.058,3,0.3,302.94,-15.147,-0.07142857142857144,4,1
41,CA-2015-117415,18,40,18,621,2,17,371.168,4,0.2,463.96,41.7564,0.1125,4,0
42,CA-2017-120999,19,41,19,176,2,18,147.168,4,0.2,183.96,16.5564,0.11249999999999999,5,0
43,CA-2016-101343,20,42,20,406,2,14,77.88,2,0.0,77.88,3.894,0.05,5,0
44,CA-2017-139619,21,43,21,398,2,19,95.616,2,0.2,119.52,9.5616,0.1,4,0
45,CA-2016-118255,22,44,22,70,3,20,45.98,2,0.0,45.98,19.7714,0.43000000000000005,2,0
46,CA-2016-118255,22,45,22,70,3,20,17.46,2,0.0,17.46,8.2062,0.47000000000000003,2,0
47,CA-2014-146703,23,46,23,1090,1,21,211.96,4,0.0,211.96,8.4784,0.04,5,0
48,CA-2016-169194,24,47,24,675,2,22,45.0,3,0.0,45.0,4.95,0.11,5,0
49,CA-2016-169194,24,48,24,675,2,22,21.8,2,0.0,21.8,6.104,0.27999999999999997,5,0
50,CA-2015-115742,25,49,25,1101,2,23,38.22,6,0.0,38.22,17.9634,0.47000000000000003,4,0
51,CA-2015-115742,25,50,25,1101,2,23,75.18,6,0.0,75.18,35.3346,0.47,4,0
52,CA-2015-115742,25,51,25,1101,2,23,6.16,2,0.0,6.16,2.9568,0.48,4,0
53,CA-2015-115742,25,52,25,1101,2,23,89.99,1,0.0,89.99,17.0981,0.19,4,0
54,CA-2016-105816,26,53,26,908,2,24,15.26,7,0.0,15.26,6.2566,0.41,6,0
55,CA-2016-105816,26,54,26,908,2,24,1029.95,5,0.0,1029.95,298.6855,0.29,6,0
56,CA-2016-111682,27,55,27,1134,3,25,208.56,6,0.0,208.56,52.14,0.25,1,0
57,CA-2016-111682,27,56,27,1134,3,25,32.4,5,0.0,32.4,15.552,0.48,1,0
58,CA-2016-111682,27,57,27,1134,3,25,319.41,5,0.1,354.90000000000003,7.098,0.02222222222222222,1,0
59,CA-2016-111682,27,58,27,1134,3,25,14.56,2,0.0,14.56,6.9888,0.48,1,0
60,CA-2016-111682,27,47,27,1134,3,25,30.0,2,0.0,30.0,3.3,0.11,1,0
61,CA-2016-111682,27,59,27,1134,3,25,48.48,4,0.2,60.599999999999994,16.362,0.33749999999999997,1,0
62,CA-2016-111682,27,60,27,1134,3,25,1.68,1,0.0,1.68,0.84,0.5,1,0
63,CA-2015-135545,28,61,28,673,2,26,13.98,2,0.0,13.98,6.1512,0.44,6,0
64,CA-2015-135545,28,62,28,673,2,26,25.824,6,0.2,32.28,9.3612,0.3625,6,0
65,CA-2015-135545,28,63,28,673,2,26,146.73,3,0.0,146.73,68.9631,0.47000000000000003,6,0
66,CA-2015-135545,28,64,28,673,2,26,79.76,4,0.0,79.76,22.3328,0.27999999999999997,6,0
67,US-2015-164175,29,65,29,1241,2,27,213.115,5,0.3,304.45000000000005,-15.2225,-0.07142857142857142,5,1
68,CA-2014-106376,30,66,30,326,2,28,1113.024,8,0.2,1391.2799999999997,111.3024,0.10000000000000002,5,0
69,CA-2014-106376,30,67,30,326,2,28,167.968,4,0.2,209.95999999999998,62.988,0.375,5,0
70,CA-2016-119823,31,68,31,113,3,29,75.88,2,0.0,75.88,35.6636,0.4700000000000001,2,0
71,CA-2016-106075,32,69,32,714,2,30,4.616,1,0.2,5.77,1.731,0.37500000000000006,5,0
72,CA-2017-114440,15,70,33,698,1,31,19.05,3,0.0,19.05,8.763,0.45999999999999996,3,0
73,US-2015-134026,33,71,34,943,2,32,831.936,8,0.2,1039.92,-114.3912,-0.13749999999999998,6,0
74,US-2015-134026,33,72,34,943,2,32,97.04,2,0.2,121.3,1.213,0.0125,6,0
75,US-2015-134026,33,73,34,943,2,32,72.784,1,0.2,90.98,-18.196,-0.25,6,0
76,US-2017-118038,34,74,35,158,3,17,1.248,3,0.8,6.240000000000001,-1.9344,-1.5499999999999998,2,1
77,US-2017-118038,34,75,35,158,3,17,9.708,3,0.6,24.27,-5.8248,-0.6,2,1
78,US-2017-118038,34,76,35,158,3,17,27.24,3,0.2,34.05,2.724,0.10000000000000002,2,0
79,US-2014-147606,33,77,36,589,1,33,19.3,5,0.6,48.25,-14.475,-0.75,5,1
80,CA-2016-127208,35,78,2,1086,3,34,208.16,1,0.0,208.16,56.2032,0.27,3,0
81,CA-2016-127208,35,79,2,1086,3,34,16.74,3,0.0,16.74,8.0352,0.48000000000000004,3,0
82,CA-2014-139451,36,80,37,1080,2,35,14.9,5,0.0,14.9,4.172,0.27999999999999997,4,0
83,CA-2014-139451,36,81,37,1080,2,35,21.39,1,0.0,21.39,6.2031,0.29,4,0
84,CA-2015-149734,37,82,38,1015,2,36,200.984,7,0.2,251.23,62.8075,0.3125,5,0
85,US-2017-119662,38,83,39,674,3,37,230.376,3,0.2,287.96999999999997,-48.9549,-0.2125,3,0
86,CA-2017-140088,23,84,40,1110,1,38,301.96,2,0.0,301.96,33.2156,0.11000000000000001,2,0
87,CA-2017-155558,39,85,41,809,2,39,19.99,1,0.0,19.99,6.7966,0.34,7,0
88,CA-2017-155558,39,86,41,809,2,39,6.16,2,0.0,6.16,2.9568,0.48,7,0
89,CA-2016-159695,40,87,42,343,1,15,158.368,7,0.2,197.95999999999998,13.8572,0.08750000000000001,5,0
90,CA-2016-109806,41,88,43,898,2,2,20.1,3,0.0,20.1,6.633,0.32999999999999996,5,0
91,CA-2016-109806,41,41,43,898,2,2,73.584,2,0.2,91.98,8.2782,0.11249999999999999,5,0
92,CA-2016-109806,41,89,43,898,2,2,6.48,1,0.0,6.48,3.1104,0.4799999999999999,5,0
93,CA-2015-149587,42,90,44,1242,1,40,12.96,2,0.0,12.96,6.2208,0.4799999999999999,5,0
94,CA-2015-149587,42,91,44,1242,1,40,53.34,3,0.0,53.34,16.5354,0.30999999999999994,5,0
95,CA-2015-149587,42,92,44,1242,1,40,32.96,2,0.0,32.96,16.1504,0.49000000000000005,5,0
96,US-2017-109484,43,93,45,106,2,41,5.682,1,0.7,18.939999999999998,-3.788,-0.6666666666666666,6,1
97,CA-2017-161018,44,94,46,344,1,30,96.53,7,0.0,96.53,40.5426,0.42,2,0
98,CA-2017-157833,45,95,47,309,3,35,51.312,3,0.2,64.13999999999999,17.9592,0.35,3,0
99,CA-2016-149223,46,96,48,109,2,42,77.88,6,0.0,77.88,22.5852,0.29000000000000004,5,0
100,CA-2016-158568,47,97,49,477,2,27,64.624,7,0.2,80.77999999999999,22.6184,0.35000000000000003,4,0
101,CA-2016-158568,47,98,49,477,2,27,95.976,3,0.2,119.97,-10.7973,-0.1125,4,0
102,CA-2016-158568,47,99,49,477,2,27,1.788,3,0.8,8.940000000000001,-3.0396,-1.7,4,1
103,CA-2016-129903,48,100,50,430,1,39,23.92,4,0.0,23.92,11.7208,0.49,3,0
104,US-2015-156867,49,101,51,973,2,43,238.896,6,0.2,298.61999999999995,-26.8758,-0.11250000000000002,4,0
105,US-2015-156867,49,102,51,973,2,43,102.36,3,0.2,127.94999999999999,-3.8385,-0.0375,4,0
106,US-2015-156867,49,103,51,973,2,43,36.882,3,0.7,122.93999999999997,-25.8174,-0.7000000000000001,4,1
107,CA-2017-119004,50,104,52,355,2,44,74.112,8,0.2,92.63999999999999,17.6016,0.23750000000000004,5,0
108,CA-2017-119004,50,105,52,355,2,44,27.992,1,0.2,34.99,2.0994,0.075,5,0
109,CA-2017-119004,50,106,52,355,2,44,3.304,1,0.2,4.13,1.0738,0.32500000000000007,5,0
110,CA-2015-129476,51,107,53,1183,2,45,339.96,5,0.2,424.94999999999993,67.992,0.20000000000000004,5,0
111,CA-2017-146780,52,108,54,248,2,46,41.96,2,0.0,41.96,10.9096,0.25999999999999995,5,0
112,CA-2016-128867,53,109,55,339,2,47,75.96,2,0.0,75.96,22.788,0.30000000000000004,7,0
113,CA-2016-128867,53,110,55,339,2,47,27.24,6,0.0,27.24,13.3476,0.49000000000000005,7,0
114,CA-2014-115259,54,111,56,10,1,48,40.096,14,0.2,50.11999999999999,14.5348,0.36250000000000004,2,0
115,CA-2014-115259,54,112,56,10,1,48,4.72,2,0.2,5.8999999999999995,1.652,0.35,2,0
116,CA-2014-115259,54,113,56,10,1,48,23.976,3,0.2,29.97,7.4925,0.3125,2,0
117,CA-2014-115259,54,114,56,10,1,48,130.464,6,0.2,163.07999999999998,44.0316,0.33749999999999997,2,0
118,CA-2015-110457,55,115,57,700,2,6,787.53,3,0.0,787.53,165.3813,0.21000000000000002,4,0
119,US-2015-136476,56,116,58,890,2,49,157.794,1,0.7,525.9799999999999,-115.7156,-0.7333333333333333,5,1
120,CA-2016-103730,57,117,2,1086,3,50,47.04,3,0.0,47.04,18.3456,0.39,3,0
121,CA-2016-103730,57,9,2,1086,3,50,30.84,4,0.0,30.84,13.878,0.45,3,0
122,CA-2016-103730,57,118,2,1086,3,50,226.56,6,0.0,226.56,63.4368,0.27999999999999997,3,0
123,CA-2016-103730,57,119,2,1086,3,50,115.02,9,0.0,115.02,51.759,0.45,3,0
124,CA-2016-103730,57,120,2,1086,3,50,68.04,7,0.0,68.04,19.7316,0.29,3,0
125,US-2014-152030,58,121,59,130,1,17,600.558,3,0.3,857.94,-8.5794,-0.014285714285714285,2,1
126,US-2014-134614,59,122,60,795,2,51,617.7,6,0.5,1235.4,-407.682,-0.66,5,1
127,US-2017-107272,60,123,61,106,2,52,2.388,2,0.7,7.959999999999998,-1.8308,-0.7666666666666667,7,1
128,US-2017-107272,60,124,61,106,2,52,243.992,7,0.2,304.98999999999995,30.499,0.125,7,0
129,US-2016-125969,61,65,62,339,1,26,81.424,2,0.2,101.78,-9.1602,-0.11249999999999999,4,0
130,US-2016-125969,61,125,62,339,1,26,238.56,3,0.0,238.56,26.2416,0.10999999999999999,4,0
131,US-2017-164147,62,126,63,1120,3,48,59.97,5,0.4,99.95,-11.994,-0.2,3,1
132,US-2017-164147,62,127,63,1120,3,48,78.304,2,0.2,97.88,29.364,0.375,3,0
133,US-2017-164147,62,128,63,1120,3,48,21.456,9,0.2,26.819999999999997,6.9732,0.325,3,0
134,CA-2016-145583,63,129,64,1243,2,53,20.04,3,0.0,20.04,9.6192,0.48,6,0
135,CA-2016-145583,63,130,64,1243,2,53,35.44,1,0.0,35.44,16.6568,0.47000000000000003,6,0
136,CA-2016-145583,63,131,64,1243,2,53,11.52,4,0.0,11.52,3.456,0.3,6,0
137,CA-2016-145583,63,132,64,1243,2,53,4.02,2,0.0,4.02,1.9698,0.49000000000000005,6,0
138,CA-2016-145583,63,133,64,1243,2,53,76.176,3,0.2,95.22,26.6616,0.35,6,0
139,CA-2016-145583,63,134,64,1243,2,53,65.88,6,0.0,65.88,18.4464,0.28,6,0
140,CA-2016-145583,63,51,64,1243,2,53,43.12,14,0.0,43.12,20.6976,0.48000000000000004,6,0
141,CA-2016-110366,64,29,65,1244,1,12,82.8,2,0.2,103.49999999999999,10.35,0.125,2,0
142,CA-2017-106180,65,135,66,398,2,35,8.82,3,0.0,8.82,2.3814,0.27,5,0
143,CA-2017-106180,65,136,66,398,2,35,10.86,3,0.0,10.86,5.1042,0.47,5,0
144,CA-2017-106180,65,137,66,398,2,35,143.7,3,0.0,143.7,68.976,0.48000000000000004,5,0
145,CA-2017-155376,66,138,67,754,2,54,839.43,3,0.0,839.43,218.2518,0.26,5,0
146,CA-2015-110744,67,83,68,812,2,55,671.93,7,0.0,671.93,20.1579,0.030000000000000006,5,0
147,CA-2014-110072,68,139,69,920,2,56,93.888,4,0.2,117.36,12.9096,0.13749999999999998,6,0
148,CA-2016-114489,69,140,6,11,2,57,384.45,11,0.0,384.45,103.8015,0.27,4,0
149,CA-2016-114489,69,141,6,11,2,57,149.97,3,0.0,149.97,5.9988,0.04,4,0
150,CA-2016-114489,69,2,6,11,2,57,1951.84,8,0.0,1951.84,585.552,0.30000000000000004,4,0
151,CA-2016-114489,69,142,6,11,2,57,171.55,5,0.0,171.55,80.6285,0.47,4,0
152,CA-2016-158834,70,143,70,1245,3,58,157.92,5,0.2,197.39999999999998,17.766,0.1125,3,0
153,CA-2016-158834,70,144,70,1245,3,58,203.184,2,0.2,253.98,15.2388,0.075,3,0
154,CA-2015-124919,71,145,71,1246,3,59,58.38,7,0.0,58.38,26.271,0.45,2,0
155,CA-2015-124919,71,146,71,1246,3,59,105.52,4,0.0,105.52,48.5392,0.46,2,0
156,CA-2015-124919,71,147,71,1246,3,59,80.88,6,0.0,80.88,21.0288,0.26,2,0
157,CA-2015-118948,72,148,72,1247,2,60,6.63,3,0.0,6.63,1.7901,0.27,6,0
158,CA-2014-104269,73,121,73,1248,1,61,457.568,2,0.2,571.9599999999999,51.4764,0.1125,5,0
159,CA-2016-114104,74,149,74,391,2,62,14.62,2,0.0,14.62,6.8714,0.47000000000000003,4,0
160,CA-2016-114104,74,150,74,391,2,62,944.93,7,0.0,944.93,236.2325,0.25,4,0
161,CA-2016-162733,75,151,75,537,3,63,5.98,1,0.0,5.98,2.691,0.44999999999999996,1,0
162,CA-2015-119697,76,152,76,621,1,64,54.384,2,0.2,67.97999999999999,1.3596,0.024999999999999998,3,0
163,CA-2016-154508,77,153,77,74,2,65,28.4,5,0.0,28.4,13.348,0.47000000000000003,4,0
164,CA-2016-113817,78,154,78,584,2,61,27.68,2,0.2,34.599999999999994,9.688,0.35000000000000003,4,0
165,CA-2014-139892,79,155,79,172,2,66,9.936,3,0.2,12.42,2.7324,0.275,4,0
166,CA-2014-139892,79,156,79,172,2,66,8159.952,8,0.4,13599.92,-1359.992,-0.16666666666666666,4,1
167,CA-2014-139892,79,157,79,172,2,66,275.928,3,0.2,344.90999999999997,-58.6347,-0.21250000000000002,4,0
168,CA-2014-139892,79,158,79,172,2,66,1740.06,9,0.3,2485.8,-24.858,-0.014285714285714287,4,1
169,CA-2014-139892,79,159,79,172,2,66,32.064,6,0.2,40.08,6.8136,0.2125,4,0
170,CA-2014-139892,79,160,79,172,2,66,177.98,5,0.8,889.9000000000001,-453.849,-2.5500000000000003,4,1
171,CA-2014-139892,79,161,79,172,2,66,143.976,3,0.2,179.97,8.9985,0.0625,4,0
172,CA-2014-118962,80,162,80,129,2,26,20.94,3,0.0,20.94,9.8418,0.4699999999999999,4,0
173,CA-2014-118962,80,163,80,129,2,26,110.96,2,0.0,110.96,53.2608,0.48000000000000004,4,0
174,CA-2014-118962,80,164,80,129,2,26,340.144,7,0.2,425.18,21.259,0.0625,4,0
175,US-2014-100853,81,165,81,112,2,37,52.448,2,0.8,262.24000000000007,-131.12,-2.5,5,1
176,US-2014-100853,81,166,81,112,2,37,20.16,4,0.2,25.2,6.552,0.32499999999999996,5,0
177,US-2017-152366,82,167,82,1017,1,67,97.264,4,0.8,486.3200000000001,-243.16,-2.5,4,1
178,US-2015-101511,33,168,83,522,1,56,396.802,7,0.3,566.86,-11.3372,-0.028571428571428567,2,1
179,US-2015-101511,33,169,83,522,1,56,15.88,5,0.2,19.85,-3.7715,-0.2375,2,0
180,CA-2015-137225,83,170,84,547,2,30,3.28,1,0.0,3.28,1.4104,0.43000000000000005,4,0
181,CA-2014-166191,84,171,30,338,1,68,24.816,2,0.2,31.019999999999996,1.8612,0.075,4,0
182,CA-2014-166191,84,172,30,338,1,68,408.744,7,0.2,510.93,76.6395,0.18749999999999997,4,0
183,CA-2014-158274,85,173,85,157,1,69,503.96,4,0.0,503.96,131.0296,0.26,5,0
184,CA-2014-158274,85,174,85,157,1,69,149.95,5,0.0,149.95,41.986,0.28,5,0
185,CA-2014-158274,85,175,85,157,1,69,29.0,2,0.0,29.0,7.25,0.25,5,0
186,CA-2016-105018,86,176,86,500,2,70,7.16,2,0.0,7.16,3.4368,0.48,4,0
187,CA-2014-123260,87,177,87,1195,2,4,176.8,8,0.0,176.8,22.984,0.13,4,0
188,CA-2016-157000,88,178,88,406,2,71,37.224,3,0.2,46.529999999999994,3.7224,0.1,6,0
189,CA-2016-157000,88,145,88,406,2,71,20.016,3,0.2,25.019999999999996,6.255,0.3125,6,0
190,CA-2015-102281,89,179,89,1249,3,46,899.136,4,0.2,1123.9199999999998,112.392,0.125,2,0
191,CA-2015-102281,89,180,89,1249,3,46,71.76,6,0.0,71.76,20.0928,0.27999999999999997,2,0
192,CA-2015-102281,89,181,89,1249,3,46,51.84,8,0.0,51.84,24.8832,0.4799999999999999,2,0
193,CA-2015-102281,89,38,89,1249,3,46,626.352,3,0.2,782.9399999999999,46.9764,0.075,2,0
194,CA-2015-102281,89,182,89,1249,3,46,19.9,5,0.0,19.9,6.567,0.33,2,0
195,CA-2015-131457,90,30,90,377,2,72,14.28,7,0.0,14.28,6.7116,0.47000000000000003,6,0
196,CA-2014-140004,91,183,91,728,2,73,7.408,2,0.2,9.26,1.2038,0.16249999999999998,4,0
197,CA-2014-140004,91,184,91,728,2,73,6.048,3,0.2,7.56,1.5876,0.26249999999999996,4,0
198,CA-2017-107720,92,185,45,39,2,74,46.26,3,0.0,46.26,12.0276,0.26,7,0
199,US-2017-124303,93,186,92,1003,2,75,2.946,2,0.7,9.819999999999999,-2.2586,-0.7666666666666666,7,1
200,US-2017-124303,93,187,92,1003,2,75,16.056,3,0.2,20.07,5.8203,0.36249999999999993,7,0
201,CA-2017-105074,94,188,93,223,2,76,21.744,3,0.2,27.18,6.795,0.3125,5,0
202,CA-2014-133690,95,189,94,80,3,77,218.75,2,0.5,437.5,-161.875,-0.74,2,1
203,CA-2014-133690,95,190,94,80,3,77,2.6,1,0.2,3.25,0.2925,0.11249999999999999,2,0
204,US-2017-116701,96,191,95,203,1,78,66.284,2,0.8,331.42000000000013,-178.9668,-2.6999999999999997,4,1
205,CA-2017-126382,97,192,96,1250,2,79,35.168,7,0.2,43.959999999999994,9.6712,0.275,4,0
206,CA-2017-108329,98,193,35,818,2,80,444.768,4,0.2,555.9599999999999,44.4768,0.1,5,0
207,CA-2017-135860,99,194,97,227,2,81,83.92,4,0.0,83.92,5.8744,0.06999999999999999,6,0
208,CA-2017-135860,99,195,97,227,2,81,131.98,2,0.0,131.98,35.6346,0.27,6,0
209,CA-2017-135860,99,123,97,227,2,81,15.92,4,0.0,15.92,7.4824,0.47000000000000003,6,0
210,CA-2017-135860,99,196,97,227,2,81,52.29,9,0.0,52.29,16.2099,0.31000000000000005,6,0
211,CA-2017-135860,99,197,97,227,2,81,91.99,1,0.0,91.99,3.6796,0.04000000000000001,6,0
212,CA-2015-101007,100,198,98,1251,1,78,20.8,2,0.2,26.0,6.5,0.3125,4,0
213,CA-2015-146262,101,199,99,1146,2,82,23.68,2,0.2,29.599999999999998,8.88,0.37500000000000006,7,0
214,CA-2015-146262,101,200,99,1146,2,82,452.45,5,0.5,904.9,-244.323,-0.54,7,1
215,CA-2015-146262,101,105,99,1146,2,82,62.982,3,0.4,104.97,-14.6958,-0.23333333333333334,7,1
216,CA-2015-146262,101,201,99,1146,2,82,1188.0,9,0.7,3959.9999999999995,-950.4,-0.7999999999999999,7,1
217,CA-2015-146262,101,202,99,1146,2,82,89.584,2,0.2,111.98,4.4792,0.049999999999999996,7,0
218,CA-2016-130162,102,178,100,475,2,4,93.06,6,0.0,93.06,26.0568,0.27999999999999997,4,0
219,CA-2016-130162,102,203,100,475,2,4,302.376,3,0.2,377.96999999999997,22.6782,0.07500000000000001,4,0
220,CA-2015-169397,103,204,101,18,3,83,5.584,2,0.2,6.9799999999999995,1.8148,0.325,3,0
221,CA-2015-169397,103,205,101,18,3,83,22.704,6,0.2,28.38,8.2302,0.3625,3,0
222,CA-2015-169397,103,92,101,18,3,83,19.776,4,0.7,65.91999999999999,-13.8432,-0.7,3,1
223,CA-2015-169397,103,206,101,18,3,83,72.704,4,0.2,90.87999999999998,19.0848,0.26250000000000007,3,0
224,CA-2015-169397,103,207,101,18,3,83,479.988,4,0.7,1599.9599999999998,-383.9904,-0.8,3,1
225,CA-2015-169397,103,208,101,18,3,83,27.168,2,0.2,33.959999999999994,2.7168,0.1,3,0
226,CA-2015-163055,104,209,102,749,2,84,2.2,1,0.0,2.2,0.968,0.43999999999999995,7,0
227,CA-2015-163055,104,210,102,749,2,84,622.45,5,0.0,622.45,136.939,0.21999999999999997,7,0
228,CA-2015-163055,104,211,102,749,2,84,21.98,1,0.0,21.98,0.2198,0.01,7,0
229,US-2015-145436,105,212,103,1252,2,85,161.568,2,0.2,201.96,-28.2744,-0.175,4,0
230,US-2015-145436,105,213,103,1252,2,85,389.696,8,0.2,487.12,43.8408,0.1125,4,0
231,US-2014-156216,106,214,104,329,2,44,18.648,7,0.7,62.15999999999999,-12.432,-0.6666666666666667,4,1
232,US-2017-100930,38,215,105,484,2,86,233.86,2,0.45,425.2,-102.048,-0.43636363636363634,5,1
233,US-2017-100930,38,216,105,484,2,86,620.6145,3,0.45,1128.3899999999999,-248.2458,-0.39999999999999997,5,1
234,US-2017-100930,38,214,105,484,2,86,5.328,2,0.7,17.759999999999998,-3.552,-0.6666666666666666,5,1
235,US-2017-100930,38,217,105,484,2,86,258.072,3,0.2,322.59,0.0,0.0,5,0
236,US-2017-100930,38,218,105,484,2,86,617.976,3,0.2,772.4699999999999,-7.7247,-0.0125,5,0
237,CA-2017-160514,107,219,106,674,2,87,10.56,2,0.0,10.56,4.752,0.44999999999999996,4,0
238,CA-2016-157749,108,220,31,633,1,27,25.92,5,0.2,32.4,9.396,0.3625,5,0
239,CA-2016-157749,108,221,31,633,1,27,419.68,5,0.6,1049.2,-356.728,-0.85,5,1
240,CA-2016-157749,108,222,31,633,1,27,11.688,3,0.6,29.22,-4.6752,-0.4,5,1
241,CA-2016-157749,108,223,31,633,1,27,31.984,2,0.2,39.98,11.1944,0.35,5,0
242,CA-2016-157749,108,224,31,633,1,27,177.225,5,0.5,354.45,-120.513,-0.68,5,1
243,CA-2016-157749,108,225,31,633,1,27,4.044,3,0.6,10.109999999999998,-2.8308,-0.7000000000000001,5,1
244,CA-2016-157749,108,183,31,633,1,27,7.408,2,0.2,9.26,1.2038,0.16249999999999998,5,0
245,CA-2014-131926,109,121,107,572,1,88,2001.86,7,0.0,2001.86,580.5394,0.29000000000000004,5,0
246,CA-2014-131926,109,226,107,572,1,88,166.72,2,0.0,166.72,41.68,0.25,5,0
247,CA-2014-131926,109,227,107,572,1,88,47.88,6,0.0,47.88,23.94,0.5,5,0
248,CA-2014-131926,109,228,107,572,1,88,1503.25,5,0.0,1503.25,496.0725,0.33,5,0
249,CA-2014-131926,109,181,107,572,1,88,25.92,4,0.0,25.92,12.4416,0.4799999999999999,5,0
250,CA-2016-154739,110,229,108,273,1,10,321.568,2,0.2,401.96,28.1372,0.08750000000000001,5,0
251,CA-2016-145625,111,230,109,43,2,89,7.61,1,0.0,7.61,3.5767,0.47000000000000003,6,0
252,CA-2016-145625,111,218,109,43,2,89,3347.37,13,0.0,3347.37,636.0003,0.19000000000000003,6,0
253,CA-2016-146941,112,231,108,181,3,24,80.58,6,0.0,80.58,22.5624,0.28,3,0
254,CA-2016-146941,112,232,108,181,3,24,361.92,4,0.0,361.92,162.864,0.45,3,0
255,US-2015-159982,113,225,110,785,2,37,12.132,9,0.6,30.33,-8.4924,-0.7000000000000001,6,1
256,US-2015-159982,113,233,110,785,2,37,82.368,2,0.2,102.96,-19.5624,-0.23750000000000002,6,0
257,US-2015-159982,113,147,110,785,2,37,53.92,5,0.2,67.39999999999999,4.044,0.07499999999999998,6,0
258,US-2015-159982,113,234,110,785,2,37,647.904,6,0.2,809.88,56.6916,0.08750000000000001,6,0
259,CA-2017-163139,114,235,97,735,1,30,20.37,3,0.0,20.37,6.9258,0.33999999999999997,2,0
260,CA-2017-163139,114,236,97,735,1,30,221.55,3,0.0,221.55,6.6465,0.029999999999999995,2,0
261,CA-2017-163139,114,237,97,735,1,30,17.52,5,0.2,21.9,6.132,0.35,2,0
262,US-2017-155299,115,238,111,493,2,90,1.624,2,0.8,8.120000000000003,-4.466,-2.75,4,1
263,US-2014-106992,116,156,112,159,1,67,3059.982,3,0.4,5099.97,-509.997,-0.16666666666666669,2,1
264,US-2014-106992,116,239,112,159,1,67,2519.958,7,0.4,4199.93,-251.9958,-0.09999999999999999,2,1
265,CA-2016-125318,117,240,113,901,2,27,328.224,4,0.2,410.28,28.7196,0.08750000000000001,7,0
266,CA-2015-155040,118,241,114,220,2,91,79.9,2,0.0,79.9,35.156,0.43999999999999995,5,0
267,CA-2017-136826,119,242,115,309,2,92,14.016,3,0.2,17.52,4.7304,0.3375,4,0
268,CA-2016-111010,39,243,116,1199,2,93,7.56,6,0.0,7.56,0.3024,0.04,6,0
269,US-2017-145366,120,244,35,1097,2,94,37.208,1,0.2,46.51,-7.4416,-0.2,4,0
270,US-2017-145366,120,245,35,1097,2,94,57.576,3,0.2,71.97,21.591,0.375,4,0
271,CA-2017-163979,121,246,117,1253,1,95,725.84,4,0.0,725.84,210.4936,0.29,5,0
272,CA-2015-155334,67,247,118,375,3,10,209.93,7,0.0,209.93,92.3692,0.44,1,0
273,CA-2015-155334,67,248,118,375,3,10,5.28,3,0.0,5.28,2.3232,0.43999999999999995,1,0
274,CA-2015-155334,67,249,118,375,3,10,10.92,3,0.2,13.649999999999999,4.095,0.375,1,0
275,CA-2017-118136,122,250,119,698,3,96,8.82,2,0.0,8.82,4.0572,0.45999999999999996,1,0
276,CA-2017-118136,122,251,119,698,3,96,5.98,1,0.0,5.98,1.5548,0.25999999999999995,1,0
277,CA-2017-132976,123,252,120,162,2,12,11.648,2,0.2,14.559999999999999,4.0768,0.35000000000000003,4,0
278,CA-2017-132976,123,253,120,162,2,12,18.176,4,0.2,22.719999999999995,5.9072,0.325,4,0
279,CA-2017-132976,123,254,120,162,2,12,59.712,6,0.2,74.64,5.9712,0.09999999999999999,4,0
280,CA-2017-132976,123,255,120,162,2,12,24.84,3,0.2,31.049999999999997,8.694,0.35000000000000003,4,0
281,US-2015-161991,57,256,121,695,1,33,2.08,5,0.8,10.400000000000002,-3.432,-1.65,2,1
282,US-2015-161991,57,257,121,695,1,33,1114.4,7,0.2,1393.0,376.11,0.33749999999999997,2,0
283,CA-2015-130890,124,258,122,377,2,26,1038.84,5,0.2,1298.5499999999997,51.942,0.05,4,0
284,CA-2015-130883,15,259,121,654,2,41,141.76,5,0.2,177.2,47.844,0.3375,6,0
285,CA-2015-130883,15,260,121,654,2,41,239.8,5,0.2,299.75,47.96,0.19999999999999998,6,0
286,CA-2015-130883,15,261,121,654,2,41,31.104,6,0.2,38.879999999999995,10.8864,0.35000000000000003,6,0
287,CA-2016-112697,125,262,123,888,1,97,254.058,7,0.7,846.8599999999999,-169.372,-0.6666666666666667,2,1
288,CA-2016-112697,125,167,123,888,1,97,194.528,2,0.2,243.15999999999997,24.316,0.125,2,0
289,CA-2016-112697,125,263,123,888,1,97,961.48,5,0.2,1201.85,-204.3145,-0.2125,2,0
290,CA-2016-110772,126,264,74,391,1,48,19.096,7,0.2,23.869999999999997,6.6836,0.35000000000000003,4,0
291,CA-2016-110772,126,265,74,391,1,48,18.496,8,0.2,23.119999999999997,6.2424,0.3375,4,0
292,CA-2016-110772,126,266,74,391,1,48,255.984,2,0.2,319.98,54.3966,0.2125,4,0
293,CA-2016-110772,126,267,74,391,1,48,86.97,3,0.5,173.94,-48.7032,-0.56,4,1
294,CA-2014-111451,127,268,59,130,3,98,300.416,8,0.2,375.52,78.8592,0.2625,2,0
295,CA-2014-111451,127,269,59,130,3,98,230.352,3,0.2,287.94,20.1558,0.0875,2,0
296,CA-2014-111451,127,270,59,130,3,98,218.352,3,0.2,272.94,-24.5646,-0.11249999999999999,2,0
297,CA-2014-111451,127,271,59,130,3,98,78.6,5,0.7,261.99999999999994,-62.88,-0.8,2,1
298,CA-2014-111451,127,272,59,130,3,98,27.552,3,0.2,34.44,9.2988,0.3375,2,0
299,CA-2016-142545,64,273,100,55,2,99,32.4,5,0.0,32.4,15.552,0.48,6,0
300,CA-2016-142545,64,274,100,55,2,99,1082.48,8,0.0,1082.48,10.8248,0.01,6,0
301,CA-2016-142545,64,275,100,55,2,99,56.91,3,0.0,56.91,27.3168,0.48000000000000004,6,0
302,CA-2016-142545,64,276,100,55,2,99,77.6,4,0.0,77.6,38.024,0.49000000000000005,6,0
303,CA-2016-142545,64,277,100,55,2,99,14.28,1,0.0,14.28,6.5688,0.4600000000000001,6,0
304,US-2017-152380,102,278,124,52,2,37,219.075,3,0.5,438.15,-131.445,-0.6,4,1
305,CA-2015-144253,128,279,125,1231,1,24,26.8,2,0.0,26.8,12.864,0.48000000000000004,5,0
306,CA-2014-130960,34,280,126,1039,2,100,9.84,3,0.0,9.84,2.8536,0.29000000000000004,5,0
307,CA-2014-111003,129,281,107,572,2,101,45.48,3,0.0,45.48,20.9208,0.46,5,0
308,CA-2014-111003,129,282,107,572,2,101,289.2,6,0.0,289.2,83.868,0.29,5,0
309,CA-2017-126774,130,283,5,828,3,102,4.89,1,0.0,4.89,2.0049,0.41000000000000003,2,0
310,CA-2016-142902,131,284,127,750,1,103,15.136,4,0.2,18.919999999999998,3.5948,0.23750000000000002,2,0
311,CA-2016-142902,131,285,127,750,1,103,466.768,2,0.2,583.4599999999999,52.5114,0.11250000000000002,2,0
312,CA-2016-142902,131,286,127,750,1,103,15.232,1,0.2,19.04,1.7136,0.1125,2,0
313,CA-2016-142902,131,287,127,750,1,103,6.264,3,0.2,7.83,2.0358,0.325,2,0
314,CA-2014-120887,132,288,128,463,2,104,87.54,3,0.0,87.54,37.6422,0.43,6,0
315,CA-2014-167850,133,289,129,560,2,105,178.384,2,0.2,222.97999999999996,22.298,0.125,7,0
316,CA-2014-167850,133,290,129,560,2,105,15.552,3,0.2,19.439999999999998,5.4432,0.35000000000000003,7,0
317,CA-2014-164259,134,291,130,126,3,106,99.136,4,0.2,123.91999999999999,8.6744,0.08750000000000001,2,0
318,CA-2014-164973,135,292,131,188,2,24,135.882,1,0.1,150.98,24.1568,0.17777777777777778,5,0
319,CA-2014-164973,135,293,131,188,2,24,3991.98,2,0.0,3991.98,1995.99,0.5,5,0
320,CA-2014-164973,135,41,131,188,2,24,275.94,6,0.0,275.94,80.0226,0.29,5,0
321,CA-2014-164973,135,294,131,188,2,24,360.0,4,0.0,360.0,129.6,0.36,5,0
322,CA-2014-164973,135,124,131,188,2,24,43.57,1,0.0,43.57,13.071,0.3,5,0
323,CA-2014-156601,136,295,112,147,2,107,7.16,2,0.0,7.16,3.58,0.5,5,0
324,CA-2016-162138,137,271,132,1254,2,108,251.52,6,0.2,314.4,81.744,0.325,4,0
325,CA-2016-162138,137,296,132,1254,2,108,99.99,1,0.0,99.99,34.9965,0.35,4,0
326,CA-2017-153339,138,297,133,61,1,109,15.992,1,0.2,19.99,0.9995,0.0625,2,0
327,US-2016-141544,139,298,134,143,3,106,290.898,3,0.4,484.83000000000004,-67.8762,-0.2333333333333333,2,1
328,US-2016-141544,139,299,134,143,3,106,54.224,2,0.2,67.77999999999999,3.389,0.0625,2,0
329,US-2016-141544,139,300,134,143,3,106,786.744,4,0.3,1123.92,-258.5016,-0.32857142857142857,2,1
330,US-2016-141544,139,301,134,143,3,106,100.24,10,0.2,125.29999999999998,33.831,0.3375,2,0
331,US-2016-141544,139,302,134,143,3,106,37.764,6,0.7,125.88,-27.6936,-0.7333333333333333,2,1
332,US-2016-150147,140,303,135,1255,1,64,82.8,2,0.4,138.0,-20.7,-0.25,4,1
333,US-2016-150147,140,304,135,1255,1,64,20.724,2,0.7,69.07999999999998,-13.816,-0.6666666666666667,4,1
334,US-2016-150147,140,305,135,1255,1,64,4.896,3,0.7,16.319999999999997,-3.4272,-0.7000000000000001,4,1
335,CA-2015-137946,141,306,136,407,1,63,4.752,1,0.2,5.9399999999999995,1.6038,0.33749999999999997,3,0
336,CA-2015-137946,141,307,136,407,1,63,959.984,2,0.2,1199.98,335.9944,0.35,3,0
337,CA-2015-137946,141,308,136,407,1,63,14.368,4,0.2,17.96,4.49,0.3125,3,0
338,CA-2014-129924,142,309,137,1256,2,35,7.712,2,0.2,9.639999999999999,2.7956,0.3625,5,0
339,CA-2014-129924,142,310,137,1256,2,35,698.352,3,0.2,872.9399999999999,-17.4588,-0.025,5,0
340,CA-2015-128167,108,311,138,154,1,110,4.96,4,0.0,4.96,2.3312,0.47,4,0
341,CA-2014-122336,64,312,139,1257,1,12,17.856,4,0.2,22.32,1.116,0.0625,4,0
342,CA-2014-122336,64,14,139,1257,1,12,509.97,10,0.7,1699.8999999999999,-407.976,-0.7999999999999999,4,1
343,CA-2014-122336,64,128,139,1257,1,12,30.992,13,0.2,38.74,10.0724,0.325,4,0
344,CA-2014-122336,64,313,139,1257,1,12,71.928,12,0.4,119.88,8.3916,0.11666666666666668,4,1
345,US-2015-120712,80,18,140,101,2,111,88.8,4,0.2,110.99999999999999,-2.22,-0.025,4,0
346,CA-2017-169901,143,126,141,250,2,35,47.976,3,0.2,59.97,4.7976,0.1,4,0
347,CA-2017-134306,144,184,142,1210,2,112,7.56,3,0.0,7.56,3.0996,0.41000000000000003,4,0
348,CA-2017-134306,144,34,142,1210,2,112,24.56,2,0.0,24.56,11.5432,0.47000000000000003,4,0
349,CA-2017-134306,144,314,142,1210,2,112,12.96,2,0.0,12.96,4.1472,0.31999999999999995,4,0
350,CA-2016-129714,145,235,143,324,3,30,6.79,1,0.0,6.79,2.3086,0.34,2,0
351,CA-2016-129714,145,315,143,324,3,30,24.56,2,0.0,24.56,11.5432,0.47000000000000003,2,0
352,CA-2016-129714,145,316,143,324,3,30,3.048,1,0.2,3.81,1.0668,0.35,2,0
353,CA-2016-129714,145,315,143,324,3,30,49.12,4,0.0,49.12,23.0864,0.47000000000000003,2,0
354,CA-2016-129714,145,317,143,324,3,30,4355.168,4,0.2,5443.959999999999,1415.4296,0.325,2,0
355,CA-2016-138520,146,318,144,1173,2,46,388.704,6,0.2,485.88,-4.8588,-0.012499999999999999,5,0
356,CA-2016-138520,146,319,144,1173,2,46,8.26,2,0.0,8.26,3.7996,0.46,5,0
357,CA-2016-138520,146,320,144,1173,2,46,17.04,4,0.0,17.04,6.9864,0.41000000000000003,5,0
358,CA-2016-138520,146,321,144,1173,2,46,34.4,5,0.0,34.4,15.824,0.46,5,0
359,CA-2016-130001,97,188,132,237,2,44,36.24,5,0.2,45.3,11.325,0.31249999999999994,5,0
360,CA-2017-155698,147,322,145,826,3,113,647.84,8,0.0,647.84,168.4384,0.26,3,0
361,CA-2017-155698,147,323,145,826,3,113,20.7,2,0.0,20.7,9.936,0.48000000000000004,3,0
362,CA-2017-144904,148,323,146,173,2,30,20.7,2,0.0,20.7,9.936,0.48000000000000004,6,0
363,CA-2017-144904,148,324,146,173,2,30,488.646,3,0.1,542.94,86.8704,0.17777777777777778,6,0
364,CA-2017-144904,148,325,146,173,2,30,5.56,2,0.0,5.56,1.4456,0.26,6,0
365,CA-2017-144904,148,326,146,173,2,30,47.12,8,0.0,47.12,20.7328,0.44000000000000006,6,0
366,CA-2014-123344,149,46,147,412,2,10,211.96,4,0.0,211.96,8.4784,0.04,5,0
367,CA-2016-155516,150,327,148,148,4,114,23.2,4,0.0,23.2,10.44,0.45,0,0
368,CA-2016-155516,150,328,148,148,4,114,7.36,2,0.0,7.36,0.1472,0.02,0,0
369,CA-2016-155516,150,329,148,148,4,114,104.79,7,0.0,104.79,29.3412,0.27999999999999997,0,0
370,CA-2016-155516,150,38,148,148,4,114,1043.92,4,0.0,1043.92,271.4192,0.25999999999999995,0,0
371,CA-2017-104745,151,330,149,401,2,115,25.92,5,0.2,32.4,9.396,0.3625,6,0
372,CA-2017-104745,151,331,149,401,2,115,53.424,3,0.2,66.78,4.6746,0.0875,6,0
373,US-2014-119137,152,305,150,924,2,116,8.16,5,0.7,27.199999999999996,-5.712,-0.7,4,1
374,US-2014-119137,152,332,150,924,2,116,1023.936,8,0.2,1279.92,179.1888,0.175,4,0
375,US-2014-119137,152,333,150,924,2,116,9.24,1,0.2,11.549999999999999,0.924,0.1,4,0
376,US-2014-119137,152,334,150,924,2,116,479.04,10,0.2,598.8,-29.94,-0.0625,4,0
377,US-2016-134656,153,335,151,394,3,117,99.136,4,0.2,123.91999999999999,30.98,0.3125,3,0
378,US-2017-134481,154,336,152,854,2,118,1488.424,7,0.3,2126.32,-297.6848,-0.2,5,1
379,CA-2015-130792,155,337,153,1241,2,15,8.652,3,0.8,43.260000000000005,-20.3322,-2.35,7,1
380,CA-2015-130792,155,338,153,1241,2,15,23.832,3,0.2,29.79,2.6811,0.11249999999999999,7,0
381,CA-2015-130792,155,339,153,1241,2,15,12.176,4,0.8,60.88000000000002,-18.8728,-1.55,7,1
382,CA-2016-134775,156,340,100,518,3,10,50.96,7,0.0,50.96,25.48,0.5,1,0
383,CA-2016-134775,156,341,100,518,3,10,49.536,3,0.2,61.92,17.3376,0.35,1,0
384,CA-2015-125395,157,342,154,686,1,100,41.9,2,0.0,41.9,8.799,0.21,3,0
385,US-2015-168935,158,343,155,1258,2,119,375.4575,3,0.45,682.6499999999999,-157.0095,-0.4181818181818182,5,1
386,US-2015-168935,158,344,155,1258,2,119,83.976,3,0.2,104.97,-1.0497,-0.0125,5,0
387,CA-2015-122756,159,345,156,215,2,12,482.34,4,0.7,1607.7999999999997,-337.638,-0.7,4,1
388,CA-2015-122756,159,346,156,215,2,12,2.96,1,0.2,3.6999999999999997,0.777,0.2625,4,0
389,CA-2014-115973,160,347,157,36,3,94,2.624,1,0.2,3.28,0.4264,0.1625,2,0
390,CA-2017-101798,161,348,158,935,2,30,23.36,4,0.2,29.2,7.884,0.3375,4,0
391,CA-2017-101798,161,85,158,935,2,30,39.98,2,0.0,39.98,13.5932,0.34,4,0
392,US-2014-135972,162,349,159,866,1,120,246.384,2,0.2,307.97999999999996,27.7182,0.1125,2,0
393,US-2014-135972,162,350,159,866,1,120,1799.97,3,0.0,1799.97,701.9883,0.38999999999999996,2,0
394,US-2014-134971,163,351,160,1227,1,121,12.462,3,0.8,62.31000000000001,-20.5623,-1.6500000000000001,3,1
395,CA-2017-102946,164,352,161,958,2,122,75.792,3,0.2,94.74,25.5798,0.33749999999999997,5,0
396,CA-2017-165603,165,353,162,16,1,123,49.96,2,0.0,49.96,9.4924,0.19,2,0
397,CA-2017-165603,165,354,162,16,1,123,12.96,2,0.0,12.96,6.2208,0.4799999999999999,2,0
398,CA-2015-122259,7,355,90,1259,2,31,70.12,4,0.0,70.12,21.036,0.3,4,0
399,CA-2016-108987,166,356,163,546,1,67,35.952,3,0.2,44.94,3.5952,0.1,2,0
400,CA-2016-108987,166,27,163,546,1,67,2396.2656,4,0.32,3523.9200000000005,-317.1528,-0.1323529411764706,2,1
401,CA-2016-108987,166,357,163,546,1,67,131.136,4,0.2,163.92,-32.784,-0.25,2,0
402,CA-2016-108987,166,358,163,546,1,67,57.584,2,0.2,71.98,0.7198,0.012499999999999999,2,0
403,CA-2014-113166,167,359,164,59,3,124,9.568,2,0.2,11.959999999999999,3.4684,0.3625,2,0
404,CA-2014-155208,71,360,165,1018,2,125,39.072,6,0.2,48.84,9.768,0.25,4,0
405,CA-2017-117933,168,361,166,615,2,24,35.91,3,0.0,35.91,9.6957,0.27,5,0
406,CA-2017-117457,169,358,167,1260,2,95,179.95,5,0.0,179.95,37.7895,0.21,4,0
407,CA-2017-117457,169,362,167,1260,2,95,1199.976,3,0.2,1499.97,434.9913,0.3625,4,0
408,CA-2017-117457,169,363,167,1260,2,95,27.15,5,0.0,27.15,13.3035,0.49,4,0
409,CA-2017-117457,169,364,167,1260,2,95,1004.024,7,0.2,1255.03,-112.9527,-0.11249999999999999,4,0
410,CA-2017-117457,169,365,167,1260,2,95,9.68,1,0.0,9.68,4.6464,0.48,4,0
411,CA-2017-117457,169,366,167,1260,2,95,28.35,9,0.0,28.35,13.608,0.48,4,0
412,CA-2017-117457,169,315,167,1260,2,95,55.98,1,0.0,55.98,27.4302,0.49,4,0
413,CA-2017-117457,169,367,167,1260,2,95,1336.829,13,0.15,1572.74,31.4548,0.023529411764705882,4,0
414,CA-2017-117457,169,368,167,1260,2,95,113.568,2,0.2,141.95999999999998,-18.4548,-0.1625,4,0
415,CA-2017-142636,170,369,133,660,2,60,139.86,7,0.0,139.86,65.7342,0.47,4,0
416,CA-2017-142636,170,269,133,660,2,60,307.136,4,0.2,383.92,26.8744,0.0875,4,0
417,CA-2017-122105,171,370,93,1261,2,126,95.92,8,0.0,95.92,25.8984,0.26999999999999996,4,0
418,CA-2016-148796,172,371,168,725,2,26,383.8,5,0.2,479.75,38.38,0.1,4,0
419,CA-2017-154816,147,372,45,469,2,127,5.78,1,0.0,5.78,2.8322,0.48999999999999994,4,0
420,CA-2017-110478,134,373,169,632,2,63,9.32,4,0.0,9.32,2.7028,0.29,5,0
421,CA-2017-110478,134,374,169,632,2,63,15.25,1,0.0,15.25,7.015,0.45999999999999996,5,0
422,CA-2014-142048,33,375,170,403,3,128,196.752,6,0.2,245.94,56.5662,0.2875,3,0
423,CA-2017-125388,173,376,16,437,2,129,56.56,4,0.0,56.56,14.7056,0.26,4,0
424,CA-2017-125388,173,377,16,437,2,129,32.7,3,0.0,32.7,8.502,0.26,4,0
425,CA-2017-155705,174,378,171,963,1,130,866.4,4,0.0,866.4,225.264,0.26,2,0
426,CA-2017-149160,26,379,52,201,1,131,28.4,2,0.0,28.4,11.076,0.39,3,0
427,CA-2017-149160,26,380,52,201,1,131,287.92,8,0.0,287.92,138.2016,0.48000000000000004,3,0
428,CA-2014-101476,175,381,172,104,3,132,69.99,1,0.0,69.99,30.0957,0.43000000000000005,1,0
429,CA-2017-152275,176,382,173,1049,2,66,6.672,6,0.2,8.34,0.5004,0.075,7,0
430,US-2016-123750,177,383,174,439,2,133,189.588,2,0.7,631.9599999999999,-145.3508,-0.7666666666666666,6,1
431,US-2016-123750,177,172,174,439,2,133,408.744,7,0.2,510.93,76.6395,0.18749999999999997,6,0
432,US-2016-123750,177,172,174,439,2,133,291.96,5,0.2,364.94999999999993,54.7425,0.1875,6,0
433,US-2016-123750,177,384,174,439,2,133,4.768,2,0.2,5.959999999999999,-0.7748,-0.1625,6,0
434,CA-2016-127369,73,385,113,844,3,112,714.3,5,0.0,714.3,207.147,0.29,1,0
435,US-2014-150574,178,386,175,1262,2,134,4.812,2,0.7,16.04,-3.6892,-0.7666666666666666,6,1
436,US-2014-150574,178,387,175,1262,2,134,247.8,5,0.2,309.75,-18.585,-0.075,6,0
437,CA-2016-147375,179,388,2,404,1,37,1007.979,3,0.3,1439.9700000000003,43.1991,0.04285714285714286,2,1
438,CA-2016-147375,179,315,2,404,1,37,313.488,7,0.2,391.85999999999996,113.6394,0.3625,2,0
439,CA-2017-130043,180,389,176,21,2,33,31.872,8,0.2,39.839999999999996,11.5536,0.3625,4,0
440,CA-2017-157252,52,390,177,206,1,24,207.846,3,0.1,230.94,2.3094,0.011111111111111112,3,0
441,CA-2016-115756,8,391,65,1244,1,84,12.22,1,0.0,12.22,3.666,0.3,2,0
442,CA-2016-115756,8,392,65,1244,1,84,194.94,3,0.0,194.94,23.3928,0.12000000000000001,2,0
443,CA-2016-115756,8,393,65,1244,1,84,70.95,3,0.0,70.95,20.5755,0.29000000000000004,2,0
444,CA-2016-115756,8,394,65,1244,1,84,91.36,4,0.0,91.36,42.0256,0.45999999999999996,2,0
445,CA-2016-115756,8,395,65,1244,1,84,242.94,3,0.0,242.94,29.1528,0.12,2,0
446,CA-2016-115756,8,396,65,1244,1,84,22.05,7,0.0,22.05,10.584,0.48,2,0
447,CA-2017-154214,181,397,178,614,1,135,2.91,1,0.0,2.91,1.3677,0.47,5,0
448,CA-2016-166674,182,398,179,1016,1,136,59.52,3,0.0,59.52,15.4752,0.25999999999999995,2,0
449,CA-2016-166674,182,399,179,1016,1,136,161.94,3,0.0,161.94,9.7164,0.060000000000000005,2,0
450,CA-2016-166674,182,400,179,1016,1,136,263.88,6,0.0,263.88,71.2476,0.27,2,0
451,CA-2016-166674,182,401,179,1016,1,136,30.48,3,0.0,30.48,7.9248,0.26,2,0
452,CA-2016-166674,182,402,179,1016,1,136,9.84,3,0.0,9.84,2.8536,0.29000000000000004,2,0
453,CA-2016-166674,182,403,179,1016,1,136,35.12,4,0.0,35.12,9.1312,0.26,2,0
454,CA-2017-147277,183,11,180,1201,2,76,284.364,2,0.4,473.94,-75.8304,-0.26666666666666666,4,1
455,CA-2017-147277,183,404,180,1201,2,76,665.408,2,0.2,831.76,66.5408,0.1,4,0
456,CA-2016-100153,176,405,181,908,2,137,63.88,4,0.0,63.88,24.9132,0.38999999999999996,4,0
457,US-2014-110674,184,406,182,1088,2,138,129.568,2,0.2,161.96,-24.294,-0.1875,6,0
458,US-2016-157945,174,407,183,394,2,68,747.558,3,0.3,1067.94,-96.1146,-0.12857142857142856,5,1
459,US-2016-157945,174,408,183,394,2,68,8.928,2,0.2,11.16,3.348,0.37499999999999994,5,0
460,CA-2015-109638,99,409,84,938,2,61,103.92,4,0.0,103.92,36.372,0.35,7,0
461,CA-2015-109638,99,410,84,938,2,61,899.91,9,0.0,899.91,377.9622,0.42,7,0
462,CA-2015-109638,99,411,84,938,2,61,51.312,3,0.2,64.13999999999999,18.6006,0.36250000000000004,7,0
463,CA-2016-109869,185,326,184,1255,2,52,23.56,5,0.2,29.449999999999996,7.068,0.3,7,0
464,CA-2016-109869,185,412,184,1255,2,52,1272.63,6,0.5,2545.26,-814.4832,-0.6399999999999999,7,1
465,CA-2016-109869,185,413,184,1255,2,52,28.485,5,0.7,94.94999999999999,-20.889,-0.7333333333333333,7,1
466,CA-2016-109869,185,414,184,1255,2,52,185.376,2,0.2,231.72,-34.758,-0.1875,7,0
467,CA-2016-109869,185,415,184,1255,2,52,78.272,2,0.2,97.84,5.8704,0.075,7,0
468,US-2015-101399,186,270,185,1176,2,139,254.744,7,0.6,636.86,-312.0614,-1.2249999999999999,7,1
469,CA-2017-154907,104,416,186,1096,2,140,205.3328,2,0.32,301.96000000000004,-36.2352,-0.17647058823529413,4,1
470,US-2016-100419,114,417,187,888,1,27,4.788,3,0.8,23.940000000000005,-7.9002,-1.65,4,1
471,CA-2015-154144,187,418,140,101,2,141,55.48,1,0.0,55.48,26.6304,0.48000000000000004,4,0
472,CA-2014-144666,188,419,188,8,1,95,340.92,3,0.0,340.92,3.4092,0.009999999999999998,2,0
473,CA-2014-144666,188,420,188,8,1,95,222.666,2,0.15,261.96,10.4784,0.04705882352941177,2,0
474,CA-2014-144666,188,421,188,8,1,95,703.968,4,0.2,879.9599999999999,87.996,0.125,2,0
475,CA-2014-144666,188,422,188,8,1,95,92.52,6,0.0,92.52,24.9804,0.27,2,0
476,CA-2014-144666,188,423,188,8,1,95,62.65,7,0.0,62.65,28.819,0.46,2,0
477,CA-2014-144666,188,424,188,8,1,95,94.85,5,0.0,94.85,45.528,0.48000000000000004,2,0
478,CA-2016-103891,121,425,189,1081,2,142,95.76,6,0.2,119.7,7.182,0.075,7,0
479,CA-2016-152632,189,279,190,1263,2,25,40.2,3,0.0,40.2,19.296,0.4799999999999999,6,0
480,CA-2016-100790,190,426,191,416,2,24,14.7,5,0.0,14.7,6.615,0.45,6,0
481,CA-2016-100790,190,427,191,416,2,24,704.25,5,0.0,704.25,84.51,0.12000000000000001,6,0
482,CA-2014-134677,191,428,192,983,2,143,9.09,3,0.0,9.09,1.9089,0.21000000000000002,4,0
483,CA-2014-127691,192,80,193,924,2,24,5.96,2,0.0,5.96,1.6688,0.28,5,0
484,CA-2014-127691,192,429,193,924,2,24,159.98,2,0.0,159.98,57.5928,0.36,5,0
485,CA-2017-140963,193,430,194,488,3,63,29.6,2,0.0,29.6,14.8,0.5,3,0
486,CA-2017-140963,193,431,194,488,3,63,514.165,5,0.15,604.9,-30.245,-0.05882352941176471,3,0
487,CA-2017-140963,193,432,194,488,3,63,279.96,5,0.2,349.94999999999993,17.4975,0.0625,3,0
488,CA-2014-154627,194,433,195,657,3,27,2735.952,6,0.2,3419.94,341.994,0.125,2,0
489,CA-2014-133753,195,434,4,605,1,144,7.992,1,0.2,9.99,0.5994,0.07500000000000001,4,0
490,CA-2014-133753,195,435,4,605,1,144,63.984,2,0.2,79.98,10.3974,0.16249999999999998,4,0
491,CA-2014-133753,195,400,4,605,1,144,70.368,2,0.2,87.96,6.1572,0.0875,4,0
492,CA-2014-113362,196,436,81,112,2,145,449.15,5,0.0,449.15,8.983,0.020000000000000004,5,0
493,CA-2014-113362,196,437,81,112,2,145,11.07,3,0.0,11.07,5.0922,0.46,5,0
494,CA-2016-169166,197,438,196,676,2,61,93.98,2,0.0,93.98,13.1572,0.13999999999999999,5,0
495,US-2016-120929,198,439,197,845,1,32,189.882,3,0.4,316.47,-94.941,-0.5,3,1
496,CA-2015-134782,199,440,18,621,2,146,105.42,2,0.0,105.42,51.6558,0.49,4,0
497,CA-2016-126158,184,441,198,996,2,147,119.616,8,0.2,149.51999999999998,40.3704,0.33749999999999997,6,0
498,CA-2016-126158,184,442,198,996,2,147,255.76,4,0.0,255.76,81.8432,0.32,6,0
499,CA-2016-126158,184,292,198,996,2,147,241.568,2,0.2,301.96,18.1176,0.075,6,0
500,CA-2016-126158,184,443,198,996,2,147,69.3,9,0.0,69.3,22.869,0.33,6,0
501,US-2016-105578,200,444,199,31,2,148,22.62,2,0.7,75.39999999999999,-15.08,-0.6666666666666666,5,1
502,US-2016-105578,200,445,199,31,2,148,14.952,2,0.7,49.83999999999999,-11.9616,-0.8,5,1
503,US-2016-105578,200,446,199,31,2,148,801.568,2,0.2,1001.9599999999999,50.098,0.0625,5,0
504,US-2016-105578,200,447,199,31,2,148,2.376,3,0.7,7.919999999999998,-1.9008,-0.8,5,1
505,US-2016-105578,200,448,199,31,2,148,32.792,1,0.2,40.99,11.8871,0.3625,5,0
506,CA-2017-134978,183,123,106,941,1,24,15.92,5,0.2,19.9,5.373,0.3375,3,0
507,CA-2015-145352,201,449,200,205,2,149,2.74,1,0.0,2.74,0.7398,0.26999999999999996,6,0
508,CA-2015-145352,201,450,200,205,2,149,8.34,3,0.0,8.34,2.1684,0.26,6,0
509,CA-2015-145352,201,231,200,205,2,149,46.74,3,0.0,46.74,11.685,0.25,6,0
510,CA-2015-145352,201,451,200,205,2,149,6354.95,5,0.0,6354.95,3177.475,0.5,6,0
511,CA-2017-135307,202,452,201,345,3,150,126.3,3,0.0,126.3,40.416,0.32,1,0
512,CA-2017-135307,202,453,201,345,3,150,38.04,2,0.0,38.04,12.1728,0.32,1,0
513,CA-2016-106341,167,80,202,249,3,56,7.152,3,0.2,8.94,0.7152,0.09999999999999999,3,0
514,CA-2017-163405,203,454,203,54,2,14,6.63,3,0.0,6.63,1.7901,0.27,4,0
515,CA-2017-163405,203,455,203,54,2,14,5.88,2,0.0,5.88,1.7052,0.29000000000000004,4,0
516,CA-2017-127432,58,456,204,679,2,151,2999.95,5,0.0,2999.95,1379.977,0.4600000000000001,5,0
517,CA-2017-127432,58,457,204,679,2,151,51.45,3,0.0,51.45,13.8915,0.27,5,0
518,CA-2017-127432,58,458,204,679,2,151,11.96,2,0.0,11.96,5.382,0.44999999999999996,5,0
519,CA-2017-127432,58,459,204,679,2,151,1126.02,3,0.0,1126.02,56.301,0.05,5,0
520,CA-2015-157812,204,44,205,515,2,17,18.392,1,0.2,22.99,5.2877,0.28750000000000003,4,0
521,CA-2015-157812,204,460,205,515,2,17,129.568,2,0.2,161.96,-25.9136,-0.19999999999999998,4,0
522,CA-2015-157812,204,461,205,515,2,17,14.112,9,0.8,70.56000000000002,-21.168,-1.5,4,1
523,CA-2017-145142,205,439,206,1264,3,152,210.98,2,0.0,210.98,21.098,0.1,2,0
524,US-2016-139486,110,462,207,455,3,4,55.176,3,0.2,68.97,-12.4146,-0.225,2,0
525,US-2016-139486,110,218,207,455,3,4,66.26,2,0.0,66.26,27.1666,0.41,2,0
526,CA-2015-158792,206,463,208,1007,2,129,22.2,5,0.0,22.2,10.434,0.47,7,0
527,CA-2017-113558,207,464,209,41,2,153,683.952,3,0.2,854.9399999999999,42.747,0.0625,5,0
528,CA-2017-113558,207,286,209,41,2,153,45.696,3,0.2,57.12,5.1408,0.1125,5,0
529,US-2015-138303,208,465,38,68,2,64,36.336,3,0.2,45.419999999999995,-7.2672,-0.2,4,0
530,US-2015-138303,208,466,38,68,2,64,666.248,1,0.2,832.8100000000001,-149.9058,-0.22499999999999998,4,0
531,US-2015-138303,208,467,38,68,2,64,52.512,6,0.2,65.64,19.692,0.375,4,0
532,CA-2015-102848,209,468,210,530,1,2,190.72,1,0.2,238.39999999999998,11.92,0.0625,2,0
533,US-2017-129441,210,469,211,221,2,4,47.94,3,0.0,47.94,2.397,0.049999999999999996,4,0
534,CA-2016-168753,211,470,212,1265,1,154,979.95,5,0.0,979.95,274.386,0.28,3,0
535,CA-2016-168753,211,249,212,1265,1,154,22.75,5,0.0,22.75,11.375,0.5,3,0
536,CA-2016-126613,212,471,213,88,2,155,16.768,2,0.2,20.96,1.4672,0.0875,6,0
537,US-2017-122637,213,472,214,566,1,156,42.616,7,0.8,213.08000000000004,-68.1856,-1.5999999999999999,5,1
538,CA-2015-147851,89,473,156,576,2,30,10.752,4,0.2,13.44,3.36,0.31249999999999994,5,0
539,CA-2015-134894,214,474,215,556,2,1,152.94,3,0.0,152.94,41.2938,0.26999999999999996,4,0
540,CA-2015-134894,214,475,215,556,2,1,283.92,4,0.0,283.92,70.98,0.25,4,0
541,CA-2014-140795,215,476,216,512,3,157,468.9,6,0.0,468.9,206.316,0.44,2,0
542,CA-2016-136924,21,477,217,20,3,116,380.864,8,0.2,476.0799999999999,38.0864,0.1,3,0
543,US-2015-120161,216,436,218,707,2,158,646.776,9,0.2,808.4699999999999,-145.5246,-0.225,5,0
544,CA-2014-103849,39,478,219,1175,2,7,58.112,2,0.2,72.64,7.264,0.125,5,0
545,CA-2014-103849,39,479,219,1175,2,7,100.792,1,0.2,125.99,6.2995,0.0625,5,0
546,CA-2014-103849,39,480,219,1175,2,7,66.112,4,0.6,165.27999999999997,-84.2928,-1.2750000000000001,5,1
547,CA-2017-162929,217,481,124,904,3,46,41.28,6,0.2,51.6,13.932,0.3375,3,0
548,CA-2017-162929,217,482,124,904,3,46,13.36,2,0.0,13.36,6.4128,0.48,3,0
549,CA-2015-113173,159,55,220,973,1,156,250.272,9,0.2,312.84,15.642,0.0625,2,0
550,CA-2015-113173,159,93,220,973,1,156,11.364,3,0.8,56.820000000000014,-17.046,-1.4999999999999998,2,1
551,CA-2015-113173,159,483,220,973,1,156,8.72,5,0.2,10.9,-1.744,-0.19999999999999998,2,0
552,CA-2016-136406,218,484,174,765,1,95,1121.568,2,0.2,1401.9599999999998,0.0,0.0,2,0
553,CA-2017-112774,54,485,221,511,3,134,34.504,1,0.2,43.129999999999995,6.0382,0.17500000000000002,1,0
554,CA-2017-101945,219,486,222,355,2,33,10.824,3,0.2,13.53,2.5707,0.2375,4,0
555,CA-2017-100650,159,487,223,446,1,159,1295.78,2,0.0,1295.78,310.9872,0.24,4,0
556,CA-2014-155852,220,488,224,1010,1,125,19.456,4,0.2,24.319999999999997,3.4048,0.175,4,0
557,CA-2016-113243,221,489,225,1086,2,63,20.7,2,0.0,20.7,9.936,0.48000000000000004,5,0
558,CA-2016-113243,221,490,225,1086,2,63,1335.68,4,0.2,1669.6,-217.048,-0.1625,5,0
559,CA-2016-113243,221,491,225,1086,2,63,32.4,5,0.0,32.4,15.552,0.48,5,0
560,CA-2017-118731,222,379,226,904,1,95,42.6,3,0.0,42.6,16.614,0.39,2,0
561,CA-2017-118731,222,492,226,904,1,95,84.056,7,0.2,105.07,27.3182,0.325,2,0
562,CA-2014-145576,223,493,81,1266,1,86,13.0,5,0.2,16.25,1.3,0.1,4,0
563,CA-2014-145576,223,494,81,1266,1,86,13.128,3,0.2,16.41,3.7743,0.28750000000000003,4,0
564,CA-2015-130736,224,495,215,365,3,60,3.96,2,0.0,3.96,0.0,0.0,2,0
565,CA-2015-130736,224,287,215,365,3,60,2.61,1,0.0,2.61,1.2006,0.45999999999999996,2,0
566,CA-2017-137099,225,496,227,390,3,142,374.376,3,0.2,467.96999999999997,46.797,0.125,3,0
567,CA-2017-156951,226,497,173,1049,2,60,91.84,8,0.0,91.84,45.0016,0.49,7,0
568,CA-2017-156951,226,498,173,1049,2,60,81.088,7,0.2,101.35999999999999,27.3672,0.3375,7,0
569,CA-2017-156951,226,499,173,1049,2,60,19.44,3,0.0,19.44,9.3312,0.48000000000000004,7,0
570,CA-2017-156951,226,500,173,1049,2,60,451.152,3,0.2,563.9399999999999,0.0,0.0,7,0
571,CA-2017-164826,227,489,117,1267,2,24,72.45,7,0.0,72.45,34.776,0.48000000000000004,7,0
572,CA-2017-164826,227,204,117,1267,2,24,13.96,4,0.0,13.96,6.4216,0.45999999999999996,7,0
573,CA-2017-164826,227,306,117,1267,2,24,33.264,7,0.2,41.58,11.2266,0.33749999999999997,7,0
574,CA-2017-164826,227,501,117,1267,2,24,14.85,3,0.0,14.85,4.0095,0.27,7,0
575,CA-2016-127250,228,502,55,78,2,160,8.82,3,0.0,8.82,2.3814,0.27,4,0
576,CA-2015-149713,229,497,228,358,1,107,160.72,14,0.0,160.72,78.7528,0.48999999999999994,4,0
577,CA-2015-149713,229,503,228,358,1,107,19.92,4,0.0,19.92,9.7608,0.48999999999999994,4,0
578,CA-2015-149713,229,504,228,358,1,107,7.3,2,0.0,7.3,2.19,0.3,4,0
579,CA-2017-118640,230,124,229,1190,2,27,69.712,2,0.2,87.14,8.714,0.125,6,0
580,CA-2017-118640,230,505,229,1190,2,27,8.792,1,0.6,21.979999999999997,-5.7148,-0.65,6,1
581,CA-2015-132906,231,506,230,472,2,26,51.52,4,0.0,51.52,1.5456,0.03,4,0
582,CA-2017-145233,232,35,97,257,2,77,470.376,3,0.2,587.9699999999999,52.9173,0.1125,4,0
583,CA-2017-145233,232,507,97,257,2,77,105.584,2,0.2,131.98,9.2386,0.0875,4,0
584,CA-2017-145233,232,96,97,257,2,77,31.152,3,0.2,38.94,3.5046,0.11249999999999999,4,0
585,CA-2017-145233,232,508,97,257,2,77,6.783,7,0.7,22.61,-4.7481,-0.7,4,1
586,CA-2017-145233,232,144,97,257,2,77,406.368,4,0.2,507.96,30.4776,0.075,4,0
587,CA-2015-128139,233,368,231,585,2,127,70.98,1,0.0,70.98,4.9686,0.07,6,0
588,CA-2015-128139,233,509,231,585,2,127,294.93,3,0.0,294.93,144.5157,0.49000000000000005,6,0
589,US-2016-156986,234,510,232,831,2,161,84.784,2,0.2,105.98,-20.1362,-0.23749999999999996,4,0
590,US-2016-156986,234,511,232,831,2,161,20.736,4,0.2,25.919999999999998,7.2576,0.35,4,0
591,US-2016-156986,234,441,232,831,2,161,16.821,3,0.7,56.06999999999999,-12.8961,-0.7666666666666666,4,1
592,US-2016-156986,234,512,232,831,2,161,10.368,2,0.2,12.959999999999999,3.6288,0.35,4,0
593,CA-2014-135405,235,513,233,287,2,162,9.344,2,0.2,11.679999999999998,1.168,0.125,4,0
594,CA-2014-135405,235,198,233,287,2,162,31.2,3,0.2,39.0,9.75,0.3125,4,0
595,CA-2014-131450,236,514,234,861,2,143,76.12,2,0.0,76.12,22.0748,0.29,7,0
596,CA-2014-131450,236,362,234,861,2,143,1199.976,3,0.2,1499.97,434.9913,0.3625,7,0
597,CA-2014-131450,236,289,234,861,2,143,445.96,5,0.2,557.4499999999999,55.745,0.125,7,0
598,CA-2014-131450,236,515,234,861,2,143,327.76,8,0.0,327.76,91.7728,0.28,7,0
599,CA-2016-120180,237,516,217,88,3,64,11.632,2,0.2,14.54,1.0178,0.08750000000000001,2,0
600,US-2016-100720,238,517,88,659,2,75,143.982,3,0.4,239.97,-28.7964,-0.19999999999999998,5,1
601,US-2016-100720,238,518,88,659,2,75,494.376,4,0.4,823.96,-115.3544,-0.23333333333333334,5,1
602,US-2016-100720,238,504,88,659,2,75,5.84,2,0.2,7.3,0.73,0.125,5,0
603,CA-2014-149958,239,519,235,1094,2,86,142.776,1,0.2,178.47,17.847,0.125,4,0
604,CA-2014-149958,239,286,235,1094,2,86,45.696,3,0.2,57.12,5.1408,0.1125,4,0
605,CA-2014-149958,239,386,235,1094,2,86,7.218,3,0.7,24.059999999999995,-5.5338,-0.7666666666666667,4,1
606,CA-2014-149958,239,380,235,1094,2,86,43.188,4,0.7,143.95999999999998,-31.6712,-0.7333333333333333,4,1
607,CA-2014-149958,239,520,235,1094,2,86,131.904,3,0.2,164.88,47.8152,0.3625,4,0
608,US-2014-105767,240,521,236,280,2,64,3.282,2,0.7,10.939999999999998,-2.6256,-0.7999999999999999,4,1
609,US-2014-105767,240,455,236,280,2,64,21.168,9,0.2,26.459999999999997,2.3814,0.11250000000000002,4,0
610,US-2014-105767,240,522,236,280,2,64,55.188,2,0.4,91.98,-10.1178,-0.18333333333333335,4,1
611,CA-2016-161816,241,349,237,767,3,163,369.576,3,0.2,461.97,41.5773,0.1125,3,0
612,CA-2016-161816,241,523,237,767,3,163,15.712,4,0.2,19.639999999999997,5.6956,0.3625,3,0
613,CA-2016-121223,242,524,109,1161,1,106,8.448,2,0.2,10.56,2.64,0.3125,2,0
614,CA-2016-121223,242,525,109,1161,1,106,728.946,9,0.4,1214.91,-157.9383,-0.21666666666666665,2,1
615,CA-2017-138611,243,223,238,702,1,164,119.94,10,0.4,199.9,15.992,0.13333333333333333,3,1
616,CA-2017-138611,243,526,238,702,1,164,3.648,2,0.7,12.159999999999998,-2.7968,-0.7666666666666667,3,1
617,CA-2017-117947,244,527,239,963,1,165,40.48,2,0.0,40.48,15.7872,0.39,5,0
618,CA-2017-117947,244,528,239,963,1,165,9.94,2,0.0,9.94,3.0814,0.31,5,0
619,CA-2017-117947,244,529,239,963,1,165,107.424,9,0.2,134.28,33.57,0.3125,5,0
620,CA-2017-117947,244,530,239,963,1,165,37.91,1,0.0,37.91,10.9939,0.29000000000000004,5,0
621,CA-2017-117947,244,139,239,963,1,165,88.02,3,0.0,88.02,27.2862,0.31,5,0
622,US-2014-111171,245,531,59,521,2,27,8.69,5,0.8,43.45000000000001,-14.773,-1.7,5,1
623,CA-2015-138009,246,532,240,156,2,166,301.96,2,0.0,301.96,87.5684,0.29000000000000004,4,0
624,CA-2015-138009,246,533,240,156,2,166,555.21,5,0.1,616.9,178.901,0.32222222222222224,4,0
625,CA-2015-138009,246,534,240,156,2,166,523.48,4,0.0,523.48,130.87,0.25,4,0
626,CA-2015-138009,246,31,240,156,2,166,161.82,9,0.0,161.82,46.9278,0.29,4,0
627,CA-2017-163020,247,535,176,21,2,30,35.56,7,0.0,35.56,12.0904,0.34,4,0
628,CA-2017-153787,248,536,241,980,2,61,97.16,2,0.0,97.16,28.1764,0.29000000000000004,4,0
629,CA-2017-133431,96,537,95,203,2,35,15.24,5,0.2,19.05,5.1435,0.3375,4,0
630,CA-2017-133431,96,250,95,203,2,35,13.23,3,0.0,13.23,6.0858,0.45999999999999996,4,0
631,US-2016-135720,249,538,26,181,1,43,243.384,3,0.2,304.22999999999996,-51.7191,-0.2125,2,0
632,US-2016-135720,249,539,26,181,1,43,119.8,5,0.2,149.75,29.95,0.25,2,0
633,US-2016-135720,249,540,26,181,1,43,300.768,4,0.2,375.9599999999999,30.0768,0.1,2,0
634,CA-2017-144694,206,541,242,987,1,124,17.88,3,0.2,22.349999999999998,2.4585,0.1375,2,0
635,CA-2017-144694,206,509,242,987,1,124,235.944,3,0.2,294.92999999999995,85.5297,0.36250000000000004,2,0
636,CA-2015-168004,250,542,243,331,1,167,392.94,3,0.0,392.94,43.2234,0.11,5,0
637,US-2016-123470,251,543,244,1037,2,43,18.882,3,0.7,62.94,-13.8468,-0.7333333333333333,6,1
638,US-2016-123470,251,544,244,1037,2,43,122.328,3,0.2,152.91,12.2328,0.09999999999999999,6,0
639,CA-2016-115917,47,221,245,823,2,168,1049.2,5,0.0,1049.2,272.792,0.25999999999999995,5,0
640,CA-2016-115917,47,545,245,823,2,168,15.424,4,0.2,19.279999999999998,5.0128,0.325,5,0
641,CA-2016-147067,252,546,123,597,2,40,18.84,3,0.0,18.84,6.0288,0.32,4,0
642,CA-2017-167913,253,547,246,647,1,169,330.4,2,0.0,330.4,85.904,0.26,4,0
643,CA-2017-167913,253,548,246,647,1,169,26.25,7,0.0,26.25,12.6,0.48,4,0
644,CA-2017-106103,254,218,194,141,2,170,132.52,4,0.0,132.52,54.3332,0.41,5,0
645,US-2017-127719,70,549,247,801,2,171,6.48,1,0.0,6.48,3.1752,0.48999999999999994,4,0
646,CA-2017-126221,255,550,248,1268,2,135,209.3,2,0.0,209.3,56.511,0.27,6,0
647,CA-2016-103947,122,551,179,144,2,172,31.56,5,0.2,39.449999999999996,9.8625,0.31250000000000006,7,0
648,CA-2016-103947,122,552,179,144,2,172,30.144,2,0.2,37.67999999999999,3.0144,0.1,7,0
649,CA-2016-160745,256,346,26,187,1,173,14.8,4,0.0,14.8,6.068,0.41,5,0
650,CA-2016-160745,256,173,26,187,1,173,302.376,3,0.2,377.96999999999997,22.6782,0.07500000000000001,5,0
651,CA-2016-160745,256,553,26,187,1,173,316.0,4,0.0,316.0,31.6,0.1,5,0
652,CA-2016-132661,257,68,249,518,2,24,379.4,10,0.0,379.4,178.318,0.4700000000000001,6,0
653,CA-2017-140844,154,63,250,1269,2,46,97.82,2,0.0,97.82,45.9754,0.47000000000000003,4,0
654,CA-2017-140844,154,554,250,1269,2,46,103.12,8,0.0,103.12,10.312,0.09999999999999999,4,0
655,CA-2016-137239,258,555,251,771,2,48,113.552,2,0.2,141.94,8.5164,0.075,6,0
656,CA-2016-137239,258,556,251,771,2,48,3.318,2,0.7,11.059999999999999,-2.6544,-0.7999999999999999,6,1
657,CA-2016-137239,258,557,251,771,2,48,134.288,2,0.2,167.86,45.3222,0.33749999999999997,6,0
658,US-2016-156097,259,446,252,252,4,174,701.372,2,0.3,1001.96,-50.098,-0.07142857142857142,0,1
659,US-2016-156097,259,69,252,252,4,174,2.308,2,0.8,11.540000000000001,-3.462,-1.5000000000000002,0,1
660,CA-2015-146563,91,519,253,835,2,175,999.432,7,0.2,1249.29,124.929,0.125,4,0
661,CA-2015-146563,91,558,253,835,2,175,724.08,14,0.2,905.1,-135.765,-0.18749999999999997,4,0
662,CA-2015-146563,91,115,253,835,2,175,918.785,5,0.3,1312.55,-118.1295,-0.12857142857142856,4,1
663,CA-2015-146563,91,110,253,835,2,175,2.724,3,0.8,13.620000000000005,-4.2222,-1.5499999999999998,4,1
664,CA-2016-123666,260,197,254,453,2,165,459.95,5,0.0,459.95,18.398,0.04,4,0
665,CA-2016-143308,117,111,255,255,4,176,10.74,3,0.0,10.74,5.2626,0.49,0,0
666,CA-2017-132682,261,559,111,194,1,177,23.76,3,0.2,29.7,2.079,0.08750000000000001,2,0
667,CA-2017-132682,261,259,111,194,1,177,85.056,3,0.2,106.32,28.7064,0.33749999999999997,2,0
668,CA-2017-132682,261,560,111,194,1,177,381.576,3,0.2,476.97,28.6182,0.075,2,0
669,CA-2014-156314,262,561,164,59,3,178,30.36,5,0.2,37.949999999999996,8.7285,0.28750000000000003,2,0
670,US-2017-106663,247,562,256,488,2,156,23.976,3,0.6,59.94,-14.3856,-0.6,4,1
671,US-2017-106663,247,563,256,488,2,156,108.925,1,0.5,217.85,-71.8905,-0.66,4,1
672,US-2017-106663,247,127,256,488,2,156,36.352,8,0.2,45.43999999999999,11.36,0.3125,4,0
673,CA-2017-111178,144,564,141,739,2,117,19.56,5,0.2,24.449999999999996,1.7115,0.08750000000000001,7,0
674,CA-2017-130351,263,565,257,167,3,135,61.44,3,0.0,61.44,16.5888,0.27,3,0
675,CA-2017-130351,263,566,257,167,3,135,38.9,5,0.0,38.9,17.505,0.45,3,0
676,CA-2017-130351,263,218,257,167,3,135,99.39,3,0.0,99.39,40.7499,0.41,3,0
677,US-2017-119438,264,567,258,722,2,179,2.688,3,0.8,13.440000000000003,-7.392,-2.75,5,1
678,US-2017-119438,264,568,258,722,2,179,27.816,3,0.2,34.769999999999996,4.5201,0.1625,5,0
679,US-2017-119438,264,569,258,722,2,179,82.524,3,0.6,206.31,-41.262,-0.5,5,1
680,US-2017-119438,264,570,258,722,2,179,182.994,3,0.8,914.9700000000003,-320.2395,-1.7500000000000002,5,1
681,CA-2016-164511,265,571,259,391,2,24,14.352,3,0.2,17.939999999999998,4.6644,0.32499999999999996,5,0
682,CA-2016-164511,265,572,259,391,2,24,64.96,2,0.0,64.96,2.5984,0.04,5,0
683,CA-2016-164511,265,457,259,391,2,24,68.6,4,0.0,68.6,18.522,0.27,5,0
684,US-2017-168116,266,573,260,260,4,180,7999.98,4,0.5,15999.96,-3839.9904,-0.48000000000000004,0,1
685,US-2017-168116,266,550,260,260,4,180,167.44,2,0.2,209.29999999999998,14.651,0.0875,0,0
686,CA-2014-157784,267,332,261,1002,3,130,479.97,3,0.0,479.97,163.1898,0.33999999999999997,3,0
687,CA-2014-157784,267,574,261,1002,3,130,14.62,2,0.0,14.62,6.8714,0.47000000000000003,3,0
688,CA-2014-157784,267,89,261,1002,3,130,19.44,3,0.0,19.44,9.3312,0.48000000000000004,3,0
689,CA-2017-161480,268,575,54,615,2,46,191.984,2,0.2,239.98,4.7996,0.024999999999999998,4,0
690,US-2014-117135,269,576,262,671,1,181,104.01,1,0.0,104.01,14.5614,0.14,2,0
691,US-2014-117135,269,12,262,671,1,181,284.82,1,0.0,284.82,74.0532,0.26,2,0
692,US-2014-117135,269,577,262,671,1,181,36.84,3,0.0,36.84,10.3152,0.27999999999999997,2,0
693,CA-2015-131534,270,578,263,789,2,2,166.24,1,0.0,166.24,24.936,0.15,5,0
694,CA-2015-131534,270,579,263,789,2,2,33.4,5,0.0,33.4,16.032,0.48000000000000004,5,0
695,CA-2015-119291,271,291,264,962,3,182,198.272,8,0.2,247.83999999999997,17.3488,0.08750000000000001,3,0
696,CA-2015-119291,271,580,264,962,3,182,47.36,4,0.2,59.199999999999996,17.76,0.37500000000000006,3,0
697,CA-2015-119291,271,82,264,962,3,182,200.984,7,0.2,251.23,62.8075,0.3125,3,0
698,CA-2015-119291,271,581,264,962,3,182,97.696,4,0.2,122.11999999999999,31.7512,0.325,3,0
699,CA-2015-119291,271,582,264,962,3,182,2.696,1,0.2,3.37,0.8088,0.3,3,0
700,CA-2015-119291,271,583,264,962,3,182,18.588,2,0.7,61.959999999999994,-13.6312,-0.7333333333333333,3,1
701,CA-2015-119291,271,305,264,962,3,182,4.896,3,0.7,16.319999999999997,-3.4272,-0.7000000000000001,3,1
702,CA-2017-114552,115,192,265,566,2,178,15.072,3,0.2,18.839999999999996,4.1448,0.275,6,0
703,CA-2016-163755,156,584,255,1,1,6,209.88,3,0.0,209.88,35.6796,0.17,4,0
704,CA-2015-142027,272,585,266,1225,2,107,369.912,3,0.2,462.38999999999993,-13.8717,-0.037500000000000006,5,0
705,CA-2014-138527,273,586,172,329,2,183,10.368,2,0.2,12.959999999999999,3.6288,0.35,5,0
706,CA-2014-138527,273,587,172,329,2,183,166.84,5,0.2,208.54999999999998,18.7695,0.1125,5,0
707,CA-2014-138527,273,453,172,329,2,183,15.216,1,0.2,19.02,2.2824,0.15,5,0
708,CA-2014-112158,274,247,267,775,3,46,119.96,4,0.0,119.96,52.7824,0.44000000000000006,2,0
709,CA-2014-112158,274,588,267,775,3,46,883.92,5,0.2,1104.8999999999999,-110.49,-0.125,2,0
710,CA-2014-112158,274,348,267,775,3,46,46.72,8,0.2,58.4,15.768,0.3375,2,0
711,CA-2014-113887,275,418,268,885,3,46,55.48,1,0.0,55.48,26.6304,0.48000000000000004,2,0
712,CA-2017-146136,276,589,214,211,2,184,24.448,4,0.2,30.56,8.8624,0.36249999999999993,4,0
713,US-2017-100048,277,590,241,1270,2,185,281.34,6,0.0,281.34,109.7226,0.39,5,0
714,US-2017-100048,277,349,241,1270,2,185,307.98,2,0.0,307.98,89.3142,0.29,5,0
715,US-2017-100048,277,591,241,1270,2,185,299.97,3,0.0,299.97,113.9886,0.38,5,0
716,CA-2014-153150,115,592,269,523,1,60,19.92,5,0.2,24.900000000000002,6.972,0.35,5,0
717,CA-2014-130092,278,528,270,1113,3,22,9.94,2,0.0,9.94,3.0814,0.31,3,0
718,CA-2017-108910,111,593,242,366,2,56,103.056,3,0.2,128.82,24.4758,0.2375,5,0
719,CA-2014-104472,279,445,271,160,2,13,59.808,3,0.2,74.75999999999999,19.4376,0.325,5,0
720,CA-2014-104472,279,391,271,160,2,13,73.32,6,0.0,73.32,21.996,0.3,5,0
721,CA-2016-112942,280,594,272,1271,2,63,146.82,3,0.0,146.82,73.41,0.5,5,0
722,CA-2016-142335,173,595,273,1055,2,186,1652.94,3,0.0,1652.94,231.4116,0.13999999999999999,4,0
723,CA-2016-142335,173,596,273,1055,2,186,296.37,3,0.0,296.37,80.0199,0.27,4,0
724,CA-2014-117429,281,597,274,304,2,12,129.92,5,0.2,162.39999999999998,21.112,0.1625,6,0
725,CA-2016-114713,282,598,275,189,2,187,45.584,7,0.2,56.980000000000004,5.1282,0.11249999999999999,5,0
726,CA-2017-144113,283,599,119,1089,2,111,17.568,2,0.2,21.96,6.3684,0.3625,4,0
727,CA-2017-144113,283,600,119,1089,2,111,55.992,1,0.2,69.99,5.5992,0.1,4,0
728,US-2016-150861,284,601,276,410,3,188,182.72,8,0.0,182.72,84.0512,0.45999999999999996,3,0
729,US-2016-150861,284,602,276,410,3,188,400.032,2,0.4,666.72,-153.3456,-0.3833333333333333,3,1
730,US-2016-150861,284,603,276,410,3,188,33.63,3,0.0,33.63,10.089,0.3,3,0
731,US-2016-150861,284,229,276,410,3,188,542.646,3,0.1,602.9399999999999,102.4998,0.18888888888888888,3,0
732,US-2016-150861,284,396,276,410,3,188,6.3,2,0.0,6.3,3.024,0.48000000000000004,3,0
733,CA-2017-131954,285,460,277,1264,2,61,242.94,3,0.0,242.94,9.7176,0.039999999999999994,4,0
734,CA-2017-131954,285,604,277,1264,2,61,179.97,3,0.0,179.97,86.3856,0.48,4,0
735,CA-2017-131954,285,351,277,1264,2,61,99.696,6,0.2,124.61999999999999,33.6474,0.33749999999999997,4,0
736,CA-2017-131954,285,45,277,1264,2,61,27.936,4,0.2,34.919999999999995,9.4284,0.3375,4,0
737,CA-2017-131954,285,605,277,1264,2,61,84.98,1,0.0,84.98,18.6956,0.21999999999999997,4,0
738,CA-2017-131954,285,606,277,1264,2,61,18.72,5,0.2,23.4,6.552,0.35,4,0
739,CA-2014-132500,48,607,79,172,2,95,49.98,2,0.0,49.98,8.4966,0.17000000000000004,4,0
740,CA-2014-112326,286,608,278,1272,2,18,11.784,3,0.2,14.73,4.2717,0.3625,4,0
741,CA-2014-112326,286,419,278,1272,2,18,272.736,3,0.2,340.91999999999996,-64.7748,-0.23750000000000002,4,0
742,CA-2014-112326,286,609,278,1272,2,18,3.54,2,0.8,17.700000000000003,-5.487,-1.55,4,1
743,US-2016-146710,287,506,279,143,2,78,51.52,5,0.2,64.4,-10.948,-0.2125,5,0
744,US-2016-146710,287,250,279,143,2,78,3.528,1,0.2,4.41,1.1466,0.325,5,0
745,US-2016-146710,287,610,279,143,2,78,4.624,1,0.2,5.779999999999999,1.6762,0.3625,5,0
746,US-2016-146710,287,611,279,143,2,78,55.168,4,0.2,68.96,6.2064,0.1125,5,0
747,CA-2014-124429,187,224,280,280,4,189,567.12,10,0.2,708.9,-28.356,-0.05,0,0
748,CA-2014-124429,187,436,280,280,4,189,359.32,4,0.0,359.32,7.1864,0.02,0,0
749,CA-2016-150889,288,612,232,555,1,190,11.992,1,0.2,14.99,0.8994,0.075,2,0
750,CA-2017-126074,289,613,281,834,2,191,58.05,3,0.0,58.05,26.703,0.46,4,0
751,CA-2017-126074,289,614,281,834,2,191,157.74,11,0.0,157.74,56.7864,0.36,4,0
752,CA-2017-126074,289,360,281,834,2,191,56.98,7,0.0,56.98,22.792,0.4,4,0
753,CA-2017-126074,289,615,281,834,2,191,2.88,1,0.0,2.88,1.4112,0.49000000000000005,4,0
754,CA-2016-110499,290,616,282,527,3,95,1199.976,3,0.2,1499.97,374.9925,0.3125,2,0
755,CA-2015-135272,235,562,215,296,2,2,79.92,4,0.0,79.92,28.7712,0.36,5,0
756,CA-2016-140928,241,617,32,898,2,134,383.438,4,0.45,697.16,-167.3184,-0.43636363636363634,4,1
757,CA-2014-106803,291,577,283,99,2,192,24.56,2,0.0,24.56,6.8768,0.28,4,0
758,CA-2014-106803,291,539,283,99,2,192,119.8,4,0.0,119.8,47.92,0.4,4,0
759,CA-2017-117240,292,521,284,689,2,30,13.128,3,0.2,16.41,4.2666,0.325,5,0
760,CA-2017-133333,293,127,66,586,2,157,22.72,4,0.0,22.72,10.224,0.45,4,0
761,CA-2015-112319,240,491,285,578,2,26,58.32,9,0.0,58.32,27.9936,0.48,5,0
762,CA-2017-126046,37,618,133,660,2,149,12.39,3,0.0,12.39,5.6994,0.45999999999999996,4,0
763,CA-2015-114923,294,161,286,1251,2,48,107.982,3,0.4,179.97,-26.9955,-0.25,5,1
764,CA-2014-162775,295,153,287,627,1,193,11.36,2,0.0,11.36,5.3392,0.47000000000000003,2,0
765,CA-2014-162775,295,619,287,627,1,193,50.94,3,0.0,50.94,25.47,0.5,2,0
766,CA-2014-162775,295,620,287,627,1,193,646.74,6,0.0,646.74,258.696,0.4,2,0
767,CA-2014-162775,295,621,287,627,1,193,5.64,3,0.0,5.64,2.7072,0.48,2,0
768,CA-2014-162775,295,622,287,627,1,193,572.58,6,0.0,572.58,34.3548,0.05999999999999999,2,0
769,CA-2014-106810,296,623,288,672,2,105,310.88,2,0.2,388.59999999999997,23.316,0.075,6,0
770,CA-2016-157245,98,624,289,1013,2,102,641.96,2,0.0,641.96,179.7488,0.27999999999999997,5,0
771,CA-2017-104220,297,625,290,1120,2,194,18.28,2,0.0,18.28,9.14,0.5,6,0
772,CA-2017-104220,297,303,290,1120,2,194,207.0,3,0.0,207.0,51.75,0.25,6,0
773,CA-2017-104220,297,626,290,1120,2,194,32.35,5,0.0,32.35,16.175,0.5,6,0
774,CA-2017-104220,297,9,290,1120,2,194,7.71,1,0.0,7.71,3.4695,0.45,6,0
775,CA-2017-104220,297,627,290,1120,2,194,40.3,2,0.0,40.3,10.881,0.27,6,0
776,CA-2017-104220,297,628,290,1120,2,194,34.58,7,0.0,34.58,14.5236,0.42000000000000004,6,0
777,CA-2014-165974,298,629,291,523,2,94,32.76,7,0.2,40.949999999999996,3.6855,0.11250000000000002,7,0
778,CA-2015-144267,126,630,292,842,3,95,544.008,3,0.2,680.01,40.8006,0.075,2,0
779,CA-2015-144267,126,369,292,842,3,95,59.94,3,0.0,59.94,28.1718,0.47000000000000003,2,0
780,CA-2015-144267,126,359,292,842,3,95,23.92,4,0.0,23.92,11.7208,0.49,2,0
781,CA-2015-144267,126,631,292,842,3,95,4.28,1,0.0,4.28,1.926,0.44999999999999996,2,0
782,US-2015-157014,299,411,293,1273,1,48,32.07,5,0.7,106.89999999999999,-22.449,-0.7000000000000001,3,1
783,US-2015-157014,299,47,293,1273,1,48,24.0,2,0.2,30.0,-2.7,-0.1125,3,0
784,US-2015-157014,299,632,293,1273,1,48,35.49,1,0.5,70.98,-15.6156,-0.44,3,1
785,US-2015-157014,299,633,293,1273,1,48,47.984,2,0.2,59.98,0.5998,0.012499999999999999,3,0
786,CA-2015-154921,106,634,294,72,2,38,186.69,3,0.0,186.69,87.7443,0.47,5,0
787,CA-2017-129567,53,635,295,709,1,195,17.456,2,0.2,21.819999999999997,5.8914,0.3375,4,0
788,CA-2015-154620,300,636,296,1136,2,195,348.928,2,0.2,436.15999999999997,34.8928,0.1,4,0
789,CA-2015-115938,194,380,154,1274,2,196,143.96,4,0.0,143.96,69.1008,0.48000000000000004,4,0
790,CA-2015-115938,194,422,154,1274,2,196,15.42,1,0.0,15.42,4.1634,0.27,4,0
791,CA-2015-115938,194,637,154,1274,2,196,43.04,8,0.0,43.04,21.0896,0.49000000000000005,4,0
792,CA-2015-115938,194,638,154,1274,2,196,332.94,3,0.0,332.94,79.9056,0.24000000000000002,4,0
793,CA-2016-105256,301,639,245,245,4,197,1363.96,5,0.2,1704.95,85.2475,0.0625,0,0
794,CA-2014-156433,302,640,60,468,2,95,9.96,2,0.0,9.96,4.5816,0.45999999999999996,6,0
795,CA-2014-156433,302,363,60,468,2,95,21.72,4,0.0,21.72,10.6428,0.49,6,0
796,CA-2017-151428,303,615,297,987,2,39,20.16,7,0.0,20.16,9.8784,0.48999999999999994,5,0
797,CA-2015-124653,107,641,101,208,3,145,132.79,7,0.0,132.79,63.7392,0.48,2,0
798,CA-2015-124653,107,13,101,208,3,145,12.96,2,0.0,12.96,6.2208,0.4799999999999999,2,0
799,CA-2015-124653,107,642,101,208,3,145,21.56,7,0.0,21.56,10.3488,0.48000000000000004,2,0
800,CA-2015-101910,304,475,155,156,2,198,283.92,5,0.2,354.9,17.745,0.0625,6,0
801,CA-2017-105809,305,643,298,661,3,189,22.23,1,0.0,22.23,7.3359,0.32999999999999996,3,0
802,CA-2017-105809,305,234,298,661,3,189,215.968,2,0.2,269.96,18.8972,0.08750000000000001,3,0
803,CA-2016-136133,305,644,299,829,1,24,355.32,9,0.0,355.32,99.4896,0.27999999999999997,5,0
804,CA-2016-115504,306,645,300,717,2,69,12.96,2,0.0,12.96,6.2208,0.4799999999999999,5,0
805,CA-2017-135783,307,646,301,559,3,35,18.28,2,0.0,18.28,6.2152,0.33999999999999997,2,0
806,CA-2014-134313,155,647,302,846,2,77,43.176,3,0.2,53.97,4.3176,0.09999999999999999,6,0
807,CA-2014-134313,155,648,302,846,2,77,1983.968,4,0.2,2479.96,247.996,0.125,6,0
808,CA-2015-140921,212,379,303,1242,3,199,28.4,2,0.0,28.4,11.076,0.39,2,0
809,CA-2015-140921,212,649,303,1242,3,199,149.97,3,0.0,149.97,50.9898,0.34,2,0
810,CA-2014-151995,234,650,304,772,3,200,11.52,4,0.0,11.52,3.2256,0.28,2,0
811,CA-2014-151995,234,258,304,772,3,200,1298.55,5,0.0,1298.55,311.652,0.24,2,0
812,CA-2014-151995,234,651,304,772,3,200,213.92,4,0.0,213.92,62.0368,0.29000000000000004,2,0
813,CA-2014-151995,234,554,304,772,3,200,25.78,2,0.0,25.78,2.578,0.09999999999999999,2,0
814,CA-2017-143686,308,646,305,305,4,201,18.28,2,0.0,18.28,6.2152,0.33999999999999997,0,0
815,CA-2017-143686,308,652,305,305,4,201,1399.93,7,0.0,1399.93,601.9699,0.43,0,0
816,CA-2015-106565,309,181,306,392,3,202,51.84,8,0.0,51.84,24.8832,0.4799999999999999,3,0
817,CA-2016-149370,204,653,307,252,2,12,5.344,1,0.2,6.68,1.8704,0.35,4,0
818,CA-2014-140858,223,89,308,780,2,12,41.472,8,0.2,51.839999999999996,14.5152,0.35,4,0
819,CA-2014-140858,223,654,308,780,2,12,3.168,3,0.7,10.559999999999999,-2.4288,-0.7666666666666666,4,1
820,CA-2014-140858,223,655,308,780,2,12,1228.465,5,0.3,1754.95,0.0,0.0,4,1
821,CA-2014-140858,223,656,308,780,2,12,31.086,3,0.7,103.61999999999998,-22.7964,-0.7333333333333333,4,1
822,CA-2014-140858,223,657,308,780,2,12,335.52,4,0.2,419.4,117.432,0.35000000000000003,4,0
823,CA-2017-101434,310,658,309,819,2,99,239.97,3,0.0,239.97,71.991,0.3,7,0
824,CA-2017-101434,310,608,309,819,2,99,9.82,2,0.0,9.82,4.8118,0.49,7,0
825,US-2014-102071,311,659,310,1238,2,95,67.8,4,0.0,67.8,4.068,0.06,6,0
826,US-2014-102071,311,202,310,1238,2,95,167.97,3,0.0,167.97,40.3128,0.24000000000000002,6,0
827,CA-2017-126956,219,660,171,736,2,88,35.0,7,0.0,35.0,16.8,0.48000000000000004,7,0
828,CA-2017-126956,219,661,171,736,2,88,37.24,4,0.0,37.24,10.7996,0.29,7,0
829,CA-2017-126956,219,662,171,736,2,88,15.28,2,0.0,15.28,7.4872,0.49,7,0
830,CA-2017-129462,33,663,115,549,1,203,301.96,2,0.0,301.96,90.588,0.3,5,0
831,CA-2017-129462,33,664,115,549,1,203,180.66,3,0.0,180.66,50.5848,0.28,5,0
832,CA-2017-129462,33,665,115,549,1,203,191.98,2,0.0,191.98,51.8346,0.27,5,0
833,CA-2017-129462,33,666,115,549,1,203,65.99,1,0.0,65.99,17.1574,0.26,5,0
834,CA-2016-165316,81,667,311,1275,2,86,35.216,2,0.2,44.019999999999996,2.6412,0.075,4,0
835,CA-2016-165316,81,668,311,1275,2,86,23.696,2,0.2,29.62,6.5164,0.27499999999999997,4,0
836,CA-2016-165316,81,669,311,1275,2,86,265.475,1,0.5,530.95,-111.4995,-0.41999999999999993,4,1
837,US-2014-115987,294,670,79,104,1,179,51.184,4,0.8,255.92000000000004,-79.3352,-1.55,5,1
838,US-2017-156083,312,671,260,344,2,85,9.664,2,0.2,12.079999999999998,3.2616,0.3375,7,0
839,US-2016-137547,183,403,312,300,2,7,21.072,3,0.2,26.339999999999996,1.5804,0.07500000000000001,5,0
840,CA-2015-100454,313,627,313,666,2,46,60.45,3,0.0,60.45,16.3215,0.27,5,0
841,CA-2015-100454,313,672,313,666,2,46,11.52,4,0.0,11.52,3.3408,0.29000000000000004,5,0
842,CA-2015-100454,313,673,313,666,2,46,186.048,4,0.2,232.56,9.3024,0.05,5,0
843,CA-2016-161669,314,674,78,1200,3,2,37.44,4,0.2,46.8,11.7,0.3125,2,0
844,CA-2016-161669,314,675,78,1200,3,2,26.976,4,0.2,33.72,8.7672,0.32500000000000007,2,0
845,CA-2016-161669,314,676,78,1200,3,2,11.36,2,0.0,11.36,3.2944,0.29000000000000004,2,0
846,CA-2016-161669,314,677,78,1200,3,2,14.62,2,0.0,14.62,6.8714,0.47000000000000003,2,0
847,CA-2015-114300,315,180,314,873,2,176,83.72,7,0.0,83.72,23.4416,0.28,4,0
848,CA-2015-114300,315,269,314,873,2,176,287.94,3,0.0,287.94,77.7438,0.26999999999999996,4,0
849,CA-2017-107503,316,678,315,1009,2,204,48.896,4,0.2,61.12,8.5568,0.17500000000000002,5,0
850,CA-2014-107755,317,679,316,182,2,205,115.36,7,0.0,115.36,49.6048,0.43,5,0
851,CA-2016-152534,318,680,24,675,1,206,5.16,2,0.0,5.16,1.3416,0.25999999999999995,5,0
852,CA-2016-152534,318,681,24,675,1,206,38.88,6,0.0,38.88,18.6624,0.48000000000000004,5,0
853,CA-2016-113747,105,291,317,31,2,130,185.88,6,0.0,185.88,50.1876,0.27,7,0
854,CA-2016-123274,219,643,318,1276,2,46,44.46,2,0.0,44.46,14.6718,0.32999999999999996,5,0
855,CA-2016-123274,219,460,318,1276,2,46,242.94,3,0.0,242.94,9.7176,0.039999999999999994,5,0
856,CA-2014-125612,319,682,94,234,2,46,39.96,2,0.0,39.96,18.7812,0.47,5,0
857,CA-2014-125612,319,683,94,234,2,46,102.3,10,0.0,102.3,26.598,0.26,5,0
858,CA-2014-125612,319,684,94,234,2,46,21.36,2,0.0,21.36,5.7672,0.27,5,0
859,CA-2017-161984,320,230,319,5,2,207,7.61,1,0.0,7.61,3.5767,0.47000000000000003,5,0
860,CA-2017-161984,320,295,319,5,2,207,7.16,2,0.0,7.16,3.58,0.5,5,0
861,CA-2014-133851,321,328,4,738,2,35,7.36,2,0.0,7.36,0.1472,0.02,7,0
862,CA-2014-133851,321,685,4,738,2,35,23.1,2,0.0,23.1,10.626,0.45999999999999996,7,0
863,CA-2016-134474,296,686,320,677,1,134,191.472,6,0.2,239.34,40.6878,0.2125,2,0
864,CA-2016-134474,296,687,320,677,1,134,5.248,2,0.2,6.56,0.5904,0.1125,2,0
865,CA-2016-134474,296,688,320,677,1,134,59.184,2,0.2,73.97999999999999,5.1786,0.08750000000000001,2,0
866,CA-2014-149020,322,689,321,627,2,29,2.89,1,0.0,2.89,1.3583,0.47000000000000003,5,0
867,CA-2014-149020,322,690,321,627,2,29,51.94,1,0.0,51.94,21.2954,0.41000000000000003,5,0
868,CA-2016-134362,323,691,322,825,3,12,15.936,4,0.2,19.919999999999998,5.1792,0.325,3,0
869,CA-2014-136742,324,692,323,1277,2,208,44.91,6,0.7,149.69999999999996,-35.928,-0.8,4,1
870,CA-2016-158099,325,693,324,65,3,106,1141.47,5,0.7,3804.8999999999996,-760.98,-0.6666666666666666,2,1
871,CA-2016-158099,325,496,324,65,3,106,280.782,3,0.4,467.96999999999997,-46.797,-0.16666666666666666,2,1
872,CA-2015-131128,15,694,325,1183,3,209,34.44,3,0.0,34.44,17.22,0.5,1,0
873,CA-2014-148488,326,253,326,535,2,30,11.36,2,0.0,11.36,5.2256,0.46,5,0
874,CA-2014-148488,326,413,326,535,2,30,106.344,7,0.2,132.92999999999998,37.2204,0.35,5,0
875,CA-2017-114636,316,695,327,636,2,44,192.16,5,0.2,240.2,67.256,0.35000000000000003,4,0
876,CA-2016-116736,255,217,328,804,2,209,322.59,3,0.0,322.59,64.518,0.2,4,0
877,CA-2016-116736,255,247,328,804,2,209,29.99,1,0.0,29.99,13.1956,0.44000000000000006,4,0
878,CA-2016-116736,255,696,328,804,2,209,371.97,3,0.0,371.97,66.9546,0.18,4,0
879,US-2014-158638,327,697,329,159,2,75,5.892,4,0.7,19.639999999999997,-4.1244,-0.6999999999999998,4,1
880,CA-2017-111689,7,698,330,575,1,24,68.472,3,0.2,85.58999999999999,23.1093,0.3375,2,0
881,CA-2017-111689,7,158,330,575,1,24,1242.9,5,0.1,1381.0,262.39,0.21111111111111108,2,0
882,CA-2015-129098,55,422,331,314,2,29,30.84,2,0.0,30.84,8.3268,0.27,4,0
883,US-2017-123463,48,582,332,332,4,10,13.48,4,0.0,13.48,5.9312,0.43999999999999995,0,0
884,CA-2016-165148,328,546,333,1058,3,84,31.4,5,0.0,31.4,10.048,0.32,2,0
885,CA-2014-134061,329,699,334,418,2,145,17.46,2,0.0,17.46,5.9364,0.33999999999999997,5,0
886,CA-2015-143602,330,700,335,153,1,63,13.944,3,0.2,17.43,4.5318,0.32499999999999996,3,0
887,CA-2017-115364,221,701,336,1171,2,189,83.76,12,0.0,83.76,1.6752,0.02,6,0
888,CA-2017-150707,331,62,337,16,2,210,37.66,7,0.0,37.66,18.4534,0.49,5,0
889,CA-2014-104976,317,372,338,758,2,35,34.68,6,0.0,34.68,16.9932,0.49000000000000005,7,0
890,CA-2017-132934,189,702,309,336,2,132,149.95,5,0.0,149.95,14.995,0.1,6,0
891,CA-2017-132934,189,411,309,336,2,132,51.312,3,0.2,64.13999999999999,18.6006,0.36250000000000004,6,0
892,CA-2017-133256,275,703,336,819,3,84,4.54,1,0.0,4.54,2.043,0.45,1,0
893,CA-2017-133256,275,704,336,819,3,84,15.92,4,0.0,15.92,5.4128,0.33999999999999997,1,0
894,CA-2017-133256,275,705,336,819,3,84,543.92,8,0.0,543.92,135.98,0.25,1,0
895,CA-2016-105494,332,331,339,397,3,35,155.82,7,0.0,155.82,42.0714,0.27,2,0
896,CA-2016-105494,332,706,339,397,3,35,70.008,3,0.2,87.50999999999999,24.5028,0.35000000000000003,2,0
897,CA-2016-140634,333,707,340,1100,1,15,15.648,2,0.2,19.56,5.0856,0.325,3,0
898,CA-2014-144407,334,430,341,1115,2,84,103.6,7,0.0,103.6,51.8,0.5,6,0
899,CA-2017-160983,335,708,342,1109,1,136,46.96,8,0.0,46.96,22.5408,0.48,2,0
900,US-2016-114622,336,709,343,409,3,158,8.904,2,0.7,29.679999999999996,-6.5296,-0.7333333333333334,2,1
901,CA-2017-150959,144,710,344,39,3,211,10.44,5,0.2,13.049999999999999,3.393,0.325,2,0
902,CA-2017-150959,144,711,344,39,3,211,18.336,4,0.8,91.68,-32.088,-1.7500000000000002,2,1
903,CA-2017-132353,73,150,176,698,3,156,323.976,3,0.2,404.96999999999997,20.2485,0.0625,2,0
904,CA-2016-130477,96,712,144,409,2,4,20.04,3,0.0,20.04,9.6192,0.48,4,0
905,CA-2016-130477,96,572,144,409,2,4,64.96,2,0.0,64.96,2.5984,0.04,4,0
906,CA-2016-130477,96,713,144,409,2,4,12.96,2,0.0,12.96,6.2208,0.4799999999999999,4,0
907,CA-2017-143259,23,714,248,1278,2,30,323.136,4,0.2,403.92,12.1176,0.0375,4,0
908,CA-2017-143259,23,715,248,1278,2,30,90.93,7,0.0,90.93,2.7279,0.03,4,0
909,CA-2017-143259,23,716,248,1278,2,30,52.776,3,0.2,65.97,19.791,0.375,4,0
910,CA-2017-137596,337,717,265,211,2,31,1199.8,4,0.0,1199.8,323.946,0.27,5,0
911,CA-2017-137596,337,718,265,211,2,31,1928.78,7,0.0,1928.78,829.3754,0.43,5,0
912,CA-2017-137596,337,719,265,211,2,31,352.38,2,0.0,352.38,81.0474,0.22999999999999998,5,0
913,CA-2015-133627,338,346,71,723,2,212,22.2,6,0.0,22.2,9.102,0.41000000000000003,7,0
914,CA-2017-102519,313,268,345,1162,3,202,46.94,1,0.0,46.94,19.2454,0.41000000000000003,2,0
915,CA-2017-102519,313,405,345,1162,3,202,143.73,9,0.0,143.73,56.0547,0.39,2,0
916,US-2014-141215,127,720,346,262,2,66,99.918,2,0.3,142.74,-18.5562,-0.18571428571428572,6,1
917,US-2014-141215,127,464,346,262,2,66,797.944,4,0.3,1139.92,-56.996,-0.07142857142857144,6,1
918,US-2014-141215,127,277,346,262,2,66,8.568,3,0.8,42.84000000000001,-14.5656,-1.7,6,1
919,CA-2016-165218,339,634,347,22,2,78,149.352,3,0.2,186.69,50.4063,0.3375,6,0
920,CA-2016-165218,339,721,347,22,2,78,12.992,1,0.2,16.24,-0.812,-0.0625,6,0
921,CA-2014-138296,117,577,30,433,2,213,24.56,2,0.0,24.56,6.8768,0.28,7,0
922,CA-2015-111164,340,722,348,1279,2,30,85.14,3,0.0,85.14,34.9074,0.41000000000000003,4,0
923,CA-2015-111164,340,723,348,1279,2,30,21.99,1,0.0,21.99,10.5552,0.48,4,0
924,CA-2015-111164,340,724,348,1279,2,30,406.6,5,0.0,406.6,113.848,0.27999999999999997,4,0
925,CA-2016-149797,341,116,307,874,2,165,841.568,2,0.2,1051.9599999999998,294.5488,0.35000000000000003,5,0
926,CA-2014-132962,342,725,104,1102,3,106,15.552,3,0.2,19.439999999999998,5.4432,0.35000000000000003,3,0
927,CA-2014-132962,342,726,104,1102,3,106,252.0,5,0.2,315.0,53.55,0.2125,3,0
928,CA-2015-115091,343,333,349,331,2,29,46.2,4,0.0,46.2,12.936,0.27999999999999997,4,0
929,CA-2015-115091,343,337,349,331,2,29,28.84,2,0.0,28.84,9.5172,0.33,4,0
930,CA-2017-144932,270,488,350,828,3,214,14.592,3,0.2,18.24,2.5536,0.175,3,0
931,CA-2017-144932,270,727,350,828,3,214,89.856,3,0.2,112.32,21.3408,0.23750000000000004,3,0
932,CA-2017-144932,270,610,350,828,3,214,13.872,3,0.2,17.34,5.0286,0.3625,3,0
933,CA-2017-114216,344,728,265,1280,2,12,12.192,3,0.2,15.24,4.1148,0.33749999999999997,4,0
934,CA-2016-140081,345,729,24,891,2,75,45.056,8,0.2,56.31999999999999,15.2064,0.3375,4,0
935,CA-2016-140081,345,730,24,891,2,75,29.718,6,0.7,99.05999999999999,-21.7932,-0.7333333333333333,4,1
936,CA-2016-140081,345,681,24,891,2,75,15.552,3,0.2,19.439999999999998,5.4432,0.35000000000000003,4,0
937,CA-2016-140081,345,138,24,891,2,75,447.696,2,0.2,559.62,33.5772,0.075,4,0
938,US-2017-111745,20,332,61,45,3,215,159.99,1,0.0,159.99,54.3966,0.33999999999999997,1,0
939,CA-2015-148250,346,731,351,998,2,216,12.96,2,0.0,12.96,6.2208,0.4799999999999999,4,0
940,CA-2015-148250,346,732,351,998,2,216,134.48,4,0.0,134.48,34.9648,0.26,4,0
941,CA-2016-105760,347,733,352,24,3,95,17.12,2,0.0,17.12,8.0464,0.47,1,0
942,CA-2016-142958,339,734,181,888,2,217,6.096,2,0.2,7.62,2.2098,0.3625,7,0
943,CA-2016-142958,339,4,181,888,2,217,1114.272,4,0.2,1392.84,41.7852,0.037500000000000006,7,0
944,CA-2015-120880,140,512,353,1247,2,60,32.4,5,0.0,32.4,15.552,0.48,5,0
945,CA-2015-120880,140,735,353,1247,2,60,540.57,3,0.0,540.57,140.5482,0.26,5,0
946,CA-2015-120880,140,736,353,1247,2,60,167.76,5,0.2,209.7,62.91,0.375,5,0
947,US-2015-140200,223,737,354,1281,3,155,393.165,3,0.5,786.33,-204.4458,-0.5199999999999999,2,1
948,US-2017-110576,177,738,355,575,2,75,516.488,7,0.2,645.61,-12.9122,-0.024999999999999998,4,0
949,US-2017-110576,177,221,355,575,2,75,1007.232,6,0.2,1259.04,75.5424,0.075,4,0
950,US-2017-110576,177,739,355,575,2,75,2065.32,12,0.4,3442.2000000000003,-619.596,-0.3,4,1
951,US-2017-110576,177,740,355,575,2,75,15.552,3,0.2,19.439999999999998,5.4432,0.35000000000000003,4,0
952,US-2017-110576,177,219,355,575,2,75,25.344,6,0.2,31.68,7.92,0.3125,4,0
953,CA-2017-131156,348,741,356,105,2,106,25.472,4,0.2,31.84,7.6416,0.3,4,0
954,CA-2017-136539,349,208,117,1282,2,218,27.168,2,0.2,33.959999999999994,2.7168,0.1,4,0
955,CA-2017-136539,349,267,117,1282,2,218,78.8528,2,0.32,115.96000000000001,-11.596,-0.14705882352941177,4,1
956,CA-2017-119305,350,55,330,770,2,130,173.8,5,0.0,173.8,43.45,0.25,4,0
957,CA-2017-102414,351,688,357,797,1,52,29.592,1,0.2,36.989999999999995,2.5893,0.08750000000000001,3,0
958,CA-2017-102414,351,742,357,797,1,52,4.752,2,0.7,15.839999999999996,-3.168,-0.6666666666666667,3,1
959,CA-2017-102414,351,743,357,797,1,52,15.552,3,0.2,19.439999999999998,5.6376,0.3625,3,0
960,CA-2015-112571,352,744,358,358,4,219,204.6,2,0.0,204.6,53.196,0.26,0,0
961,CA-2017-152142,353,229,238,124,2,95,321.568,2,0.2,401.96,28.1372,0.08750000000000001,5,0
962,CA-2015-160059,354,745,155,495,2,146,6.24,2,0.0,6.24,3.0576,0.48999999999999994,4,0
963,CA-2016-120859,52,467,143,914,3,95,21.88,2,0.0,21.88,10.94,0.5,3,0
964,CA-2014-127488,334,746,359,147,1,220,4.608,2,0.2,5.759999999999999,1.6704,0.36250000000000004,2,0
965,CA-2017-135279,355,747,360,646,3,165,9.82,2,0.0,9.82,4.8118,0.49,2,0
966,CA-2017-135279,355,370,360,646,3,165,35.97,3,0.0,35.97,9.7119,0.27,2,0
967,CA-2017-135279,355,748,360,646,3,165,12.96,2,0.0,12.96,6.2208,0.4799999999999999,2,0
968,CA-2017-135279,355,749,360,646,3,165,191.6,4,0.0,191.6,91.968,0.48000000000000004,2,0
969,CA-2017-135279,355,746,360,646,3,165,8.64,3,0.0,8.64,4.2336,0.49,2,0
970,CA-2017-135279,355,750,360,646,3,165,501.81,3,0.0,501.81,0.0,0.0,2,0
971,CA-2014-115791,112,751,361,1040,1,64,127.104,6,0.2,158.88,28.5984,0.225,2,0
972,CA-2014-115791,112,303,361,1040,1,64,124.2,3,0.4,207.0,-31.05,-0.25,2,1
973,CA-2014-115791,112,583,361,1040,1,64,18.588,2,0.7,61.959999999999994,-13.6312,-0.7333333333333333,2,1
974,CA-2014-115791,112,301,361,1040,1,64,30.072,3,0.2,37.589999999999996,10.1493,0.3375,2,0
975,US-2017-103247,286,462,362,1049,1,165,160.93,7,0.0,160.93,3.2186,0.019999999999999997,3,0
976,US-2017-103247,286,352,362,1049,1,165,75.792,3,0.2,94.74,25.5798,0.33749999999999997,3,0
977,US-2017-100209,144,752,363,664,2,41,1.08,2,0.7,3.5999999999999996,-0.792,-0.7333333333333333,6,1
978,CA-2017-159366,309,156,364,1283,3,186,3059.982,2,0.1,3399.98,679.996,0.2222222222222222,3,0
979,CA-2016-145499,356,521,199,1207,3,125,3.282,2,0.7,10.939999999999998,-2.6256,-0.7999999999999999,1,1
980,CA-2015-157035,34,753,365,296,3,135,34.02,3,0.0,34.02,16.6698,0.48999999999999994,3,0
981,CA-2016-144939,13,638,340,751,2,46,599.292,6,0.1,665.88,93.2232,0.15555555555555556,5,0
982,CA-2014-163419,357,754,8,688,1,128,3.392,1,0.2,4.239999999999999,0.8056,0.2375,3,0
983,CA-2014-163419,357,755,8,688,1,128,559.984,2,0.2,699.98,55.9984,0.09999999999999999,3,0
984,CA-2014-163419,357,663,8,688,1,128,603.92,5,0.2,754.8999999999999,75.49,0.125,3,0
985,CA-2017-100314,358,640,366,362,2,90,7.968,2,0.2,9.959999999999999,2.5896,0.325,6,0
986,CA-2017-100314,358,756,366,362,2,90,27.968,4,0.2,34.96,9.4392,0.33749999999999997,6,0
987,CA-2017-100314,358,757,366,362,2,90,336.51,3,0.4,560.85,44.868,0.13333333333333333,6,1
988,CA-2015-146829,359,758,367,367,4,17,1.112,2,0.8,5.560000000000001,-1.8904,-1.7,0,1
989,CA-2017-167899,190,576,368,1144,2,136,520.05,5,0.0,520.05,72.807,0.14,5,0
990,CA-2017-167899,190,759,368,1144,2,136,17.97,3,0.0,17.97,5.2113,0.29,5,0
991,CA-2015-153549,360,285,369,1053,1,134,1166.92,5,0.2,1458.65,131.2785,0.1125,2,0
992,CA-2016-110023,60,625,370,109,3,24,14.624,2,0.2,18.28,5.484,0.375,2,0
993,CA-2016-105585,289,264,371,279,3,59,10.23,3,0.0,10.23,4.9104,0.48,1,0
994,CA-2016-105585,289,760,371,279,3,59,154.9,5,0.0,154.9,69.705,0.44999999999999996,1,0
995,CA-2014-117639,361,761,372,595,2,221,2715.93,7,0.0,2715.93,1276.4871,0.47000000000000003,4,0
996,CA-2014-117639,361,639,372,595,2,221,617.97,3,0.0,617.97,173.0316,0.27999999999999997,4,0
997,CA-2015-162537,362,762,373,503,2,1,10.67,1,0.0,10.67,4.9082,0.46,6,0
998,CA-2015-162537,362,763,373,503,2,1,36.63,3,0.0,36.63,9.8901,0.27,6,0
999,CA-2015-162537,362,764,373,503,2,1,24.1,5,0.0,24.1,9.158,0.37999999999999995,6,0
1000,CA-2015-162537,362,284,373,503,2,1,33.11,7,0.0,33.11,12.9129,0.39,6,0
1001,CA-2016-155488,87,667,374,1020,2,173,44.02,2,0.0,44.02,11.4452,0.25999999999999995,4,0
1002,CA-2015-124891,303,765,375,375,4,24,2309.65,7,0.0,2309.65,762.1845,0.32999999999999996,0,0
1003,CA-2015-124891,303,258,375,375,4,24,1090.782,7,0.4,1817.97,-290.8752,-0.2666666666666667,0,1
1004,CA-2015-124891,303,748,375,375,4,24,19.44,3,0.0,19.44,9.3312,0.48000000000000004,0,0
1005,CA-2015-126445,363,766,376,285,2,222,484.65,3,0.0,484.65,92.0835,0.19,4,0
1006,CA-2015-111199,301,695,51,973,2,223,115.296,3,0.2,144.12,40.3536,0.35,4,0
1007,CA-2015-105312,364,112,377,530,3,58,7.08,3,0.2,8.85,2.478,0.35000000000000003,3,0
1008,CA-2015-105312,364,767,377,530,3,58,4.401,3,0.7,14.669999999999996,-3.5208,-0.8,3,1
1009,US-2017-106705,139,423,378,1282,2,224,44.75,5,0.0,44.75,20.585,0.46,6,0
1010,CA-2017-135034,248,161,379,647,3,156,95.984,2,0.2,119.97999999999999,5.999,0.0625,2,0
1011,CA-2014-158540,365,768,157,36,3,89,151.72,4,0.0,151.72,27.3096,0.18,2,0
1012,CA-2017-118437,59,29,47,549,1,225,155.25,3,0.0,155.25,46.575,0.30000000000000004,4,0
1013,CA-2017-118437,59,769,47,549,1,225,14.03,1,0.0,14.03,4.0687,0.29,4,0
1014,US-2015-126214,366,210,380,101,1,6,1618.37,13,0.0,1618.37,356.0414,0.22000000000000003,3,0
1015,US-2015-126214,366,770,380,101,1,6,99.6,1,0.0,99.6,36.852,0.37,3,0
1016,CA-2015-133025,247,261,15,445,1,2,32.4,5,0.0,32.4,15.552,0.48,2,0
1017,CA-2015-108665,367,771,381,849,2,165,13.96,2,0.0,13.96,6.7008,0.48,4,0
1018,CA-2015-108665,367,690,381,849,2,165,155.82,3,0.0,155.82,63.8862,0.41000000000000003,4,0
1019,CA-2015-108665,367,772,381,849,2,165,124.95,5,0.0,124.95,2.499,0.02,4,0
1020,CA-2015-108665,367,773,381,849,2,165,601.65,5,0.0,601.65,156.429,0.26,4,0
1021,CA-2015-124450,219,774,382,911,2,226,22.74,3,0.0,22.74,8.8686,0.39000000000000007,6,0
1022,CA-2015-124450,219,775,382,911,2,226,1267.53,3,0.0,1267.53,316.8825,0.25,6,0
1023,CA-2015-124450,219,776,382,911,2,226,1379.92,8,0.0,1379.92,648.5624,0.47,6,0
1024,CA-2015-167269,172,777,383,783,2,64,6.208,2,0.2,7.76,2.1728,0.35,4,0
1025,CA-2017-106964,368,778,95,699,3,63,11.808,2,0.2,14.76,4.2804,0.36250000000000004,3,0
1026,CA-2016-126529,369,779,384,1284,1,158,15.552,3,0.2,19.439999999999998,5.4432,0.35000000000000003,2,0
1027,CA-2016-126529,369,780,384,1284,1,158,63.312,3,0.2,79.13999999999999,20.5764,0.325,2,0
1028,CA-2016-126529,369,781,384,1284,1,158,15.588,2,0.4,25.98,-9.8724,-0.6333333333333334,2,1
1029,CA-2014-163552,157,259,385,859,2,104,177.2,5,0.0,177.2,83.284,0.4700000000000001,4,0
1030,CA-2014-163552,157,782,385,859,2,104,197.97,3,0.0,197.97,57.4113,0.29,4,0
1031,CA-2014-163552,157,464,385,859,2,104,854.94,3,0.0,854.94,213.735,0.25,4,0
1032,CA-2014-163552,157,94,385,859,2,104,124.11,9,0.0,124.11,52.1262,0.42,4,0
1033,CA-2014-163552,157,783,385,859,2,104,14.4,5,0.0,14.4,7.056,0.49,4,0
1034,CA-2016-109820,370,784,74,442,3,94,15.696,3,0.2,19.619999999999997,5.1012,0.325,2,0
1035,CA-2016-109820,370,237,74,442,3,94,2.628,2,0.7,8.76,-1.9272,-0.7333333333333333,2,1
1036,CA-2016-109820,370,28,74,442,3,94,14.427,3,0.7,48.08999999999999,-10.5798,-0.7333333333333334,2,1
1037,CA-2016-113061,331,785,184,994,2,227,86.62,2,0.0,86.62,8.662,0.1,4,0
1038,CA-2015-127418,371,786,386,452,3,26,36.624,3,0.2,45.78,13.734,0.375,1,0
1039,CA-2017-121818,372,787,226,611,3,180,23.968,7,0.2,29.959999999999997,2.6964,0.1125,1,0
1040,CA-2017-121818,372,788,226,611,3,180,28.728,3,0.2,35.91,1.7955,0.0625,1,0
1041,CA-2016-127670,373,617,232,831,2,228,697.16,4,0.0,697.16,146.4036,0.21000000000000002,4,0
1042,CA-2016-102981,374,789,48,370,1,46,31.86,2,0.0,31.86,11.151,0.35,3,0
1043,CA-2016-102981,374,790,48,370,1,46,722.352,3,0.2,902.9399999999999,90.294,0.125,3,0
1044,CA-2017-115651,375,791,363,1210,3,27,8.84,5,0.2,11.049999999999999,2.9835,0.33749999999999997,3,0
1045,CA-2017-115651,375,792,363,1210,3,27,58.464,9,0.8,292.32000000000005,-146.16,-2.5,3,1
1046,CA-2017-152702,18,793,387,525,2,229,254.604,14,0.3,363.72,-18.186,-0.07142857142857142,4,1
1047,CA-2016-169103,234,639,388,70,2,230,1363.96,5,0.2,1704.95,85.2475,0.0625,5,0
1048,CA-2016-169103,234,102,388,70,2,230,102.36,3,0.2,127.94999999999999,-3.8385,-0.0375,5,0
1049,CA-2014-139192,63,40,280,107,1,10,1113.504,12,0.2,1391.8799999999999,125.2692,0.1125,5,0
1050,CA-2014-139192,63,591,280,107,1,10,99.99,1,0.0,99.99,37.9962,0.38000000000000006,5,0
1051,US-2015-153500,376,794,231,762,3,64,168.464,2,0.2,210.57999999999998,-29.4812,-0.17500000000000002,2,0
1052,US-2015-153500,376,795,231,762,3,64,6.72,2,0.2,8.399999999999999,2.436,0.3625,2,0
1053,US-2015-153500,376,796,231,762,3,64,282.888,9,0.2,353.60999999999996,56.5776,0.2,2,0
1054,CA-2015-110667,377,797,389,1285,2,30,11.16,2,0.0,11.16,4.3524,0.39,4,0
1055,CA-2015-110667,377,798,389,1285,2,30,108.4,2,0.0,108.4,22.764,0.21,4,0
1056,CA-2015-110667,377,142,389,1285,2,30,82.344,3,0.2,102.92999999999999,27.7911,0.3375,4,0
1057,CA-2015-110667,377,799,389,1285,2,30,9.088,4,0.2,11.359999999999998,3.2944,0.36250000000000004,4,0
1058,CA-2017-167150,131,800,390,95,2,89,19.936,4,0.2,24.919999999999998,7.2268,0.3625,7,0
1059,CA-2017-167150,131,801,390,95,2,89,65.568,2,0.2,81.96,22.9488,0.35,7,0
1060,CA-2016-105284,378,802,391,50,2,106,4.416,3,0.2,5.5200000000000005,1.6008,0.3625,7,0
1061,US-2015-125374,149,390,392,369,2,15,107.772,2,0.3,153.96,-29.2524,-0.2714285714285714,6,1
1062,CA-2015-161263,379,552,393,1123,2,214,45.216,3,0.2,56.519999999999996,4.5216,0.1,5,0
1063,CA-2015-161263,379,803,393,1123,2,214,10.416,7,0.2,13.02,-2.2134,-0.2125,5,0
1064,CA-2015-161263,379,347,393,1123,2,214,7.872,3,0.2,9.84,1.2792,0.16249999999999998,5,0
1065,CA-2015-161263,379,804,393,1123,2,214,118.782,3,0.4,197.97,-27.7158,-0.23333333333333336,5,1
1066,CA-2015-161263,379,805,393,1123,2,214,1.448,1,0.2,1.8099999999999998,0.2353,0.1625,5,0
1067,CA-2015-161263,379,806,393,1123,2,214,55.47,5,0.7,184.89999999999998,-46.225,-0.8333333333333334,5,1
1068,CA-2016-157686,380,65,394,825,3,35,194.848,4,0.2,243.56,12.178,0.0625,1,0
1069,US-2017-139955,381,483,395,1034,1,231,1.744,1,0.2,2.1799999999999997,-0.3488,-0.2,2,0
1070,US-2015-150161,177,302,396,1286,2,106,25.176,4,0.7,83.91999999999999,-18.4624,-0.7333333333333333,4,1
1071,CA-2015-144652,382,325,313,651,2,142,19.46,7,0.0,19.46,5.0596,0.25999999999999995,6,0
1072,CA-2016-152814,383,315,237,441,2,77,29.472,3,0.2,36.839999999999996,9.9468,0.33749999999999997,4,0
1073,CA-2017-106943,384,807,238,124,2,46,8.64,2,0.2,10.8,3.024,0.35,5,0
1074,CA-2016-134348,385,808,397,259,2,155,6.27,5,0.7,20.899999999999995,-4.598,-0.7333333333333334,7,1
1075,CA-2016-134348,385,256,397,259,2,155,4.368,7,0.7,14.559999999999999,-3.3488,-0.7666666666666666,7,1
1076,CA-2016-134348,385,809,397,259,2,155,31.984,2,0.2,39.98,1.999,0.0625,7,0
1077,CA-2016-161781,386,810,322,956,3,135,40.88,7,0.0,40.88,10.6288,0.26,1,0
1078,CA-2017-132521,387,811,398,146,1,60,119.96,2,0.0,119.96,33.5888,0.28,2,0
1079,CA-2017-132521,387,471,398,146,1,60,31.44,3,0.0,31.44,8.4888,0.26999999999999996,2,0
1080,CA-2017-132521,387,481,398,146,1,60,6.88,1,0.2,8.6,2.322,0.3375,2,0
1081,CA-2015-110016,388,812,240,785,2,84,19.92,4,0.0,19.92,9.3624,0.4699999999999999,5,0
1082,CA-2015-110016,388,813,240,785,2,84,1106.91,9,0.0,1106.91,121.7601,0.10999999999999999,5,0
1083,US-2016-143819,31,617,399,347,2,232,836.592,8,0.4,1394.32,-264.9208,-0.31666666666666665,4,1
1084,US-2016-143819,31,814,399,347,2,232,26.38,1,0.0,26.38,12.1348,0.46,4,0
1085,US-2016-143819,31,246,399,347,2,232,362.92,2,0.0,362.92,105.2468,0.29,4,0
1086,US-2016-143819,31,815,399,347,2,232,4899.93,7,0.0,4899.93,2400.9657,0.49,4,0
1087,CA-2016-167584,49,816,400,400,4,194,6.48,1,0.0,6.48,3.1104,0.4799999999999999,0,0
1088,CA-2016-166163,389,174,244,624,1,233,71.976,3,0.2,89.97,7.1976,0.1,5,0
1089,CA-2016-166163,389,817,244,624,1,233,3.15,1,0.0,3.15,1.512,0.48000000000000004,5,0
1090,CA-2017-158407,353,297,401,194,2,234,31.984,2,0.2,39.98,1.999,0.0625,6,0
1091,CA-2017-158407,353,818,401,194,2,234,71.984,2,0.2,89.97999999999999,25.1944,0.35000000000000003,6,0
1092,CA-2015-143490,269,819,402,351,2,189,120.15,9,0.0,120.15,33.642,0.28,7,0
1093,CA-2015-143490,269,820,402,351,2,189,219.184,2,0.2,273.97999999999996,19.1786,0.0875,7,0
1094,CA-2015-165085,390,821,18,621,2,235,28.9,5,0.0,28.9,14.161,0.49,4,0
1095,CA-2015-165085,390,160,18,621,2,235,355.96,2,0.0,355.96,103.2284,0.29,4,0
1096,CA-2017-160423,391,822,277,796,2,44,348.208,7,0.2,435.26,30.4682,0.0875,5,0
1097,CA-2017-160423,391,823,277,796,2,44,35.784,7,0.7,119.27999999999997,-28.6272,-0.7999999999999999,5,1
1098,CA-2014-159338,375,824,403,308,3,14,447.84,5,0.2,559.8,11.196,0.025,3,0
1099,CA-2016-107216,392,825,404,27,3,35,7.04,4,0.0,7.04,2.0416,0.29,3,0
1100,CA-2016-107216,392,397,404,27,3,35,8.73,3,0.0,8.73,4.1031,0.47000000000000003,3,0
1101,CA-2016-107216,392,826,404,27,3,35,29.29,1,0.0,29.29,9.6657,0.32999999999999996,3,0
1102,CA-2016-107216,392,827,404,27,3,35,8.64,3,0.0,8.64,2.5056,0.29,3,0
1103,US-2017-145863,262,308,82,843,2,17,2.694,3,0.8,13.470000000000002,-4.7145,-1.75,6,1
1104,US-2017-145863,262,767,82,843,2,17,2.934,3,0.8,14.670000000000003,-4.9878,-1.7,6,1
1105,CA-2016-112340,393,828,148,190,2,216,22.92,3,0.0,22.92,11.2308,0.49,6,0
1106,US-2016-110156,14,194,259,391,2,17,100.704,6,0.2,125.87999999999998,-16.3644,-0.1625,5,0
1107,US-2016-110156,14,397,259,391,2,17,2.328,2,0.6,5.819999999999999,-0.7566,-0.32500000000000007,5,1
1108,US-2016-110156,14,829,259,391,2,17,10.78,5,0.8,53.900000000000006,-17.248,-1.6,5,1
1109,US-2016-110156,14,830,259,391,2,17,58.368,12,0.2,72.96,21.888,0.375,5,0
1110,US-2016-110156,14,831,259,391,2,17,40.968,3,0.2,51.21,13.8267,0.33749999999999997,5,0
1111,US-2016-110156,14,832,259,391,2,17,71.96,5,0.2,89.94999999999999,25.186,0.35000000000000003,5,0
1112,US-2016-110156,14,833,259,391,2,17,10.368,2,0.2,12.959999999999999,3.6288,0.35,5,0
1113,US-2016-110156,14,99,259,391,2,17,1.192,2,0.8,5.960000000000001,-2.0264,-1.7000000000000002,5,1
1114,CA-2017-140585,155,706,405,332,1,236,46.672,2,0.2,58.339999999999996,16.3352,0.35000000000000003,5,0
1115,CA-2017-140585,155,834,405,332,1,236,119.833,1,0.15,140.98,-12.6882,-0.10588235294117647,5,0
1116,CA-2017-140585,155,604,405,332,1,236,119.98,2,0.0,119.98,57.5904,0.48,5,0
1117,CA-2016-144855,394,366,406,1132,1,95,6.3,2,0.0,6.3,3.024,0.48000000000000004,2,0
1118,CA-2015-142755,395,315,407,1015,2,237,279.9,5,0.0,279.9,137.151,0.4900000000000001,4,0
1119,CA-2015-142755,395,696,407,1015,2,237,619.95,5,0.0,619.95,111.591,0.17999999999999997,4,0
1120,CA-2015-142755,395,835,407,1015,2,237,4.36,2,0.0,4.36,2.0492,0.4699999999999999,4,0
1121,CA-2015-142755,395,662,407,1015,2,237,15.28,2,0.0,15.28,7.4872,0.49,4,0
1122,US-2014-147627,333,836,408,756,2,238,699.93,7,0.0,699.93,181.9818,0.26,6,0
1123,US-2014-147627,333,837,408,756,2,238,22.96,7,0.0,22.96,6.6584,0.29,6,0
1124,US-2014-147627,333,77,408,756,2,238,38.6,4,0.0,38.6,11.58,0.3,6,0
1125,US-2014-147627,333,454,408,756,2,238,6.63,3,0.0,6.63,1.7901,0.27,6,0
1126,US-2014-147627,333,838,408,756,2,238,23.34,3,0.0,23.34,10.9698,0.47,6,0
1127,US-2014-147627,333,407,408,756,2,238,1067.94,3,0.0,1067.94,224.2674,0.21,6,0
1128,CA-2015-105970,51,401,57,1106,2,239,10.16,1,0.0,10.16,2.6416,0.26,5,0
1129,CA-2015-105970,51,619,57,1106,2,239,101.88,6,0.0,101.88,50.94,0.5,5,0
1130,CA-2016-112102,206,839,409,948,2,29,343.92,4,0.0,343.92,75.6624,0.22,4,0
1131,CA-2016-112102,206,840,409,948,2,29,40.99,1,0.0,40.99,20.0851,0.49,4,0
1132,CA-2016-112102,206,119,409,948,2,29,63.9,5,0.0,63.9,28.755,0.45,4,0
1133,US-2016-114776,56,261,410,1287,3,240,19.44,3,0.0,19.44,9.3312,0.48000000000000004,1,0
1134,US-2016-134908,186,42,411,633,2,64,124.608,4,0.2,155.76,-23.364,-0.1875,4,0
1135,US-2016-134908,186,841,411,633,2,64,7.56,3,0.2,9.45,2.646,0.35000000000000003,4,0
1136,US-2016-148803,236,842,26,26,4,241,85.224,3,0.2,106.53,7.4571,0.0875,0,0
1137,CA-2016-152170,396,843,397,626,1,242,287.52,8,0.0,287.52,129.384,0.44999999999999996,3,0
1138,CA-2016-152170,396,552,397,626,1,242,37.68,2,0.0,37.68,10.5504,0.27999999999999997,3,0
1139,CA-2016-152170,396,844,397,626,1,242,19.98,2,0.0,19.98,8.991,0.44999999999999996,3,0
1140,CA-2016-152170,396,502,397,626,1,242,20.58,7,0.0,20.58,5.5566,0.27,3,0
1141,CA-2016-152170,396,845,397,626,1,242,17.38,2,0.0,17.38,8.69,0.5,3,0
1142,CA-2014-146969,276,744,412,463,2,63,204.6,2,0.0,204.6,53.196,0.26,4,0
1143,CA-2014-146969,276,846,412,463,2,63,8.72,4,0.0,8.72,2.8776,0.33,4,0
1144,CA-2014-146969,276,273,412,463,2,63,6.48,1,0.0,6.48,3.1104,0.4799999999999999,4,0
1145,CA-2014-146969,276,847,412,463,2,63,686.32,2,0.2,857.9,223.054,0.32499999999999996,4,0
1146,CA-2014-146969,276,822,412,463,2,63,62.18,1,0.0,62.18,16.7886,0.26999999999999996,4,0
1147,CA-2015-112452,397,848,389,389,4,243,644.076,2,0.1,715.64,107.346,0.16666666666666666,0,0
1148,CA-2015-112452,397,849,389,389,4,243,5.84,2,0.0,5.84,2.628,0.45,0,0
1149,CA-2015-112452,397,850,389,389,4,243,12.76,2,0.0,12.76,5.8696,0.46,0,0
1150,CA-2015-112452,397,851,389,389,4,243,10.95,1,0.0,10.95,0.438,0.04,0,0
1151,CA-2015-112452,397,852,389,389,4,243,599.98,2,0.0,599.98,209.993,0.35,0,0
1152,CA-2015-113971,119,853,413,264,2,244,8.352,6,0.2,10.44,1.2528,0.15,6,0
1153,CA-2017-160395,127,854,414,1009,2,245,3.64,2,0.0,3.64,1.638,0.44999999999999996,6,0
1154,CA-2017-160395,127,698,414,1009,2,245,159.768,7,0.2,199.70999999999998,53.9217,0.3375,6,0
1155,CA-2014-136567,391,855,415,1060,3,246,122.48,2,0.0,122.48,0.0,0.0,1,0
1156,CA-2014-136567,391,856,415,1060,3,246,2244.48,7,0.0,2244.48,493.7856,0.22,1,0
1157,CA-2014-136567,391,351,415,1060,3,246,62.31,3,0.0,62.31,29.2857,0.47,1,0
1158,CA-2014-136567,391,343,415,1060,3,246,455.1,2,0.0,455.1,100.122,0.22,1,0
1159,CA-2016-149314,335,857,416,275,1,26,195.184,1,0.2,243.98,19.5184,0.1,5,0
1160,CA-2017-147039,398,644,223,1288,2,40,362.94,3,0.0,362.94,90.735,0.25,5,0
1161,CA-2017-147039,398,69,223,1288,2,40,11.54,2,0.0,11.54,5.77,0.5,5,0
1162,CA-2014-126522,399,31,417,743,1,247,53.94,3,0.0,53.94,15.6426,0.29000000000000004,4,0
1163,CA-2014-127964,400,858,224,1289,2,46,9.99,1,0.0,9.99,4.5954,0.45999999999999996,5,0
1164,CA-2014-127964,400,271,224,1289,2,46,125.76,3,0.2,157.2,40.872,0.325,5,0
1165,CA-2014-127964,400,859,224,1289,2,46,25.32,5,0.2,31.65,9.1785,0.3625,5,0
1166,CA-2014-117709,401,674,418,1205,2,31,46.8,4,0.0,46.8,21.06,0.45,4,0
1167,CA-2015-125416,111,101,122,122,4,61,447.93,9,0.0,447.93,49.2723,0.11,0,0
1168,CA-2017-145226,112,860,167,390,1,46,109.48,2,0.0,109.48,33.9388,0.31,2,0
1169,CA-2017-145226,112,73,167,390,1,46,272.94,3,0.0,272.94,0.0,0.0,2,0
1170,CA-2017-145226,112,861,167,390,1,46,19.44,3,0.0,19.44,9.3312,0.48000000000000004,2,0
1171,CA-2017-145226,112,862,167,390,1,46,31.92,4,0.0,31.92,8.2992,0.26,2,0
1172,US-2014-100279,350,863,419,620,2,248,22.38,2,0.0,22.38,10.7424,0.48000000000000004,4,0
1173,CA-2014-158064,212,864,420,574,2,142,16.52,5,0.2,20.65,5.5755,0.3375,4,0
1174,US-2015-104430,300,626,421,663,2,51,5.176,4,0.8,25.880000000000006,-7.764,-1.5,4,1
1175,CA-2015-132080,318,865,422,768,3,46,50.112,6,0.2,62.64,16.2864,0.325,3,0
1176,CA-2016-161207,145,661,49,324,2,209,27.93,3,0.0,27.93,8.0997,0.29000000000000004,5,0
1177,CA-2014-120243,402,866,423,126,1,26,11.56,4,0.0,11.56,5.4332,0.47000000000000003,3,0
1178,CA-2016-113621,33,867,50,6,2,249,172.5,2,0.0,172.5,51.75,0.3,4,0
1179,CA-2016-113621,33,161,50,6,2,249,179.97,3,0.0,179.97,44.9925,0.25,4,0
1180,CA-2016-168081,403,620,424,1254,1,33,258.696,3,0.2,323.37,64.674,0.25,3,0
1181,CA-2014-128146,73,868,262,403,2,101,1322.93,7,0.0,1322.93,357.1911,0.27,4,0
1182,CA-2014-128146,73,869,262,403,2,101,3.76,2,0.0,3.76,1.0904,0.29000000000000004,4,0
1183,CA-2017-138779,263,114,425,788,3,223,21.744,1,0.2,27.18,7.3386,0.33749999999999997,1,0
1184,CA-2017-138779,263,870,425,788,3,223,7.92,5,0.2,9.899999999999999,0.693,0.0875,1,0
1185,CA-2014-127131,404,871,157,954,2,6,12.096,7,0.2,15.12,4.2336,0.35,6,0
1186,CA-2014-127131,404,872,157,954,2,6,485.88,6,0.0,485.88,9.7176,0.019999999999999997,6,0
1187,CA-2014-127131,404,586,157,954,2,6,25.92,4,0.0,25.92,12.4416,0.4799999999999999,6,0
1188,CA-2014-127131,404,596,157,954,2,6,197.58,2,0.0,197.58,53.3466,0.27,6,0
1189,CA-2017-117212,405,565,426,1230,1,2,81.92,4,0.0,81.92,22.1184,0.27,2,0
1190,CA-2017-117212,405,873,426,1230,1,2,889.536,8,0.2,1111.9199999999998,66.7152,0.075,2,0
1191,CA-2017-117212,405,874,426,1230,1,2,892.224,3,0.2,1115.28,89.2224,0.09999999999999999,2,0
1192,CA-2017-117212,405,315,426,1230,1,2,223.92,4,0.0,223.92,109.7208,0.49,2,0
1193,CA-2017-117212,405,875,426,1230,1,2,23.12,4,0.0,23.12,11.3288,0.48999999999999994,2,0
1194,US-2015-130519,244,290,427,427,4,250,15.552,3,0.2,19.439999999999998,5.4432,0.35000000000000003,0,0
1195,US-2015-130519,244,876,427,427,4,250,15.712,4,0.2,19.639999999999997,2.5532,0.1625,0,0
1196,US-2015-130519,244,422,427,427,4,250,24.672,2,0.2,30.84,2.1588,0.0875,0,0
1197,US-2015-130519,244,584,427,427,4,250,55.968,1,0.2,69.96,-2.0988,-0.0375,0,0
1198,CA-2016-130946,234,877,144,409,2,17,431.928,9,0.2,539.91,64.7892,0.15,4,0
1199,CA-2016-130946,234,878,144,409,2,17,95.984,4,0.3,137.12,-4.1136,-0.04285714285714286,4,1
1200,CA-2016-130946,234,317,144,409,2,17,1088.792,4,0.8,5443.960000000001,-1850.9464,-1.7000000000000002,4,1
1201,CA-2016-114727,323,630,428,1132,2,77,544.008,3,0.2,680.01,40.8006,0.075,6,0
1202,CA-2016-114727,323,256,428,1132,2,77,1.872,3,0.7,6.239999999999999,-1.4352,-0.7666666666666666,6,1
1203,CA-2016-114727,323,407,428,1132,2,77,854.352,3,0.2,1067.9399999999998,10.6794,0.012499999999999999,6,0
1204,CA-2016-114727,323,879,428,1132,2,77,593.568,2,0.2,741.9599999999999,0.0,0.0,6,0
1205,CA-2016-114727,323,427,428,1132,2,77,338.04,3,0.2,422.55,-33.804,-0.1,6,0
1206,CA-2017-133235,406,705,379,1019,3,44,271.96,5,0.2,339.94999999999993,16.9975,0.0625,3,0
1207,CA-2016-137050,407,603,217,428,1,30,11.21,1,0.0,11.21,3.363,0.3,4,0
1208,CA-2016-137050,407,316,217,428,1,30,9.144,3,0.2,11.43,3.2004,0.35000000000000003,4,0
1209,CA-2016-137050,407,132,217,428,1,30,14.07,7,0.0,14.07,6.8943,0.49,4,0
1210,CA-2016-137050,407,880,217,428,1,30,41.86,7,0.0,41.86,10.465,0.25,4,0
1211,CA-2016-137050,407,881,217,428,1,30,8.544,2,0.2,10.68,2.8836,0.33749999999999997,4,0
1212,CA-2016-137050,407,200,217,428,1,30,579.136,4,0.2,723.92,21.7176,0.037500000000000006,4,0
1213,US-2017-118087,408,212,429,1169,2,64,141.372,2,0.3,201.96000000000004,-48.4704,-0.3428571428571428,4,1
1214,US-2017-118087,408,882,429,1169,2,64,3.036,2,0.7,10.12,-2.3276,-0.7666666666666666,4,1
1215,US-2017-118087,408,492,429,1169,2,64,4.503,1,0.7,15.009999999999998,-3.6024,-0.7999999999999999,4,1
1216,US-2017-118087,408,242,429,1169,2,64,4.672,1,0.2,5.839999999999999,1.5768,0.3375,4,0
1217,US-2017-118087,408,241,429,1169,2,64,95.88,3,0.2,119.85,28.764,0.3,4,0
1218,US-2017-118087,408,883,429,1169,2,64,17.024,2,0.2,21.28,1.7024,0.09999999999999999,4,0
1219,US-2017-118087,408,620,429,1169,2,64,258.696,3,0.2,323.37,64.674,0.25,4,0
1220,US-2017-118087,408,884,429,1169,2,64,1931.958,7,0.4,3219.9300000000003,-386.3916,-0.19999999999999998,4,1
1221,CA-2014-110184,409,18,137,1290,2,2,249.75,9,0.0,249.75,44.955,0.18,4,0
1222,CA-2014-110184,409,885,137,1290,2,2,255.936,8,0.2,319.92,28.7928,0.11249999999999999,4,0
1223,CA-2016-126004,79,768,430,6,3,24,113.79,3,0.0,113.79,20.4822,0.18,1,0
1224,CA-2016-126004,79,476,430,6,3,24,78.15,1,0.0,78.15,34.386,0.44,1,0
1225,CA-2016-126004,79,871,430,6,3,24,1.728,1,0.2,2.1599999999999997,0.6048,0.35000000000000003,1,0
1226,CA-2016-126004,79,886,430,6,3,24,40.56,4,0.0,40.56,19.8744,0.49,1,0
1227,CA-2016-126004,79,887,430,6,3,24,182.94,3,0.0,182.94,3.6588,0.02,1,0
1228,CA-2016-126004,79,888,430,6,3,24,193.86,2,0.0,193.86,11.6316,0.06,1,0
1229,CA-2017-100013,234,589,45,344,2,63,15.28,2,0.0,15.28,7.4872,0.49,5,0
1230,CA-2017-100013,234,699,45,344,2,63,8.73,1,0.0,8.73,2.9682,0.33999999999999997,5,0
1231,CA-2017-100013,234,889,45,344,2,63,5.68,2,0.0,5.68,1.7608,0.31,5,0
1232,CA-2015-132570,410,382,90,122,1,251,2.78,2,0.0,2.78,0.7228,0.26,2,0
1233,CA-2015-132570,410,890,90,122,1,251,79.96,2,0.0,79.96,35.982,0.45,2,0
1234,CA-2016-153682,411,891,199,1265,3,94,839.988,2,0.4,1399.9800000000002,69.999,0.08333333333333333,2,1
1235,CA-2016-144344,311,892,100,100,4,252,47.952,3,0.2,59.94,13.7862,0.2875,0,0
1236,CA-2016-144344,311,692,100,100,4,252,37.425,5,0.7,124.74999999999997,-29.94,-0.8,0,1
1237,CA-2016-144344,311,893,100,100,4,252,63.968,2,0.2,79.96,0.0,0.0,0,0
1238,CA-2016-144344,311,569,100,100,4,252,165.048,3,0.2,206.31,41.262,0.25,0,0
1239,CA-2014-127012,412,894,431,861,2,60,12.35,1,0.0,12.35,5.434,0.44,4,0
1240,CA-2014-127012,412,895,431,861,2,60,40.97,1,0.0,40.97,10.6522,0.26,4,0
1241,CA-2014-127012,412,272,431,861,2,60,22.96,2,0.0,22.96,10.7912,0.47,4,0
1242,CA-2016-128727,247,896,49,914,2,24,22.0,4,0.0,22.0,5.5,0.25,6,0
1243,US-2016-162859,311,897,432,713,2,30,398.352,3,0.2,497.93999999999994,124.485,0.3125,7,0
1244,US-2016-162859,311,53,432,713,2,30,8.72,4,0.0,8.72,3.5752,0.41,7,0
1245,CA-2017-133641,413,898,305,368,2,253,48.69,9,0.0,48.69,23.8581,0.49000000000000005,7,0
1246,CA-2014-168494,414,899,433,638,1,254,764.688,6,0.2,955.8599999999999,95.586,0.125,2,0
1247,CA-2014-168494,414,216,433,638,1,254,3610.848,12,0.2,4513.5599999999995,135.4068,0.0375,2,0
1248,CA-2014-168494,414,900,433,638,1,254,254.9745,3,0.15,299.97,11.9988,0.047058823529411764,2,0
1249,CA-2017-115602,265,901,405,166,2,30,38.82,6,0.0,38.82,17.469,0.45,6,0
1250,CA-2017-115602,265,902,405,166,2,30,1141.938,9,0.1,1268.8200000000002,139.5702,0.1222222222222222,6,0
1251,CA-2017-115602,265,165,405,166,2,30,1704.56,13,0.0,1704.56,511.368,0.3,6,0
1252,CA-2017-115602,265,903,405,166,2,30,3.2,2,0.0,3.2,1.376,0.42999999999999994,6,0
1253,CA-2015-154956,6,904,434,585,2,202,1099.96,4,0.0,1099.96,285.9896,0.26,5,0
1254,CA-2017-144638,415,687,435,1193,2,182,5.248,2,0.2,6.56,0.5904,0.1125,4,0
1255,CA-2017-144638,415,425,435,1193,2,182,35.91,3,0.4,59.849999999999994,-8.379,-0.23333333333333334,4,1
1256,CA-2017-144638,415,905,435,1193,2,182,6.696,1,0.2,8.37,0.5022,0.075,4,0
1257,CA-2017-144638,415,906,435,1193,2,182,43.872,2,0.2,54.839999999999996,11.5164,0.2625,4,0
1258,US-2016-168620,177,583,436,1291,1,44,27.882,3,0.7,92.94,-20.4468,-0.7333333333333333,4,1
1259,US-2016-168620,177,907,436,1291,1,44,540.048,3,0.2,675.06,-47.2542,-0.0875,4,0
1260,US-2016-168620,177,241,436,1291,1,44,255.68,8,0.2,319.59999999999997,76.704,0.3,4,0
1261,CA-2017-117079,416,908,437,856,2,134,863.88,3,0.2,1079.85,107.985,0.125,4,0
1262,US-2016-144393,417,909,100,255,2,255,17.616,4,0.7,58.71999999999999,-14.0928,-0.8,7,1
1263,CA-2017-105053,395,25,438,363,1,256,17.472,3,0.2,21.84,6.3336,0.36249999999999993,2,0
1264,CA-2016-155992,418,140,394,825,3,242,69.9,2,0.0,69.9,18.873,0.27,1,0
1265,CA-2016-155992,418,905,394,825,3,242,41.85,5,0.0,41.85,10.881,0.26,1,0
1266,CA-2017-110380,419,910,265,211,2,35,6.57,3,0.0,6.57,1.7739,0.27,5,0
1267,US-2014-167738,37,385,164,283,2,63,142.86,1,0.0,142.86,41.4294,0.29,5,0
1268,US-2014-167738,37,65,164,283,2,63,292.272,6,0.2,365.34,18.267,0.0625,5,0
1269,CA-2017-121412,411,391,398,1292,2,128,29.328,3,0.2,36.66,3.666,0.125,4,0
1270,CA-2017-100426,420,911,401,111,2,257,12.48,2,0.0,12.48,5.616,0.44999999999999996,4,0
1271,US-2016-103646,260,912,439,994,2,37,102.336,4,0.2,127.91999999999999,-12.792,-0.125,5,0
1272,US-2016-103646,260,724,439,994,2,37,48.792,3,0.8,243.96000000000006,-126.8592,-2.6,5,1
1273,US-2016-103646,260,913,439,994,2,37,44.848,8,0.8,224.24000000000004,-67.272,-1.5000000000000002,5,1
1274,CA-2016-119186,385,748,440,440,4,7,10.368,2,0.2,12.959999999999999,3.6288,0.35,0,0
1275,CA-2016-119186,385,914,440,440,4,7,388.43,5,0.3,554.9000000000001,-88.784,-0.2285714285714286,0,1
1276,CA-2016-119186,385,100,440,440,4,7,14.352,3,0.2,17.939999999999998,5.2026,0.3625,0,0
1277,CA-2016-119186,385,915,440,440,4,7,63.992,1,0.2,79.99,-7.1991,-0.1125,0,0
1278,CA-2016-148698,421,916,441,682,2,33,86.352,3,0.2,107.94,5.397,0.0625,5,0
1279,CA-2014-163293,347,917,79,1103,3,258,32.97,3,0.0,32.97,12.8583,0.39,3,0
1280,CA-2014-163293,347,918,79,1103,3,258,83.88,4,0.0,83.88,30.1968,0.36000000000000004,3,0
1281,CA-2016-160815,310,919,65,48,3,259,278.4,3,0.0,278.4,80.736,0.29000000000000004,1,0
1282,CA-2017-122154,194,920,360,646,3,134,15.12,3,0.2,18.9,4.914,0.325,2,0
1283,CA-2017-122154,194,921,360,646,3,134,17.43,1,0.7,58.09999999999999,-13.363,-0.7666666666666666,2,1
1284,CA-2017-122154,194,922,360,646,3,134,251.64,3,0.2,314.54999999999995,88.074,0.35000000000000003,2,0
1285,US-2015-149692,148,923,402,296,2,111,2.772,7,0.8,13.860000000000001,-4.851,-1.7500000000000002,6,1
1286,CA-2016-119445,422,384,191,895,2,260,14.9,5,0.0,14.9,1.043,0.06999999999999999,7,0
1287,CA-2015-124268,58,924,434,952,2,46,15.48,3,0.0,15.48,4.4892,0.29000000000000004,4,0
1288,CA-2016-154711,423,64,442,492,2,30,39.88,2,0.0,39.88,11.1664,0.27999999999999997,4,0
1289,CA-2016-154711,423,537,442,492,2,30,12.192,4,0.2,15.24,4.1148,0.33749999999999997,4,0
1290,CA-2016-154711,423,925,442,492,2,30,20.82,3,0.0,20.82,7.4952,0.36,4,0
1291,CA-2016-163384,255,926,339,397,3,35,13.216,4,0.2,16.52,4.4604,0.3375,2,0
1292,CA-2016-163384,255,861,339,397,3,35,32.4,5,0.0,32.4,15.552,0.48,2,0
1293,CA-2015-101707,59,134,376,136,2,189,32.94,3,0.0,32.94,9.2232,0.28,5,0
1294,CA-2015-101707,59,927,376,136,2,189,114.2,5,0.0,114.2,52.532,0.45999999999999996,5,0
1295,CA-2015-101707,59,86,376,136,2,189,3.08,1,0.0,3.08,1.4784,0.48,5,0
1296,CA-2015-138898,424,724,443,353,2,261,845.728,13,0.2,1057.1599999999999,84.5728,0.1,4,0
1297,CA-2017-115427,425,531,248,1278,2,262,13.904,2,0.2,17.38,4.5188,0.32499999999999996,4,0
1298,CA-2017-115427,425,570,248,1278,2,262,20.72,2,0.2,25.9,6.475,0.3125,4,0
1299,CA-2016-134425,426,462,17,940,1,42,114.95,5,0.0,114.95,2.299,0.02,4,0
1300,CA-2015-121391,398,147,243,1293,3,10,26.96,2,0.0,26.96,7.0096,0.26,3,0
1301,CA-2016-137043,96,36,444,592,1,29,572.76,6,0.0,572.76,166.1004,0.29000000000000004,2,0
1302,CA-2016-137043,96,36,444,592,1,29,286.38,3,0.0,286.38,83.0502,0.29000000000000004,2,0
1303,CA-2015-115847,427,928,445,497,1,102,61.96,2,0.0,61.96,4.3372,0.07,5,0
1304,US-2017-126179,428,929,446,438,2,113,23.99,1,0.0,23.99,5.5177,0.23,4,0
1305,US-2017-126179,428,665,446,438,2,113,287.97,3,0.0,287.97,77.7519,0.27,4,0
1306,CA-2016-101966,299,930,217,88,1,67,419.944,7,0.2,524.93,52.493,0.125,2,0
1307,CA-2016-141397,117,482,24,1029,3,55,46.76,7,0.0,46.76,22.4448,0.48000000000000004,1,0
1308,CA-2016-141397,117,778,24,1029,3,55,17.712,3,0.2,22.139999999999997,6.4206,0.36250000000000004,1,0
1309,CA-2016-141397,117,931,24,1029,3,55,21.78,2,0.0,21.78,5.6628,0.25999999999999995,1,0
1310,CA-2016-141397,117,399,24,1029,3,55,161.94,3,0.0,161.94,9.7164,0.060000000000000005,1,0
1311,CA-2016-141397,117,932,24,1029,3,55,161.568,2,0.2,201.96,-8.0784,-0.049999999999999996,1,0
1312,CA-2016-141082,249,933,11,181,2,129,3.69,1,0.0,3.69,1.7343,0.47,4,0
1313,CA-2016-141082,249,934,11,181,2,129,122.12,4,0.0,122.12,56.1752,0.45999999999999996,4,0
1314,US-2016-134488,8,638,447,394,2,48,155.372,2,0.3,221.96000000000004,-13.3176,-0.08571428571428572,7,1
1315,CA-2016-145919,429,935,123,444,2,4,38.88,6,0.0,38.88,18.6624,0.48000000000000004,5,0
1316,CA-2016-145919,429,936,123,444,2,4,183.84,8,0.0,183.84,62.5056,0.34,5,0
1317,CA-2016-145919,429,414,123,444,2,4,579.3,5,0.0,579.3,28.965,0.05,5,0
1318,CA-2017-157651,67,937,390,818,2,75,14.2,1,0.2,17.749999999999996,3.3725,0.23750000000000002,4,0
1319,CA-2014-160773,430,908,269,261,2,263,575.92,2,0.2,719.8999999999999,71.99,0.125,4,0
1320,CA-2014-160773,430,615,269,261,2,263,5.184,6,0.7,17.279999999999998,-3.6288,-0.7,4,1
1321,CA-2017-167703,431,700,448,1294,2,94,5.229,3,0.7,17.429999999999996,-4.1832,-0.8,5,1
1322,CA-2017-167703,431,519,448,1294,2,94,285.552,2,0.2,356.94,35.694,0.125,5,0
1323,CA-2017-121804,432,938,449,145,2,264,72.8,5,0.0,72.8,19.656,0.27,5,0
1324,CA-2017-162635,433,939,450,1209,3,125,10.816,4,0.2,13.52,3.5152,0.325,1,0
1325,CA-2014-107153,434,422,451,463,2,129,46.26,3,0.0,46.26,12.4902,0.27,5,0
1326,US-2014-117058,98,940,280,993,3,156,17.46,6,0.8,87.30000000000003,-30.555,-1.75,3,1
1327,CA-2015-120439,58,883,452,653,2,75,51.072,6,0.2,63.84,5.1072,0.09999999999999999,4,0
1328,CA-2016-128258,435,753,453,179,3,212,11.34,1,0.0,11.34,5.5566,0.49000000000000005,2,0
1329,CA-2017-106033,436,941,454,1295,1,95,87.92,4,0.0,87.92,26.376,0.3,3,0
1330,CA-2016-142762,437,894,455,1023,2,10,37.05,3,0.0,37.05,16.302,0.44,4,0
1331,CA-2017-127705,438,501,456,922,2,204,2.97,1,0.4,4.95,-0.6435,-0.21666666666666665,4,1
1332,CA-2017-127705,438,457,456,922,2,204,27.44,2,0.2,34.3,2.401,0.0875,4,0
1333,CA-2014-122567,439,752,457,806,2,78,1.08,3,0.8,5.400000000000001,-1.728,-1.5999999999999999,5,1
1334,CA-2014-122567,439,942,457,806,2,78,7.96,2,0.8,39.80000000000001,-13.93,-1.75,5,1
1335,CA-2014-121664,7,716,458,1026,2,14,140.736,8,0.2,175.92,52.776,0.37500000000000006,4,0
1336,CA-2016-122133,440,943,459,455,2,265,552.56,4,0.0,552.56,0.0,0.0,7,0
1337,US-2017-123281,441,905,460,105,2,142,25.11,3,0.0,25.11,6.5286,0.26,5,0
1338,CA-2017-100524,442,944,186,460,1,165,29.78,2,0.0,29.78,8.0406,0.26999999999999996,2,0
1339,CA-2017-100524,442,945,186,460,1,165,677.58,3,0.0,677.58,176.1708,0.26,2,0
1340,CA-2017-100524,442,946,186,460,1,165,75.04,8,0.0,75.04,36.0192,0.4799999999999999,2,0
1341,CA-2017-113481,443,947,461,1296,3,223,695.7,2,0.5,1391.4,-27.828,-0.039999999999999994,2,1
1342,CA-2017-113481,443,865,461,1296,3,223,15.66,5,0.7,52.199999999999996,-12.528,-0.8,2,1
1343,CA-2017-113481,443,28,461,1296,3,223,28.854,6,0.7,96.17999999999998,-21.1596,-0.7333333333333334,2,1
1344,CA-2015-131758,42,948,72,933,2,266,47.82,3,0.0,47.82,14.346,0.3,4,0
1345,CA-2015-131758,42,949,72,933,2,266,13.05,5,0.0,13.05,6.003,0.45999999999999996,4,0
1346,CA-2014-118339,203,590,462,978,2,88,93.78,2,0.0,93.78,36.5742,0.38999999999999996,7,0
1347,CA-2014-118339,203,950,462,978,2,88,47.18,7,0.0,47.18,23.59,0.5,7,0
1348,CA-2014-118339,203,951,462,978,2,88,19.68,6,0.0,19.68,5.7072,0.29000000000000004,7,0
1349,CA-2014-118339,203,952,462,978,2,88,53.4,10,0.0,53.4,25.098,0.47,7,0
1350,CA-2014-118339,203,953,462,978,2,88,35.88,6,0.0,35.88,17.2224,0.48,7,0
1351,CA-2014-153976,444,813,463,1170,1,190,258.279,3,0.3,368.97,-70.1043,-0.2714285714285714,5,1
1352,CA-2016-162901,443,954,464,1045,3,102,31.4,2,0.0,31.4,7.85,0.25,3,0
1353,CA-2017-162978,353,522,465,1189,2,10,183.96,5,0.2,229.95,20.6955,0.11249999999999999,5,0
1354,CA-2017-162978,353,708,465,1189,2,10,17.61,3,0.0,17.61,8.4528,0.48,5,0
1355,CA-2017-162978,353,216,465,1189,2,10,300.904,1,0.2,376.13,11.2839,0.0375,5,0
1356,US-2014-160444,420,197,261,261,4,67,220.776,3,0.2,275.96999999999997,-44.1552,-0.19999999999999998,0,0
1357,US-2014-160444,420,912,261,261,4,67,281.424,11,0.2,351.78,-35.178,-0.125,0,0
1358,CA-2016-145247,445,955,466,682,3,176,79.14,3,0.0,79.14,36.4044,0.46,2,0
1359,CA-2017-160045,446,528,467,843,3,7,1.988,1,0.6,4.97,-1.4413,-0.725,1,1
1360,US-2014-151925,447,956,468,1202,1,14,145.568,2,0.2,181.96,0.0,0.0,5,0
1361,CA-2017-125199,448,667,16,1297,2,75,123.256,7,0.2,154.07,9.2442,0.075,6,0
1362,CA-2017-125199,448,957,16,1297,2,75,23.68,4,0.2,29.599999999999998,7.4,0.3125,6,0
1363,CA-2017-125199,448,958,16,1297,2,75,309.576,4,0.4,515.96,-56.7556,-0.18333333333333332,6,1
1364,US-2017-155425,449,625,469,344,3,116,38.388,14,0.7,127.95999999999998,-25.592,-0.6666666666666666,1,1
1365,US-2017-155425,449,959,469,344,3,116,95.994,2,0.7,319.97999999999996,-63.996,-0.6666666666666667,1,1
1366,US-2017-155425,449,960,469,344,3,116,239.952,6,0.2,299.94,-35.9928,-0.15000000000000002,1,0
1367,US-2017-155425,449,203,469,344,3,116,201.584,2,0.2,251.98,15.1188,0.075,1,0
1368,US-2017-155425,449,300,469,344,3,116,899.136,4,0.2,1123.9199999999998,-146.1096,-0.1625,1,0
1369,CA-2017-133249,450,288,142,498,3,267,145.9,5,0.0,145.9,62.737,0.43,3,0
1370,US-2015-103471,440,179,101,76,2,98,590.058,7,0.7,1966.8599999999997,-786.744,-1.3333333333333335,4,1
1371,US-2015-103471,440,629,101,76,2,98,14.04,3,0.2,17.549999999999997,1.5795,0.1125,4,0
1372,CA-2017-136672,451,961,470,847,2,235,49.08,3,0.0,49.08,4.908,0.1,5,0
1373,US-2014-157021,28,580,471,323,1,168,29.6,2,0.0,29.6,14.8,0.5,5,0
1374,US-2014-157021,28,962,471,323,1,168,17.088,4,0.2,21.36,5.5536,0.325,5,0
1375,CA-2015-120362,245,963,472,445,2,268,912.75,5,0.0,912.75,118.6575,0.13,5,0
1376,CA-2014-126361,105,964,473,129,1,269,1089.75,3,0.0,1089.75,305.13,0.27999999999999997,5,0
1377,CA-2014-126361,105,965,473,129,1,269,447.84,8,0.0,447.84,219.4416,0.49,5,0
1378,CA-2014-126361,105,966,473,129,1,269,16.4,5,0.0,16.4,4.264,0.26000000000000006,5,0
1379,CA-2014-126361,105,967,473,129,1,269,399.96,5,0.2,499.94999999999993,34.9965,0.0875,5,0
1380,CA-2014-126361,105,968,473,129,1,269,158.9,5,0.0,158.9,7.945,0.05,5,0
1381,CA-2014-126361,105,92,473,129,1,269,13.184,1,0.2,16.479999999999997,4.7792,0.36250000000000004,5,0
1382,US-2016-100566,452,584,324,370,2,174,83.952,3,0.6,209.88,-90.2484,-1.0750000000000002,6,1
1383,US-2016-108504,453,872,474,474,4,270,80.98,1,0.0,80.98,1.6196,0.019999999999999997,0,0
1384,US-2016-108504,453,969,474,474,4,270,348.84,9,0.0,348.84,170.9316,0.49000000000000005,0,0
1385,US-2016-108504,453,970,474,474,4,270,9.45,5,0.0,9.45,0.189,0.02,0,0
1386,US-2016-108504,453,268,474,474,4,270,18.84,3,0.0,18.84,7.1592,0.38,0,0
1387,US-2016-108504,453,575,474,474,4,270,239.98,2,0.0,239.98,52.7956,0.22,0,0
1388,US-2016-108504,453,971,474,474,4,270,167.96,2,0.0,167.96,78.9412,0.47,0,0
1389,US-2016-108504,453,140,474,474,4,270,104.85,3,0.0,104.85,28.3095,0.27,0,0
1390,US-2016-108504,453,298,474,474,4,270,484.83,3,0.0,484.83,126.0558,0.26,0,0
1391,US-2016-108504,453,448,474,474,4,270,122.97,3,0.0,122.97,60.2553,0.49,0,0
1392,US-2016-108504,453,233,474,474,4,270,154.44,3,0.0,154.44,1.5444,0.01,0,0
1393,US-2016-108504,453,63,474,474,4,270,342.37,7,0.0,342.37,160.9139,0.47000000000000003,0,0
1394,CA-2017-124828,454,182,446,1288,3,180,9.552,3,0.2,11.94,1.5522,0.1625,1,0
1395,US-2017-117247,317,972,450,337,2,174,652.45,5,0.5,1304.9,-430.617,-0.66,5,1
1396,US-2017-117247,317,973,450,337,2,174,66.645,3,0.5,133.29,-42.6528,-0.64,5,1
1397,CA-2016-124485,397,974,391,492,3,46,17.216,4,0.2,21.52,6.0256,0.35,2,0
1398,CA-2016-124485,397,610,391,492,3,46,11.56,2,0.0,11.56,5.6644,0.48999999999999994,2,0
1399,CA-2016-124485,397,177,391,492,3,46,88.4,4,0.0,88.4,11.492,0.13,2,0
1400,CA-2016-124485,397,975,391,492,3,46,6.48,1,0.0,6.48,3.1104,0.4799999999999999,2,0
1401,CA-2016-159212,455,48,475,733,2,271,21.8,2,0.0,21.8,6.104,0.27999999999999997,4,0
1402,CA-2016-159212,455,557,475,733,2,271,251.79,3,0.0,251.79,118.3413,0.47000000000000003,4,0
1403,US-2016-161396,40,976,476,135,2,48,205.176,2,0.4,341.96,-58.1332,-0.2833333333333334,6,1
1404,US-2016-161396,40,977,476,135,2,48,419.4,5,0.2,524.2499999999999,146.79,0.35,6,0
1405,US-2014-118486,175,506,323,919,3,106,10.304,1,0.2,12.879999999999999,-2.1896,-0.2125,2,0
1406,US-2014-118486,175,978,323,919,3,106,154.764,3,0.4,257.94000000000005,-36.1116,-0.23333333333333334,2,1
1407,US-2014-118486,175,172,323,919,3,106,116.784,2,0.2,145.98,21.897,0.18749999999999997,2,0
1408,CA-2016-130407,31,979,477,48,2,24,75.48,2,0.0,75.48,19.6248,0.26,4,0
1409,CA-2016-130407,31,297,477,48,2,24,39.98,2,0.0,39.98,9.995,0.25,4,0
1410,US-2016-122245,456,737,478,956,2,52,393.165,3,0.5,786.33,-204.4458,-0.5199999999999999,5,1
1411,CA-2017-105144,450,430,260,344,2,71,23.68,2,0.2,29.599999999999998,8.88,0.37500000000000006,7,0
1412,CA-2016-136329,64,630,479,1298,2,46,408.006,2,0.1,453.34,72.5344,0.1777777777777778,4,0
1413,CA-2016-136329,64,480,479,1298,2,46,165.28,4,0.0,165.28,14.8752,0.09,4,0
1414,CA-2014-146640,457,980,480,261,2,24,334.768,7,0.2,418.4599999999999,108.7996,0.325,5,0
1415,CA-2017-115994,458,915,481,1299,1,147,239.97,3,0.0,239.97,26.3967,0.11,3,0
1416,CA-2017-115994,458,981,481,1299,1,147,37.74,3,0.0,37.74,12.8316,0.33999999999999997,3,0
1417,CA-2015-126697,459,982,482,497,3,17,946.344,7,0.2,1182.93,118.293,0.125,3,0
1418,CA-2015-126697,459,726,482,497,3,17,151.2,3,0.2,188.99999999999997,32.13,0.21250000000000002,3,0
1419,CA-2015-126697,459,51,482,497,3,17,4.928,4,0.6,12.319999999999999,-1.4784,-0.3,3,1
1420,CA-2015-124800,460,983,121,1239,2,155,86.272,4,0.2,107.84,31.2736,0.36249999999999993,4,0
1421,CA-2015-124800,460,262,121,1239,2,155,72.588,2,0.7,241.95999999999995,-48.392,-0.6666666666666667,4,1
1422,CA-2015-124800,460,984,121,1239,2,155,60.672,2,0.2,75.83999999999999,14.4096,0.2375,4,0
1423,CA-2015-124800,460,698,121,1239,2,155,77.031,9,0.7,256.77,-59.0571,-0.7666666666666666,4,1
1424,CA-2015-124800,460,353,121,1239,2,155,119.904,6,0.2,149.88,-1.4988,-0.012499999999999999,4,0
1425,CA-2015-124800,460,985,121,1239,2,155,263.96,5,0.2,329.94999999999993,23.0965,0.08750000000000001,4,0
1426,CA-2015-124800,460,419,121,1239,2,155,363.648,4,0.2,454.56,-86.3664,-0.2375,4,0
1427,US-2015-164448,461,526,90,1259,1,206,9.728,2,0.2,12.159999999999998,3.2832,0.3375,4,0
1428,US-2015-164448,461,112,90,1259,1,206,14.75,5,0.0,14.75,7.08,0.48,4,0
1429,US-2015-164448,461,986,90,1259,1,206,29.8,5,0.2,37.25,9.3125,0.3125,4,0
1430,US-2015-164448,461,581,90,1259,1,206,427.42,14,0.0,427.42,196.6132,0.46,4,0
1431,CA-2017-122700,300,522,201,330,2,48,220.752,8,0.4,367.92,-40.4712,-0.18333333333333335,4,1
1432,CA-2014-120768,6,987,175,1060,1,257,152.76,6,0.0,152.76,74.8524,0.49000000000000005,2,0
1433,CA-2014-120768,6,516,175,1060,1,257,7.27,1,0.0,7.27,1.9629,0.27,2,0
1434,CA-2014-120768,6,71,175,1060,1,257,1819.86,14,0.0,1819.86,163.7874,0.09,2,0
1435,US-2016-153129,225,988,483,946,2,60,33.9,5,0.0,33.9,15.594,0.46,4,0
1436,CA-2017-106852,462,989,309,819,2,272,31.104,6,0.2,38.879999999999995,10.8864,0.35000000000000003,7,0
1437,CA-2017-106852,462,951,309,819,2,272,5.248,2,0.2,6.56,0.5904,0.1125,7,0
1438,CA-2015-139731,33,990,53,53,4,140,263.88,3,0.2,329.84999999999997,42.8805,0.1625,0,0
1439,CA-2015-139731,33,484,53,53,4,140,2453.43,5,0.3,3504.9,-350.49,-0.14285714285714288,0,1
1440,CA-2017-122735,218,991,484,5,1,260,29.7,5,0.0,29.7,13.365,0.45,3,0
1441,CA-2017-122735,218,992,484,5,1,260,39.96,4,0.0,39.96,17.982,0.44999999999999996,3,0
1442,CA-2017-128160,463,711,485,166,1,95,36.672,2,0.2,45.839999999999996,11.46,0.31250000000000006,5,0
1443,CA-2017-117695,464,321,486,1300,3,127,13.76,2,0.0,13.76,6.3296,0.46,3,0
1444,CA-2015-166135,465,124,487,1273,2,43,139.424,4,0.2,174.28,17.428,0.125,5,0
1445,CA-2016-133725,108,904,455,317,2,37,1979.928,9,0.2,2474.91,148.4946,0.075,5,0
1446,CA-2017-102337,175,233,488,115,3,156,164.736,4,0.2,205.92,-39.1248,-0.23750000000000002,3,0
1447,CA-2017-102337,175,993,488,115,3,156,470.302,7,0.3,671.8600000000001,-87.3418,-0.18571428571428572,3,1
1448,CA-2017-102337,175,994,488,115,3,156,47.984,2,0.2,59.98,5.998,0.125,3,0
1449,US-2014-112564,379,995,489,1301,3,64,2.502,3,0.7,8.339999999999998,-1.7514,-0.7000000000000001,1,1
1450,CA-2015-145821,81,996,490,821,2,142,88.752,3,0.2,110.93999999999998,11.094,0.125,6,0
1451,US-2015-160150,466,997,491,604,3,52,2.025,1,0.7,6.749999999999999,-1.35,-0.6666666666666667,1,1
1452,CA-2016-133711,467,886,492,897,3,273,70.98,7,0.0,70.98,34.7802,0.49,3,0
1453,CA-2016-133711,467,998,492,897,3,273,91.68,3,0.0,91.68,45.84,0.5,3,0
1454,CA-2016-133711,467,997,492,897,3,273,33.75,5,0.0,33.75,16.875,0.5,3,0
1455,CA-2016-133711,467,999,492,897,3,273,3040.0,8,0.0,3040.0,1459.2,0.48000000000000004,3,0
1456,CA-2017-148474,468,1000,493,250,2,113,91.2,3,0.0,91.2,41.952,0.45999999999999996,7,0
1457,CA-2017-148474,468,1001,493,250,2,113,452.94,3,0.0,452.94,67.941,0.15,7,0
1458,CA-2015-111297,465,327,494,292,2,274,52.2,9,0.0,52.2,23.49,0.44999999999999996,4,0
1459,CA-2016-123722,469,640,478,394,2,275,15.936,4,0.2,19.919999999999998,5.1792,0.325,6,0
1460,CA-2014-155271,5,1002,418,418,4,265,27.46,2,0.0,27.46,9.8856,0.36,0,0
1461,CA-2015-119907,96,1003,495,576,2,6,55.424,2,0.2,69.28,19.3984,0.35,7,0
1462,US-2016-128902,470,617,22,544,2,276,244.006,2,0.3,348.58000000000004,-31.3722,-0.12857142857142856,4,1
1463,CA-2016-152289,19,410,371,771,3,90,159.984,2,0.2,199.98,43.9956,0.275,2,0
1464,CA-2016-152289,19,857,371,771,3,90,1024.716,6,0.3,1463.8799999999999,-29.2776,-0.028571428571428574,2,1
1465,US-2016-104794,471,802,187,1055,3,30,3.68,2,0.0,3.68,1.8032,0.48999999999999994,3,0
1466,CA-2014-151708,94,768,234,1302,2,277,121.376,4,0.2,151.72,-3.0344,-0.025,6,0
1467,CA-2014-151708,94,98,234,1302,2,277,95.976,3,0.2,119.97,-10.7973,-0.1125,6,0
1468,CA-2015-100769,275,658,496,496,4,134,255.968,4,0.2,319.96,31.996,0.125,0,0
1469,CA-2017-139199,461,1004,35,1097,2,152,872.94,3,0.0,872.94,226.9644,0.26,4,0
1470,CA-2017-139199,461,351,35,1097,2,152,41.54,2,0.0,41.54,19.5238,0.47000000000000003,4,0
1471,CA-2017-139199,461,1005,35,1097,2,152,12.96,2,0.0,12.96,6.2208,0.4799999999999999,4,0
1472,US-2015-161466,22,1006,497,875,1,75,6.848,2,0.2,8.559999999999999,0.5992,0.0875,3,0
1473,CA-2017-164959,472,689,498,664,2,26,8.67,3,0.0,8.67,4.0749,0.47000000000000003,4,0
1474,US-2015-105676,393,1007,495,1258,4,67,6.688,4,0.6,16.72,-4.0128,-0.6000000000000001,1,1
1475,CA-2016-113138,473,1008,259,882,2,278,17.28,6,0.0,17.28,5.0112,0.29,6,0
1476,CA-2016-113138,473,778,259,882,2,278,17.712,3,0.2,22.139999999999997,6.4206,0.36250000000000004,6,0
1477,US-2017-104955,345,1009,499,669,2,24,28.91,7,0.0,28.91,13.2986,0.46,5,0
1478,CA-2016-121958,474,661,374,1020,2,279,52.136,7,0.2,65.17,5.8653,0.1125,4,0
1479,CA-2017-121468,45,434,124,226,3,280,31.968,4,0.2,39.96,2.3976,0.07500000000000001,1,0
1480,US-2016-108455,178,1010,500,17,2,35,25.92,4,0.0,25.92,12.4416,0.4799999999999999,6,0
1481,US-2016-108455,178,1011,500,17,2,35,40.46,7,0.0,40.46,19.8254,0.48999999999999994,6,0
1482,US-2016-108455,178,1012,500,17,2,35,33.87,3,0.0,33.87,8.8062,0.26,6,0
1483,CA-2017-101210,387,488,327,736,1,281,9.728,2,0.2,12.159999999999998,1.7024,0.175,3,0
1484,CA-2017-101210,387,1013,327,736,1,281,3.424,1,0.2,4.279999999999999,1.07,0.3125,3,0
1485,US-2016-108098,292,1014,501,808,2,61,177.0,3,0.0,177.0,30.09,0.17,4,0
1486,CA-2014-119032,475,1015,502,641,2,46,3.76,2,0.0,3.76,1.316,0.35000000000000003,6,0
1487,CA-2015-140410,476,1016,503,210,2,142,1212.848,7,0.2,1516.06,106.1242,0.08750000000000001,4,0
1488,CA-2015-140410,476,1017,503,210,2,142,89.97,3,0.0,89.97,37.7874,0.42,4,0
1489,CA-2015-140410,476,379,503,210,2,142,42.6,3,0.0,42.6,16.614,0.39,4,0
1490,CA-2014-136280,477,817,504,777,2,106,5.04,2,0.2,6.3,1.764,0.35,7,0
1491,CA-2017-151911,394,37,505,1025,1,24,62.96,4,0.0,62.96,28.332,0.45,5,0
1492,CA-2017-166436,478,1018,222,355,2,46,5.88,1,0.0,5.88,2.8812,0.49000000000000005,4,0
1493,CA-2017-166436,478,324,222,355,2,46,977.292,6,0.1,1085.88,173.7408,0.17777777777777778,4,0
1494,CA-2017-139661,479,764,506,133,2,173,9.64,2,0.0,9.64,3.6632,0.37999999999999995,4,0
1495,CA-2014-123925,168,819,507,175,1,113,40.05,3,0.0,40.05,11.214,0.28,2,0
1496,CA-2017-152485,480,854,508,566,2,282,10.192,7,0.2,12.74,3.185,0.3125,4,0
1497,CA-2017-152485,480,1019,508,566,2,282,16.784,1,0.2,20.979999999999997,-0.2098,-0.0125,4,0
1498,CA-2017-152485,480,170,508,566,2,282,13.12,5,0.2,16.4,3.772,0.2875,4,0
1499,CA-2016-141586,72,110,509,202,3,35,18.16,5,0.2,22.7,6.583,0.3625,3,0
1500,CA-2017-130386,160,187,106,552,2,111,16.056,3,0.2,20.07,5.8203,0.36249999999999993,6,0
1501,CA-2017-130386,160,1020,106,552,2,111,223.056,9,0.2,278.82,69.705,0.3125,6,0
1502,CA-2017-130386,160,907,106,552,2,111,540.048,3,0.2,675.06,-47.2542,-0.0875,6,0
1503,CA-2016-100468,402,1021,391,50,2,63,33.52,2,0.2,41.9,3.352,0.09999999999999999,7,0
1504,CA-2016-100468,402,528,391,50,2,63,9.94,2,0.0,9.94,3.0814,0.31,7,0
1505,CA-2015-153388,481,60,510,977,2,26,6.72,4,0.0,6.72,3.36,0.5,6,0
1506,CA-2015-153388,481,1022,510,977,2,26,1004.976,6,0.2,1256.22,-175.8708,-0.17500000000000002,6,0
1507,CA-2017-154935,482,986,166,615,2,24,17.88,3,0.2,22.349999999999998,5.5875,0.31250000000000006,5,0
1508,CA-2016-134208,474,1023,43,714,2,113,396.0,4,0.0,396.0,190.08,0.48000000000000004,6,0
1509,CA-2017-108294,61,1024,390,390,4,199,34.5,3,0.0,34.5,15.525,0.45,0,0
1510,CA-2017-103611,342,1007,511,176,3,2,8.36,2,0.0,8.36,3.0096,0.36,3,0
1511,CA-2017-100384,469,282,93,871,2,283,385.6,8,0.0,385.6,111.824,0.29,7,0
1512,CA-2017-100384,469,182,93,871,2,283,35.82,9,0.0,35.82,11.8206,0.33,7,0
1513,CA-2017-112809,155,226,239,1030,2,78,200.064,3,0.2,250.07999999999998,12.504,0.0625,4,0
1514,CA-2017-112809,155,411,239,1030,2,78,21.38,5,0.8,106.90000000000002,-33.139,-1.5500000000000003,4,1
1515,CA-2017-112809,155,675,239,1030,2,78,6.744,4,0.8,33.720000000000006,-11.4648,-1.7000000000000002,4,1
1516,US-2017-160759,483,956,158,95,2,75,63.686,1,0.3,90.98,-9.098,-0.14285714285714288,6,1
1517,CA-2017-148446,267,490,390,818,1,284,1669.6,4,0.0,1669.6,116.872,0.07,4,0
1518,CA-2014-111059,484,271,512,645,1,60,83.84,2,0.2,104.8,27.248,0.325,3,0
1519,CA-2014-111059,484,556,512,645,1,60,13.272,3,0.2,16.59,4.3134,0.32499999999999996,3,0
1520,CA-2017-116204,101,734,513,1303,1,95,21.336,7,0.2,26.669999999999998,7.7343,0.36250000000000004,3,0
1521,CA-2017-109946,485,1025,514,82,2,27,16.52,5,0.2,20.65,2.065,0.125,5,0
1522,CA-2015-144806,486,593,402,556,2,116,206.112,6,0.2,257.64,48.9516,0.2375,5,0
1523,CA-2015-144806,486,1026,402,556,2,116,19.92,5,0.2,24.900000000000002,6.723,0.33749999999999997,5,0
1524,CA-2015-144806,486,335,402,556,2,116,198.272,8,0.2,247.83999999999997,61.96,0.3125,5,0
1525,CA-2015-144806,486,233,402,556,2,116,247.104,6,0.2,308.88,-58.6872,-0.2375,5,0
1526,CA-2015-144806,486,31,402,556,2,116,86.304,6,0.2,107.88,9.7092,0.11249999999999999,5,0
1527,CA-2016-122392,171,1027,406,1275,2,285,4.16,2,0.2,5.2,0.364,0.0875,5,0
1528,CA-2016-122392,171,1028,406,1275,2,285,11.648,2,0.2,14.559999999999999,3.3488,0.28750000000000003,5,0
1529,CA-2015-148432,306,1029,210,114,1,286,26.18,7,0.0,26.18,0.5236,0.019999999999999997,3,0
1530,CA-2015-148432,306,1030,210,114,1,286,7.3,2,0.0,7.3,3.431,0.47000000000000003,3,0
1531,CA-2015-103793,297,1031,515,1053,2,230,74.352,3,0.2,92.94,23.235,0.3125,5,0
1532,CA-2017-159884,224,1032,516,529,2,287,10.744,1,0.2,13.43,0.8058,0.075,5,0
1533,CA-2017-159884,224,204,516,529,2,287,8.376,3,0.2,10.469999999999999,2.7222,0.325,5,0
1534,CA-2016-139885,226,1033,430,17,2,46,212.88,6,0.0,212.88,0.0,0.0,4,0
1535,CA-2017-124086,487,575,517,1303,2,288,203.983,2,0.15,239.98000000000002,16.7986,0.08235294117647059,4,0
1536,CA-2016-112389,488,1034,518,1263,2,289,40.74,3,0.0,40.74,0.4074,0.009999999999999998,4,0
1537,CA-2016-112389,488,1035,518,1263,2,289,11.67,3,0.0,11.67,3.0342,0.26,4,0
1538,CA-2017-121888,489,885,176,698,1,290,39.99,1,0.0,39.99,11.5971,0.29,2,0
1539,CA-2017-121888,489,360,176,698,1,290,16.28,2,0.0,16.28,6.512,0.39999999999999997,2,0
1540,CA-2017-121888,489,38,176,698,1,290,782.94,3,0.0,782.94,203.5644,0.26,2,0
1541,CA-2017-121888,489,1003,176,698,1,290,242.48,7,0.0,242.48,116.3904,0.48000000000000004,2,0
1542,CA-2014-166884,238,1036,519,879,1,48,8.32,5,0.2,10.4,2.288,0.27499999999999997,5,0
1543,CA-2014-166884,238,846,519,879,1,48,10.464,6,0.2,13.08,1.7004,0.16249999999999998,5,0
1544,CA-2014-107181,490,656,520,1215,2,143,82.896,3,0.2,103.61999999999999,29.0136,0.35,4,0
1545,CA-2014-107181,490,733,520,1215,2,143,34.24,4,0.0,34.24,16.0928,0.47,4,0
1546,CA-2014-150245,332,179,521,1039,1,291,1573.488,7,0.2,1966.86,196.686,0.125,4,0
1547,CA-2015-111395,147,922,522,155,2,66,335.52,4,0.2,419.4,117.432,0.35000000000000003,4,0
1548,CA-2015-111395,147,980,522,155,2,66,23.912,2,0.8,119.56000000000002,-40.6504,-1.7,4,1
1549,CA-2015-111395,147,1037,522,155,2,66,27.056,2,0.2,33.82,2.3674,0.0875,4,0
1550,CA-2014-134278,213,891,523,1002,3,165,559.992,1,0.2,699.9899999999999,174.9975,0.3125,2,0
1551,US-2017-124926,468,1038,39,552,1,15,9.324,6,0.8,46.62000000000001,-24.7086,-2.65,5,1
1552,CA-2016-159345,491,965,27,1304,2,143,111.96,2,0.0,111.96,54.8604,0.49,5,0
1553,CA-2014-130274,186,1039,524,953,3,292,21.56,7,0.0,21.56,10.3488,0.48000000000000004,2,0
1554,CA-2017-158386,492,692,525,209,2,127,124.75,5,0.0,124.75,57.385,0.45999999999999996,5,0
1555,CA-2015-111507,101,1040,526,1251,2,293,5.28,3,0.0,5.28,1.5312,0.29,7,0
1556,CA-2017-120761,493,44,508,566,2,256,91.96,4,0.0,91.96,39.5428,0.43000000000000005,4,0
1557,CA-2016-109176,494,1041,196,667,2,12,9.344,1,0.2,11.679999999999998,3.504,0.375,6,0
1558,CA-2016-109176,494,1042,196,667,2,12,79.36,5,0.2,99.19999999999999,9.92,0.125,6,0
1559,CA-2015-112116,189,978,200,1305,1,6,171.96,2,0.0,171.96,44.7096,0.26,2,0
1560,CA-2016-126809,495,697,527,1173,2,6,35.352,9,0.2,44.18999999999999,12.8151,0.3625,4,0
1561,CA-2014-105172,325,1043,528,1306,2,10,18.9,6,0.0,18.9,9.072,0.48,5,0
1562,CA-2017-107293,38,325,529,1280,3,61,2.78,1,0.0,2.78,0.7228,0.26,1,0
1563,US-2017-102890,496,4,161,161,4,165,1044.63,5,0.4,1741.0500000000002,-295.9785,-0.2833333333333333,0,1
1564,CA-2015-158554,497,205,530,530,4,64,11.352,3,0.2,14.19,4.1151,0.3625,0,0
1565,CA-2014-116239,53,1044,531,531,4,38,354.9,5,0.0,354.9,17.745,0.05,0,0
1566,CA-2015-132101,271,868,532,1307,2,60,453.576,3,0.2,566.97,39.6879,0.0875,6,0
1567,CA-2015-129112,498,1045,240,673,3,294,21.48,3,0.2,26.849999999999998,-0.2685,-0.0125,1,0
1568,CA-2015-129112,498,1046,240,673,3,294,8.784,4,0.8,43.920000000000016,-13.6152,-1.5499999999999998,1,1
1569,US-2017-152002,232,448,533,533,4,26,122.97,3,0.0,122.97,60.2553,0.49,0,0
1570,CA-2017-165029,341,1047,201,330,2,149,12.84,3,0.0,12.84,3.7236,0.29,4,0
1571,US-2014-157385,184,84,534,642,3,26,603.92,5,0.2,754.8999999999999,-67.941,-0.11250000000000002,2,0
1572,US-2014-157385,184,1048,534,642,3,26,21.84,3,0.0,21.84,10.4832,0.48,2,0
1573,US-2014-157385,184,1049,534,642,3,26,29.99,1,0.0,29.99,6.2979,0.21000000000000002,2,0
1574,US-2014-157385,184,468,534,642,3,26,381.44,2,0.2,476.79999999999995,23.84,0.0625,2,0
1575,CA-2014-101602,499,1050,535,1308,3,295,40.68,3,0.2,50.849999999999994,-9.153,-0.225,3,0
1576,CA-2014-101602,499,636,535,1308,3,295,763.28,5,0.3,1090.4,-21.808,-0.02857142857142857,3,1
1577,CA-2016-109057,500,329,184,1254,2,174,23.952,2,0.2,29.94,2.3952,0.09999999999999999,5,0
1578,CA-2016-154403,400,1051,455,1023,2,257,4.98,1,0.0,4.98,2.4402,0.48999999999999994,4,0
1579,CA-2016-102456,298,1052,536,399,3,165,170.88,3,0.0,170.88,49.5552,0.29,3,0
1580,CA-2015-131338,269,349,102,1309,3,24,307.98,2,0.0,307.98,89.3142,0.29,3,0
1581,CA-2015-131338,269,224,102,1309,3,24,382.806,9,0.4,638.01,-153.1224,-0.4,3,1
1582,CA-2015-131338,269,194,102,1309,3,24,41.96,2,0.0,41.96,2.9372,0.06999999999999999,3,0
1583,CA-2015-131338,269,693,102,1309,3,24,1217.568,2,0.2,1521.9599999999998,456.588,0.375,3,0
1584,CA-2015-131338,269,117,102,1309,3,24,47.04,3,0.0,47.04,18.3456,0.39,3,0
1585,CA-2015-131338,269,51,102,1309,3,24,6.16,2,0.0,6.16,2.9568,0.48,3,0
1586,CA-2015-131338,269,470,102,1309,3,24,979.95,5,0.0,979.95,274.386,0.28,3,0
1587,CA-2015-131338,269,1053,102,1309,3,24,143.7,3,0.0,143.7,68.976,0.48000000000000004,3,0
1588,CA-2015-131338,269,1054,102,1309,3,24,10.65,3,0.0,10.65,5.0055,0.47,3,0
1589,CA-2015-131338,269,387,102,1309,3,24,247.8,4,0.0,247.8,34.692,0.13999999999999999,3,0
1590,CA-2016-109911,501,449,537,459,2,221,10.96,4,0.0,10.96,2.9592,0.26999999999999996,4,0
1591,US-2016-132423,502,1055,174,476,2,296,33.488,7,0.2,41.86,5.8604,0.17500000000000002,4,0
1592,US-2016-132423,502,132,174,476,2,296,8.04,5,0.2,10.049999999999999,2.9145,0.36250000000000004,4,0
1593,CA-2015-122826,503,1056,538,609,1,225,201.568,4,0.2,251.96,22.6764,0.1125,2,0
1594,CA-2014-117317,224,1057,539,539,4,4,13.44,3,0.0,13.44,6.5856,0.49000000000000005,0,0
1595,CA-2015-118423,504,1058,540,1076,3,121,359.058,3,0.3,512.94,-35.9058,-0.1,3,1
1596,CA-2017-149181,199,878,541,606,2,48,47.992,2,0.3,68.56,-2.0568,-0.04285714285714286,4,1
1597,CA-2017-132234,200,452,525,1295,3,165,547.3,13,0.0,547.3,175.136,0.32,2,0
1598,CA-2017-158876,493,1059,124,611,1,297,16.896,4,0.2,21.12,5.28,0.3125,2,0
1599,CA-2017-158876,493,1060,124,611,1,297,6.672,1,0.2,8.34,0.5004,0.075,2,0
1600,CA-2017-158876,493,291,124,611,1,297,99.136,4,0.2,123.91999999999999,8.6744,0.08750000000000001,2,0
1601,CA-2017-158876,493,297,124,611,1,297,15.992,2,0.6,39.98,-13.993,-0.875,2,1
1602,CA-2016-164672,335,1061,542,1310,1,22,211.96,2,0.0,211.96,42.392,0.2,5,0
1603,US-2016-132857,223,1062,26,908,2,298,6.672,3,0.2,8.34,1.668,0.25,6,0
1604,CA-2017-116645,251,1063,330,770,2,286,155.94,6,0.0,155.94,45.2226,0.29,4,0
1605,US-2016-115819,124,858,476,424,1,14,39.96,5,0.2,49.949999999999996,12.987,0.325,5,0
1606,US-2016-115819,124,1064,476,424,1,14,5.46,3,0.0,5.46,1.5288,0.27999999999999997,5,0
1607,US-2016-115819,124,1065,476,424,1,14,73.2,5,0.0,73.2,21.228,0.29000000000000004,5,0
1608,US-2016-115819,124,348,476,424,1,14,5.84,1,0.2,7.3,1.971,0.3375,5,0
1609,US-2016-115819,124,127,476,424,1,14,22.72,4,0.0,22.72,10.224,0.45,5,0
1610,US-2016-115819,124,1066,476,424,1,14,9.336,3,0.2,11.67,3.2676,0.35,5,0
1611,CA-2014-156349,505,1058,543,993,2,142,290.666,2,0.15,341.96,27.3568,0.09411764705882353,4,0
1612,CA-2014-156349,505,1067,543,993,2,142,201.584,2,0.2,251.98,20.1584,0.1,4,0
1613,CA-2014-156349,505,67,543,993,2,142,83.984,2,0.2,104.97999999999999,31.494,0.375,4,0
1614,CA-2017-138380,454,385,203,54,2,233,1000.02,7,0.0,1000.02,290.0058,0.29000000000000004,4,0
1615,US-2016-113509,485,1068,544,691,2,106,83.976,3,0.2,104.97,-13.6461,-0.1625,4,0
1616,CA-2015-130022,452,548,545,749,2,20,3.75,1,0.0,3.75,1.8,0.48000000000000004,6,0
1617,CA-2015-130022,452,255,545,749,2,20,41.4,4,0.0,41.4,19.872,0.48000000000000004,6,0
1618,CA-2015-130022,452,1069,545,749,2,20,29.79,3,0.0,29.79,12.5118,0.42,6,0
1619,US-2016-118780,44,1070,546,750,1,165,59.48,2,0.0,59.48,8.922,0.15000000000000002,4,0
1620,US-2016-118780,44,1071,546,750,1,165,6.69,1,0.0,6.69,3.0774,0.45999999999999996,4,0
1621,CA-2017-108560,506,1072,142,664,2,299,198.46,2,0.0,198.46,99.23,0.5,7,0
1622,CA-2017-108560,506,509,142,664,2,299,786.48,8,0.0,786.48,385.3752,0.49,7,0
1623,CA-2017-108560,506,498,142,664,2,299,23.168,2,0.2,28.959999999999997,7.8192,0.3375,7,0
1624,CA-2017-108560,506,1073,142,664,2,299,50.0,2,0.0,50.0,10.5,0.21,7,0
1625,CA-2015-157084,507,982,547,101,2,14,675.96,5,0.2,844.95,84.495,0.125,5,0
1626,CA-2015-157084,507,696,547,101,2,14,1265.85,3,0.0,1265.85,556.974,0.44000000000000006,5,0
1627,CA-2015-164539,179,550,548,7,2,165,523.25,5,0.0,523.25,141.2775,0.27,6,0
1628,CA-2015-143119,508,867,497,1239,2,300,517.5,6,0.0,517.5,155.25,0.3,6,0
1629,CA-2017-101049,239,1074,549,644,1,178,17.92,5,0.2,22.400000000000002,2.464,0.13749999999999998,4,0
1630,CA-2017-101049,239,711,549,644,1,178,41.256,6,0.7,137.51999999999998,-34.38,-0.8333333333333334,4,1
1631,CA-2016-106530,53,1075,542,542,4,178,1006.056,3,0.2,1257.57,88.0299,0.0875,0,0
1632,CA-2016-106530,53,482,542,542,4,178,10.688,2,0.2,13.36,3.7408,0.35,0,0
1633,CA-2016-106530,53,499,542,542,4,178,10.368,2,0.2,12.959999999999999,3.6288,0.35,0,0
1634,CA-2016-106530,53,954,542,542,4,178,25.12,2,0.2,31.4,1.57,0.0625,0,0
1635,CA-2016-106530,53,478,542,542,4,178,58.112,2,0.2,72.64,7.264,0.125,0,0
1636,CA-2014-168984,509,779,36,267,2,301,15.552,3,0.2,19.439999999999998,5.4432,0.35000000000000003,6,0
1637,CA-2014-168984,509,750,36,267,2,301,669.08,5,0.2,836.35,-167.27,-0.25,6,0
1638,CA-2014-168984,509,1076,36,267,2,301,438.336,4,0.2,547.92,-87.6672,-0.19999999999999998,6,0
1639,CA-2016-157266,510,1077,440,1265,2,226,19.44,3,0.0,19.44,9.3312,0.48000000000000004,6,0
1640,CA-2016-157266,510,545,440,1265,2,226,9.64,2,0.0,9.64,4.4344,0.45999999999999996,6,0
1641,CA-2016-157266,510,70,440,1265,2,226,12.7,2,0.0,12.7,5.842,0.46,6,0
1642,CA-2016-157266,510,94,440,1265,2,226,41.37,3,0.0,41.37,17.3754,0.42,6,0
1643,US-2014-134712,511,551,504,775,2,302,12.624,2,0.2,15.78,3.945,0.3125,5,0
1644,CA-2015-111829,93,404,532,306,3,61,1247.64,3,0.0,1247.64,349.3392,0.27999999999999997,1,0
1645,CA-2015-111829,93,1078,532,306,3,61,3149.93,7,0.0,3149.93,1480.4671,0.47000000000000003,1,0
1646,CA-2015-111829,93,1079,532,306,3,61,209.7,2,0.0,209.7,100.656,0.48000000000000004,1,0
1647,CA-2015-105221,92,177,550,503,3,12,35.36,2,0.2,44.199999999999996,-3.094,-0.0875,2,0
1648,CA-2015-105221,92,1080,550,503,3,12,3.168,2,0.2,3.96,-0.7128,-0.22499999999999998,2,0
1649,CA-2015-120341,228,1081,121,1311,1,106,121.104,6,0.7,403.67999999999995,-100.92,-0.8333333333333334,3,1
1650,CA-2015-120341,228,1082,121,1311,1,106,45.894,1,0.4,76.49,-9.1788,-0.2,3,1
1651,CA-2014-135699,512,1083,551,551,4,95,109.92,2,0.0,109.92,53.8608,0.49,0,0
1652,CA-2014-135699,512,1084,551,551,4,95,13.36,2,0.0,13.36,6.4128,0.48,0,0
1653,US-2017-132444,513,87,552,611,3,60,169.68,6,0.0,169.68,45.8136,0.27,3,0
1654,US-2017-132444,513,218,552,611,3,60,132.52,4,0.0,132.52,54.3332,0.41,3,0
1655,US-2017-132444,513,1085,552,611,3,60,2.96,2,0.0,2.96,1.4208,0.48000000000000004,3,0
1656,US-2017-132444,513,1086,552,611,3,60,8.448,2,0.2,10.56,2.9568,0.35,3,0
1657,US-2017-132444,513,912,552,611,3,60,95.94,3,0.0,95.94,9.594,0.09999999999999999,3,0
1658,CA-2014-127159,333,528,553,1238,3,202,34.79,7,0.0,34.79,10.7849,0.31,3,0
1659,CA-2017-161809,514,1087,177,796,2,63,160.776,3,0.2,200.97,10.0485,0.0625,6,0
1660,CA-2017-127285,515,806,506,45,2,61,88.752,3,0.2,110.93999999999998,27.735,0.3125,7,0
1661,CA-2017-127285,515,845,506,45,2,61,13.904,2,0.2,17.38,5.214,0.37500000000000006,7,0
1662,CA-2017-144526,426,945,505,637,2,106,677.58,5,0.4,1129.3000000000002,-158.102,-0.23333333333333334,6,1
1663,CA-2017-144526,426,1088,505,637,2,106,13.896,3,0.7,46.31999999999999,-9.264,-0.6666666666666666,6,1
1664,CA-2016-128531,516,471,391,492,1,163,41.92,5,0.2,52.4,3.668,0.0875,2,0
1665,CA-2016-128531,516,696,391,492,1,163,297.576,3,0.2,371.97,-7.4394,-0.024999999999999998,2,0
1666,CA-2016-128531,516,1089,391,492,1,163,4.344,3,0.2,5.43,0.8688,0.19999999999999998,2,0
1667,CA-2016-128531,516,1090,391,492,1,163,94.992,2,0.2,118.74,-2.3748,-0.024999999999999998,2,0
1668,CA-2016-128531,516,1091,391,492,1,163,74.352,3,0.2,92.94,23.235,0.3125,2,0
1669,CA-2016-128531,516,629,391,492,1,163,14.04,3,0.2,17.549999999999997,1.5795,0.1125,2,0
1670,US-2015-157154,463,412,554,1312,2,165,1018.104,4,0.4,1696.8400000000001,-373.3048,-0.36666666666666664,5,1
1671,CA-2017-159457,503,1092,16,41,2,15,16.68,3,0.2,20.849999999999998,5.2125,0.3125,7,0
1672,CA-2016-107615,517,826,555,870,3,284,58.58,2,0.0,58.58,19.3314,0.32999999999999996,3,0
1673,CA-2017-111647,362,67,446,438,2,303,167.968,4,0.2,209.95999999999998,62.988,0.375,4,0
1674,CA-2015-150560,518,509,556,296,3,304,196.62,2,0.0,196.62,96.3438,0.49,1,0
1675,CA-2015-143077,246,906,15,482,2,17,21.936,2,0.6,54.839999999999996,-10.4196,-0.47500000000000003,4,1
1676,CA-2015-143077,246,1046,15,482,2,17,6.588,3,0.8,32.940000000000005,-10.2114,-1.5499999999999998,4,1
1677,CA-2016-122728,519,55,557,1013,2,95,104.28,3,0.0,104.28,26.07,0.25,6,0
1678,CA-2016-122728,519,100,557,1013,2,95,17.94,3,0.0,17.94,8.7906,0.48999999999999994,6,0
1679,CA-2014-122882,116,872,558,104,2,64,64.784,1,0.2,80.98,-14.5764,-0.22499999999999998,6,0
1680,CA-2014-122882,116,832,558,104,2,64,32.382,3,0.4,53.97,4.3176,0.13333333333333333,6,1
1681,CA-2014-122882,116,1093,558,104,2,64,42.368,2,0.2,52.96,8.4736,0.19999999999999998,6,0
1682,CA-2014-122882,116,1094,558,104,2,64,399.54,4,0.7,1331.8,-559.356,-1.4,6,1
1683,US-2016-101497,520,641,322,394,1,142,18.97,1,0.0,18.97,9.1056,0.4800000000000001,2,0
1684,CA-2016-147585,119,628,78,397,2,95,14.82,3,0.0,14.82,6.2244,0.42,5,0
1685,CA-2017-149489,461,1095,559,843,3,106,99.28,2,0.2,124.1,12.41,0.125,3,0
1686,CA-2017-149489,461,923,559,843,3,106,1.188,2,0.7,3.959999999999999,-0.99,-0.8333333333333334,3,1
1687,CA-2017-149489,461,1096,559,843,3,106,7.518,2,0.7,25.059999999999995,-5.7638,-0.7666666666666666,3,1
1688,CA-2017-143798,498,740,390,1260,3,12,10.368,2,0.2,12.959999999999999,3.6288,0.35,2,0
1689,CA-2017-143798,498,623,390,1260,3,12,310.88,2,0.2,388.59999999999997,23.316,0.075,2,0
1690,CA-2014-142839,60,11,560,1072,2,106,853.092,6,0.4,1421.82,-227.4912,-0.26666666666666666,4,1
1691,CA-2017-129833,521,1071,35,935,2,305,33.45,5,0.0,33.45,15.387,0.45999999999999996,6,0
1692,CA-2017-129833,521,74,35,935,2,305,10.4,5,0.0,10.4,5.096,0.49,6,0
1693,US-2016-154361,522,494,561,691,2,48,21.88,5,0.2,27.349999999999998,6.2905,0.2875,5,0
1694,US-2016-158708,438,1097,191,623,1,303,13.616,2,0.2,17.02,3.5742,0.2625,3,0
1695,CA-2015-156335,286,1098,13,695,1,306,63.96,4,0.0,63.96,19.8276,0.31,3,0
1696,CA-2015-156335,286,309,13,695,1,306,14.46,3,0.0,14.46,7.0854,0.49,3,0
1697,CA-2015-156335,286,67,13,695,1,306,104.98,2,0.0,104.98,52.49,0.5,3,0
1698,CA-2015-148376,152,651,18,621,2,142,106.96,2,0.0,106.96,31.0184,0.29000000000000004,4,0
1699,CA-2015-148376,152,1099,18,621,2,142,21.56,7,0.0,21.56,10.3488,0.48000000000000004,4,0
1700,CA-2014-135657,57,839,562,160,1,61,515.88,6,0.0,515.88,113.4936,0.22,4,0
1701,CA-2015-114069,445,778,563,1313,1,46,11.808,2,0.2,14.76,4.2804,0.36250000000000004,2,0
1702,CA-2015-114069,445,468,563,1313,1,46,1931.04,9,0.1,2145.6,321.84,0.16666666666666666,2,0
1703,CA-2015-114069,445,812,563,1313,1,46,9.96,2,0.0,9.96,4.6812,0.4699999999999999,2,0
1704,CA-2014-139857,523,1100,564,645,2,89,12.35,5,0.0,12.35,5.8045,0.47000000000000003,4,0
1705,CA-2016-106306,311,829,388,388,4,277,9.702,3,0.7,32.339999999999996,-7.1148,-0.7333333333333333,0,1
1706,CA-2015-100545,6,613,7,651,2,75,11.61,2,0.7,38.699999999999996,-9.288,-0.8,4,1
1707,CA-2017-123491,524,1101,506,61,2,35,43.86,6,0.0,43.86,20.6142,0.47000000000000003,6,0
1708,CA-2017-123491,524,919,506,61,2,35,148.48,2,0.2,185.59999999999997,16.704,0.11250000000000002,6,0
1709,CA-2017-123491,524,1102,506,61,2,35,7.42,2,0.0,7.42,3.71,0.5,6,0
1710,CA-2017-123491,524,52,506,61,2,35,71.992,1,0.2,89.99,-0.8999,-0.012499999999999999,6,0
1711,CA-2017-123491,524,182,506,61,2,35,19.9,5,0.0,19.9,6.567,0.33,6,0
1712,CA-2017-123491,524,167,506,61,2,35,1702.12,14,0.0,1702.12,510.636,0.30000000000000004,6,0
1713,CA-2015-145401,188,1103,565,1314,2,33,14.304,6,0.2,17.88,5.0064,0.35000000000000003,5,0
1714,US-2017-124968,515,189,566,1169,1,27,765.625,7,0.5,1531.25,-566.5625,-0.74,5,1
1715,CA-2017-104003,291,1104,567,120,2,95,307.666,2,0.15,361.96,-14.4784,-0.047058823529411764,6,0
1716,CA-2016-154788,253,309,568,1315,2,165,7.712,2,0.2,9.639999999999999,2.7956,0.3625,4,0
1717,CA-2016-169943,203,536,289,1013,2,165,242.9,5,0.0,242.9,70.441,0.29,5,0
1718,CA-2016-169943,203,73,289,1013,2,165,454.9,5,0.0,454.9,0.0,0.0,5,0
1719,CA-2016-169943,203,1105,289,1013,2,165,35.92,4,0.0,35.92,15.0864,0.42,5,0
1720,CA-2016-169943,203,528,289,1013,2,165,39.76,8,0.0,39.76,12.3256,0.31,5,0
1721,CA-2016-169943,203,529,289,1013,2,165,47.744,4,0.2,59.68,14.92,0.3125,5,0
1722,US-2015-123218,45,836,140,708,2,37,159.984,2,0.2,199.98,11.9988,0.075,5,0
1723,US-2015-123218,45,1106,140,708,2,37,255.968,4,0.2,319.96,51.1936,0.2,5,0
1724,US-2015-123218,45,1107,140,708,2,37,359.058,3,0.3,512.94,-71.8116,-0.2,5,1
1725,CA-2015-127453,272,1108,547,140,3,106,434.352,3,0.2,542.9399999999999,43.4352,0.1,1,0
1726,CA-2015-127453,272,1109,547,140,3,106,3.552,2,0.2,4.4399999999999995,0.444,0.125,1,0
1727,CA-2015-127453,272,1110,547,140,3,106,88.832,4,0.2,111.03999999999999,7.7728,0.08750000000000001,1,0
1728,US-2017-164056,525,1111,569,465,1,83,1048.35,5,0.4,1747.25,-69.89,-0.06666666666666668,5,1
1729,CA-2016-106894,245,1073,570,570,4,29,100.0,4,0.0,100.0,21.0,0.21,0,0
1730,CA-2016-106894,245,710,570,570,4,29,7.83,3,0.0,7.83,3.6018,0.45999999999999996,0,0
1731,CA-2014-125136,471,1112,451,463,2,307,96.256,8,0.2,120.32,31.2832,0.325,5,0
1732,CA-2014-125136,471,129,451,463,2,307,10.688,2,0.2,13.36,3.7408,0.35,5,0
1733,US-2016-131149,110,427,213,217,2,177,338.04,3,0.2,422.55,-33.804,-0.1,4,0
1734,US-2016-131149,110,282,213,217,2,177,154.24,4,0.2,192.8,17.352,0.11249999999999999,4,0
1735,CA-2017-101483,166,1113,571,379,1,223,34.848,2,0.2,43.559999999999995,6.534,0.1875,3,0
1736,CA-2017-101483,166,896,571,379,1,223,22.0,5,0.2,27.5,1.375,0.0625,3,0
1737,CA-2017-101483,166,7,571,379,1,223,4.368,3,0.2,5.46,0.3822,0.0875,3,0
1738,CA-2015-130204,107,471,38,1316,2,35,31.44,3,0.0,31.44,8.4888,0.26999999999999996,6,0
1739,CA-2015-130204,107,1045,38,1316,2,35,17.9,2,0.0,17.9,3.401,0.19,6,0
1740,CA-2015-130204,107,1114,38,1316,2,35,129.45,5,0.0,129.45,46.602,0.36,6,0
1741,CA-2014-110527,526,949,129,560,2,89,20.88,8,0.0,20.88,9.6048,0.45999999999999996,7,0
1742,CA-2017-152807,499,1115,506,133,2,12,20.736,4,0.2,25.919999999999998,7.2576,0.35,4,0
1743,CA-2017-152807,499,1074,506,133,2,12,7.168,2,0.2,8.959999999999999,0.9856,0.1375,4,0
1744,CA-2017-152807,499,701,506,133,2,12,11.168,2,0.2,13.959999999999999,-2.5128,-0.225,4,0
1745,CA-2017-152807,499,553,506,133,2,12,442.4,7,0.2,552.9999999999999,-55.3,-0.125,4,0
1746,CA-2014-133270,299,159,572,4,3,145,13.36,2,0.0,13.36,4.9432,0.37,3,0
1747,CA-2016-155670,192,606,573,865,1,223,11.232,8,0.7,37.43999999999999,-8.2368,-0.7333333333333334,4,1
1748,CA-2016-155670,192,1116,573,865,1,223,10.272,3,0.2,12.84,3.21,0.3125,4,0
1749,US-2014-157406,527,725,574,334,2,15,10.368,2,0.2,12.959999999999999,3.6288,0.35,4,0
1750,US-2014-157406,527,1027,574,334,2,15,6.24,3,0.2,7.8,0.546,0.08750000000000001,4,0
1751,CA-2015-139094,247,1117,7,155,2,66,206.962,2,0.3,295.66,-32.5226,-0.15714285714285714,5,1
1752,CA-2017-168837,528,284,337,162,3,233,9.46,2,0.0,9.46,3.6894,0.38999999999999996,3,0
1753,CA-2017-116715,101,822,575,257,3,35,559.62,9,0.0,559.62,151.0974,0.26999999999999996,3,0
1754,CA-2017-116715,101,1083,575,257,3,35,109.92,2,0.0,109.92,53.8608,0.49,3,0
1755,CA-2017-116715,101,1118,575,257,3,35,8.56,2,0.0,8.56,3.852,0.44999999999999996,3,0
1756,CA-2015-135622,500,840,576,556,1,7,360.712,11,0.2,450.89,130.7581,0.36250000000000004,3,0
1757,CA-2015-135622,500,1119,576,556,1,7,1718.4,6,0.2,2148.0,150.36,0.08750000000000001,3,0
1758,US-2015-107349,360,1003,563,1313,3,15,41.568,6,0.8,207.84000000000003,-66.5088,-1.5999999999999999,2,1
1759,CA-2014-139017,529,826,219,827,2,15,46.864,2,0.2,58.57999999999999,7.6154,0.1625,6,0
1760,CA-2014-141817,470,360,577,1317,2,106,19.536,3,0.2,24.42,4.884,0.25,7,0
1761,CA-2015-130785,152,1120,578,1316,2,189,411.332,4,0.15,483.92,-4.8392,-0.011764705882352941,4,0
1762,CA-2015-130785,152,1121,578,1316,2,189,28.752,6,0.2,35.94,9.7038,0.33749999999999997,4,0
1763,CA-2015-130785,152,1122,578,1316,2,189,293.199,3,0.15,344.94,-20.6964,-0.07058823529411765,4,0
1764,CA-2016-110254,530,355,579,591,2,304,35.06,2,0.0,35.06,10.518,0.3,4,0
1765,CA-2016-110254,530,618,579,591,2,304,4.13,1,0.0,4.13,1.8998,0.46,4,0
1766,CA-2016-110254,530,1123,579,591,2,304,109.8,9,0.0,109.8,46.116,0.42,4,0
1767,CA-2016-110254,530,1124,579,591,2,304,9.82,2,0.0,9.82,4.8118,0.49,4,0
1768,US-2014-158057,531,49,580,960,2,308,7.644,4,0.7,25.479999999999997,-5.8604,-0.7666666666666667,4,1
1769,US-2014-158057,531,142,580,960,2,308,51.465,5,0.7,171.54999999999998,-39.4565,-0.7666666666666666,4,1
1770,CA-2017-146024,35,483,581,145,2,177,6.976,4,0.2,8.719999999999999,-1.3952,-0.2,6,0
1771,CA-2017-146024,35,45,581,145,2,177,12.222,7,0.8,61.110000000000014,-20.1663,-1.6500000000000001,6,1
1772,CA-2016-129686,56,855,582,897,1,37,97.984,2,0.2,122.47999999999999,-24.496,-0.25,2,0
1773,CA-2016-129686,56,198,582,897,1,37,62.4,6,0.2,78.0,19.5,0.3125,2,0
1774,CA-2014-118976,502,1125,583,524,2,309,20.86,2,0.0,20.86,9.387,0.45,5,0
1775,CA-2014-118976,502,1126,583,524,2,309,497.61,9,0.0,497.61,129.3786,0.26,5,0
1776,CA-2014-118976,502,1127,583,524,2,309,5.34,2,0.0,5.34,1.4952,0.28,5,0
1777,CA-2014-118976,502,817,583,524,2,309,3.15,1,0.0,3.15,1.512,0.48000000000000004,5,0
1778,CA-2015-105347,25,1128,28,110,2,26,368.91,9,0.0,368.91,180.7659,0.48999999999999994,4,0
1779,CA-2015-105347,25,426,28,110,2,26,14.7,5,0.0,14.7,6.615,0.45,4,0
1780,CA-2016-124667,421,809,584,77,2,165,59.97,3,0.0,59.97,14.9925,0.25,5,0
1781,CA-2016-124667,421,226,584,77,2,165,83.36,1,0.0,83.36,20.84,0.25,5,0
1782,CA-2015-111094,119,1129,585,563,2,118,6.58,2,0.0,6.58,3.0268,0.46,4,0
1783,CA-2015-111094,119,801,585,563,2,118,122.94,3,0.0,122.94,59.0112,0.48000000000000004,4,0
1784,CA-2017-166317,532,1083,586,987,2,202,219.84,4,0.0,219.84,107.7216,0.49,4,0
1785,CA-2017-166317,532,961,586,987,2,202,98.16,6,0.0,98.16,9.816,0.1,4,0
1786,CA-2017-166317,532,864,586,987,2,202,33.04,8,0.0,33.04,15.5288,0.47000000000000003,4,0
1787,CA-2017-166317,532,1130,586,987,2,202,86.97,3,0.0,86.97,25.2213,0.29,4,0
1788,CA-2015-154326,533,818,587,1318,2,310,134.97,3,0.0,134.97,64.7856,0.48000000000000004,4,0
1789,CA-2015-154326,533,755,587,1318,2,310,699.98,2,0.0,699.98,195.9944,0.28,4,0
1790,CA-2015-154326,533,1131,587,1318,2,310,139.95,5,0.0,139.95,26.5905,0.19,4,0
1791,CA-2014-102008,155,594,588,778,2,165,48.94,1,0.0,48.94,24.47,0.5,4,0
1792,CA-2014-120474,262,1132,589,641,3,8,2807.84,8,0.0,2807.84,673.8816,0.24,2,0
1793,CA-2014-120474,262,1133,589,641,3,8,46.64,4,0.0,46.64,12.5928,0.27,2,0
1794,CA-2014-104773,534,118,590,737,2,17,60.416,2,0.2,75.52,6.0416,0.1,5,0
1795,CA-2016-140774,535,916,65,546,2,311,107.94,3,0.0,107.94,26.985,0.25,5,0
1796,US-2017-139465,281,862,152,1319,3,24,63.84,8,0.0,63.84,16.5984,0.26,3,0
1797,US-2017-139465,281,1134,152,1319,3,24,347.97,3,0.0,347.97,100.9113,0.29,3,0
1798,US-2017-139465,281,9,152,1319,3,24,37.008,6,0.2,46.26,11.565,0.31249999999999994,3,0
1799,CA-2016-100965,529,485,275,1320,2,59,215.65,5,0.0,215.65,73.321,0.33999999999999997,4,0
1800,CA-2016-121034,536,204,591,1321,1,177,11.168,4,0.2,13.959999999999999,3.6296,0.325,2,0
1801,CA-2016-121034,536,1135,591,1321,1,177,53.952,3,0.2,67.44,17.5344,0.32500000000000007,2,0
1802,CA-2016-149461,217,1007,374,259,2,312,4.18,1,0.0,4.18,1.5048,0.36,6,0
1803,CA-2017-158379,351,441,586,987,1,64,5.607,1,0.7,18.689999999999998,-4.2987,-0.7666666666666667,4,1
1804,CA-2017-158379,351,466,586,987,1,64,4663.736,7,0.2,5829.669999999999,-1049.3406,-0.225,4,0
1805,CA-2017-158379,351,1136,586,987,1,64,79.984,2,0.2,99.97999999999999,22.9954,0.28750000000000003,4,0
1806,US-2016-116729,137,884,592,1291,3,14,2575.944,7,0.2,3219.93,257.5944,0.1,3,0
1807,US-2016-116729,137,511,592,1291,3,14,45.36,7,0.0,45.36,21.7728,0.48,3,0
1808,US-2016-116729,137,478,592,1291,3,14,254.24,7,0.0,254.24,76.272,0.3,3,0
1809,CA-2016-164938,537,1137,593,272,3,313,69.93,7,0.0,69.93,0.6993,0.01,2,0
1810,CA-2016-165484,97,1138,249,518,2,27,16.156,7,0.6,40.38999999999999,-12.117,-0.7500000000000001,6,1
1811,CA-2016-165484,97,1139,249,518,2,27,54.816,3,0.2,68.52,17.8152,0.325,6,0
1812,CA-2014-132612,384,122,4,1322,1,246,1441.3,7,0.0,1441.3,245.021,0.16999999999999998,2,0
1813,US-2017-161193,538,276,226,201,2,56,77.6,5,0.2,96.99999999999999,28.13,0.3625,6,0
1814,US-2017-161193,538,397,226,201,2,56,4.656,2,0.2,5.819999999999999,1.5714,0.3375,6,0
1815,CA-2015-131597,408,224,472,228,2,63,170.136,3,0.2,212.67,-8.5068,-0.05,4,0
1816,CA-2015-164833,329,1140,594,594,4,60,7.38,2,0.0,7.38,3.4686,0.47,0,0
1817,CA-2015-164833,329,183,594,594,4,60,9.26,2,0.0,9.26,3.0558,0.33,0,0
1818,CA-2015-125423,431,1141,351,84,1,2,9.96,2,0.0,9.96,4.5816,0.45999999999999996,2,0
1819,US-2014-130379,539,1142,595,1323,2,37,75.6,2,0.8,378.00000000000006,-166.32,-2.2,4,1
1820,US-2014-130379,539,1143,595,1323,2,37,29.32,2,0.6,73.3,-24.189,-0.825,4,1
1821,CA-2016-168956,106,1144,596,881,2,37,92.064,6,0.8,460.32000000000005,-225.5568,-2.45,4,1
1822,CA-2016-168956,106,53,596,881,2,37,6.976,4,0.2,8.719999999999999,1.8312,0.2625,4,0
1823,CA-2016-168956,106,1145,596,881,2,37,62.958,3,0.3,89.94,-2.6982,-0.04285714285714286,4,1
1824,CA-2016-168956,106,1146,596,881,2,37,5.184,1,0.2,6.4799999999999995,1.8144,0.35,4,0
1825,CA-2016-167507,194,865,597,1291,2,314,31.32,10,0.7,104.39999999999999,-25.056,-0.8,6,1
1826,CA-2016-167507,194,346,597,1291,2,314,11.84,4,0.2,14.799999999999999,3.108,0.2625,6,0
1827,CA-2016-167507,194,1147,597,1291,2,314,22.784,1,0.2,28.479999999999997,4.8416,0.2125,6,0
1828,CA-2016-109344,540,1148,598,593,1,315,1127.976,3,0.2,1409.97,126.8973,0.11249999999999999,3,0
1829,US-2015-140851,541,713,563,1313,1,258,38.88,6,0.0,38.88,18.6624,0.48000000000000004,2,0
1830,CA-2014-103373,95,1149,599,774,2,178,779.796,2,0.4,1299.66,-168.9558,-0.21666666666666667,6,1
1831,CA-2017-145884,360,1150,209,209,4,316,1439.92,8,0.0,1439.92,374.3792,0.26,0,0
1832,CA-2017-145884,360,737,209,209,4,316,262.11,1,0.0,262.11,62.9064,0.24,0,0
1833,CA-2015-131422,335,867,600,530,2,234,207.0,3,0.2,258.75,25.875,0.125,4,0
1834,CA-2017-162691,443,1151,379,784,2,111,1439.982,3,0.4,2399.9700000000003,-263.9967,-0.18333333333333332,6,1
1835,CA-2017-162691,443,1152,379,784,2,111,36.288,7,0.2,45.35999999999999,12.7008,0.35000000000000003,6,0
1836,CA-2014-141278,529,19,262,1219,3,317,21.4,5,0.0,21.4,6.206,0.29000000000000004,3,0
1837,CA-2017-122693,469,160,601,1217,1,237,1245.86,7,0.0,1245.86,361.2994,0.29000000000000004,2,0
1838,CA-2014-117345,542,3,602,80,2,44,17.544,3,0.2,21.93,5.9211,0.33749999999999997,4,0
1839,CA-2014-117345,542,94,602,80,2,44,44.128,4,0.2,55.16,12.1352,0.27499999999999997,4,0
1840,CA-2014-117345,542,1153,602,80,2,44,62.92,1,0.2,78.64999999999999,10.2245,0.1625,4,0
1841,CA-2014-117345,542,127,602,80,2,44,78.304,2,0.2,97.88,29.364,0.375,4,0
1842,CA-2016-157763,543,1154,428,311,2,318,140.81,1,0.0,140.81,39.4268,0.27999999999999997,5,0
1843,CA-2015-135391,136,301,98,1324,1,66,40.096,4,0.2,50.11999999999999,13.5324,0.3375000000000001,2,0
1844,CA-2015-135391,136,1155,98,1324,1,66,40.784,2,0.6,101.96,-30.588,-0.75,2,1
1845,US-2017-113852,544,26,571,1325,2,61,90.57,3,0.0,90.57,11.7741,0.13,4,0
1846,US-2017-158512,527,129,603,1326,1,226,40.08,6,0.0,40.08,19.2384,0.48,5,0
1847,US-2017-158512,527,1156,603,1326,1,226,37.68,2,0.0,37.68,15.8256,0.42,5,0
1848,CA-2017-128370,396,292,19,19,4,26,362.352,3,0.2,452.93999999999994,27.1764,0.07500000000000001,0,0
1849,CA-2017-128370,396,308,19,19,4,26,7.184,2,0.2,8.98,2.245,0.3125,0,0
1850,CA-2015-160472,344,1157,604,396,1,319,34.76,1,0.0,34.76,9.7328,0.27999999999999997,5,0
1851,CA-2015-160472,344,578,604,396,1,319,831.2,5,0.0,831.2,124.68,0.15,5,0
1852,CA-2015-160472,344,1158,604,396,1,319,26.4,5,0.0,26.4,11.88,0.45000000000000007,5,0
1853,CA-2015-160472,344,374,604,396,1,319,106.75,7,0.0,106.75,49.105,0.45999999999999996,5,0
1854,CA-2015-160472,344,1159,604,396,1,319,97.82,2,0.0,97.82,45.9754,0.47000000000000003,5,0
1855,CA-2015-160472,344,87,604,396,1,319,141.4,5,0.0,141.4,38.178,0.26999999999999996,5,0
1856,CA-2014-114643,525,1160,605,1104,2,4,14.52,3,0.0,14.52,4.7916,0.33,4,0
1857,US-2017-158218,142,912,606,357,1,17,127.92,5,0.2,159.9,-15.99,-0.125,3,0
1858,US-2017-158218,142,1161,606,357,1,17,34.24,4,0.8,171.20000000000005,-53.072,-1.55,3,1
1859,CA-2015-121608,81,15,38,578,3,320,137.62,2,0.0,137.62,60.5528,0.43999999999999995,2,0
1860,CA-2015-121608,81,1162,38,578,3,320,100.49,1,0.0,100.49,25.1225,0.25,2,0
1861,US-2017-121251,307,1163,607,997,3,30,257.568,2,0.2,321.96,-28.9764,-0.11250000000000002,1,0
1862,US-2017-121251,307,174,607,997,3,30,119.96,4,0.0,119.96,33.5888,0.28,1,0
1863,CA-2014-151078,168,178,608,608,4,66,49.632,4,0.2,62.03999999999999,4.9632,0.09999999999999999,0,0
1864,US-2016-100839,545,310,64,509,2,43,727.45,5,0.5,1454.9,-465.568,-0.6399999999999999,4,1
1865,US-2016-100839,545,1164,64,509,2,43,24.96,3,0.2,31.2,4.368,0.17500000000000002,4,0
1866,US-2017-116659,244,1165,106,106,4,56,370.782,3,0.4,617.97,-92.6955,-0.25,0,1
1867,CA-2017-118857,341,796,5,1327,3,321,196.45,5,0.0,196.45,70.722,0.36,3,0
1868,CA-2015-127110,540,1166,609,1328,2,106,31.104,6,0.2,38.879999999999995,10.8864,0.35000000000000003,6,0
1869,CA-2015-127110,540,1167,609,1328,2,106,78.256,2,0.2,97.82,-17.6076,-0.225,6,0
1870,CA-2016-148201,231,713,371,49,1,6,6.48,1,0.0,6.48,3.1104,0.4799999999999999,3,0
1871,CA-2014-116932,546,1168,610,740,2,35,99.2,5,0.0,99.2,25.792,0.26,4,0
1872,CA-2014-116932,546,446,610,740,2,35,801.568,2,0.2,1001.9599999999999,50.098,0.0625,4,0
1873,CA-2014-116932,546,1169,610,740,2,35,272.848,1,0.2,341.06,27.2848,0.09999999999999999,4,0
1874,CA-2017-142888,547,1170,611,921,2,322,70.98,1,0.0,70.98,20.5842,0.29,4,0
1875,CA-2014-147914,89,886,612,4,2,48,16.224,2,0.2,20.279999999999998,5.8812,0.3625,5,0
1876,US-2016-112977,171,588,613,1245,2,256,176.784,1,0.2,220.98,-22.098,-0.125,6,0
1877,CA-2017-112039,548,470,614,1066,2,66,470.376,3,0.2,587.9699999999999,47.0376,0.1,4,0
1878,CA-2017-118885,507,813,615,1253,2,14,393.568,4,0.2,491.96,-44.2764,-0.11250000000000002,4,0
1879,CA-2017-118885,507,203,615,1253,2,14,302.376,3,0.2,377.96999999999997,22.6782,0.07500000000000001,4,0
1880,US-2017-166611,317,987,616,460,2,134,68.742,9,0.7,229.14,-48.1194,-0.7,5,1
1881,CA-2015-109512,167,1171,617,617,4,165,29.34,3,0.0,29.34,14.67,0.5,0,0
1882,CA-2015-109512,167,65,617,617,4,165,383.607,7,0.1,426.23,63.9345,0.16666666666666666,0,0
1883,CA-2015-109512,167,427,617,617,4,165,563.4,4,0.0,563.4,67.608,0.12000000000000001,0,0
1884,CA-2016-118570,255,969,374,1020,2,106,217.056,7,0.2,271.32,78.6828,0.3625,4,0
1885,CA-2017-154718,298,1172,618,206,1,323,6.0,2,0.2,7.5,2.1,0.35000000000000003,4,0
1886,CA-2016-147578,39,1173,184,994,1,35,31.56,3,0.0,31.56,10.4148,0.33,4,0
1887,CA-2014-140165,383,463,9,1238,3,187,7.104,2,0.2,8.879999999999999,2.3976,0.3375,2,0
1888,CA-2014-140165,383,897,9,1238,3,187,398.352,8,0.7,1327.8399999999997,-331.96,-0.8333333333333334,2,1
1889,CA-2014-142587,15,514,619,69,3,324,121.792,4,0.2,152.23999999999998,13.7016,0.11249999999999999,1,0
1890,CA-2014-142587,15,343,619,69,3,324,409.59,3,0.4,682.65,-122.877,-0.3,1,1
1891,CA-2014-157623,159,524,620,773,2,126,10.56,2,0.0,10.56,4.752,0.44999999999999996,4,0
1892,CA-2014-157623,159,1174,620,773,2,126,3.38,1,0.0,3.38,1.2506,0.37,4,0
1893,CA-2017-145310,188,1171,67,166,1,325,7.824,1,0.2,9.78,2.934,0.37500000000000006,2,0
1894,CA-2016-100083,264,1175,391,897,2,326,24.784,1,0.2,30.979999999999997,7.745,0.3125,5,0
1895,US-2017-108063,549,1176,575,257,3,327,34.65,3,0.0,34.65,10.395,0.3,3,0
1896,CA-2015-109197,124,570,621,811,2,328,487.984,2,0.2,609.9799999999999,152.495,0.3125,4,0
1897,CA-2017-141789,550,1177,622,834,3,40,1793.98,2,0.0,1793.98,843.1706,0.47000000000000003,3,0
1898,CA-2014-169775,363,1178,551,815,1,329,29.808,2,0.2,37.26,10.8054,0.36250000000000004,4,0
1899,CA-2014-169775,363,1179,551,815,1,329,505.176,4,0.7,1683.9199999999996,-336.784,-0.6666666666666666,4,1
1900,CA-2014-169775,363,439,551,815,1,329,174.0585,3,0.45,316.46999999999997,-110.7645,-0.6363636363636364,4,1
1901,CA-2016-140543,477,912,623,895,1,330,191.88,6,0.0,191.88,19.188,0.09999999999999999,4,0
1902,CA-2016-151141,109,1180,624,829,3,186,14.78,2,0.0,14.78,3.9906,0.27,3,0
1903,CA-2017-167094,461,645,209,761,3,331,5.184,1,0.2,6.4799999999999995,1.8144,0.35,1,0
1904,CA-2017-167094,461,1181,209,761,3,331,478.48,2,0.2,598.1,47.848,0.09999999999999999,1,0
1905,CA-2017-167094,461,937,209,761,3,331,28.4,2,0.2,35.49999999999999,6.745,0.23750000000000002,1,0
1906,CA-2017-154410,551,419,209,1201,3,305,909.12,8,0.0,909.12,9.0912,0.01,3,0
1907,US-2016-150567,533,1182,625,207,2,332,2.952,2,0.7,9.839999999999998,-2.1648,-0.7333333333333334,4,1
1908,US-2016-150567,533,492,625,207,2,332,27.018,6,0.7,90.05999999999999,-21.6144,-0.7999999999999999,4,1
1909,CA-2015-157959,460,1183,303,1314,3,142,136.92,4,0.0,136.92,41.076,0.30000000000000004,1,0
1910,CA-2017-105886,552,1184,405,332,2,188,18.96,2,0.0,18.96,8.532,0.44999999999999996,5,0
1911,CA-2016-105963,35,218,626,442,2,142,99.39,3,0.0,99.39,40.7499,0.41,7,0
1912,CA-2017-121503,396,1185,446,92,1,17,273.896,7,0.2,342.37,92.4399,0.33749999999999997,3,0
1913,CA-2017-121503,396,1186,446,92,1,17,597.132,3,0.4,995.2199999999999,49.761,0.08333333333333334,3,1
1914,CA-2014-103366,553,247,627,1329,3,237,149.95,5,0.0,149.95,65.978,0.44,2,0
1915,CA-2017-124597,358,1187,505,1025,2,252,4.608,2,0.2,5.759999999999999,1.6704,0.36250000000000004,5,0
1916,CA-2017-124597,358,901,505,1025,2,252,15.528,3,0.2,19.41,4.8525,0.3125,5,0
1917,CA-2017-124597,358,640,505,1025,2,252,11.952,3,0.2,14.94,3.8844,0.325,5,0
1918,CA-2015-105634,457,373,628,718,2,118,11.65,5,0.0,11.65,3.3785,0.29,6,0
1919,CA-2015-123673,540,1188,629,550,1,84,299.9,2,0.0,299.9,74.975,0.25,2,0
1920,US-2017-111423,554,1189,630,972,3,291,895.92,5,0.2,1119.8999999999999,302.373,0.3375,2,0
1921,US-2017-111423,554,1190,630,972,3,291,462.564,2,0.1,513.96,97.6524,0.2111111111111111,2,0
1922,CA-2015-125178,90,1191,293,331,2,333,15.008,2,0.2,18.759999999999998,1.5008,0.1,6,0
1923,CA-2016-156685,555,1192,631,213,1,175,863.64,9,0.2,1079.55,107.955,0.125,2,0
1924,CA-2016-156685,555,398,631,213,1,175,47.616,3,0.2,59.519999999999996,3.5712,0.075,2,0
1925,CA-2017-126865,269,335,257,227,1,143,92.94,3,0.0,92.94,41.823,0.45,2,0
1926,CA-2017-102834,353,296,632,678,2,95,199.98,2,0.0,199.98,69.993,0.35,4,0
1927,US-2016-139710,412,1193,633,1086,2,63,177.48,3,0.2,221.84999999999997,19.9665,0.1125,6,0
1928,CA-2017-121538,303,418,355,97,3,77,88.768,2,0.2,110.96,31.0688,0.35,3,0
1929,US-2017-101539,92,1194,634,258,1,60,6.48,1,0.0,6.48,3.1104,0.4799999999999999,2,0
1930,US-2017-101539,92,244,634,258,1,60,46.51,1,0.0,46.51,1.8604,0.04,2,0
1931,US-2017-101539,92,904,634,258,1,60,659.976,3,0.2,824.9699999999999,49.4982,0.075,2,0
1932,CA-2016-152121,114,1195,582,897,1,58,271.992,1,0.2,339.99,23.7993,0.0875,2,0
1933,CA-2017-161200,278,1196,635,683,1,300,145.74,3,0.0,145.74,23.3184,0.16,4,0
1934,CA-2017-161200,278,51,635,683,1,300,15.4,5,0.0,15.4,7.392,0.48000000000000004,4,0
1935,CA-2017-101245,353,1159,345,735,2,10,244.55,5,0.0,244.55,114.9385,0.47,6,0
1936,CA-2017-101245,353,1197,345,735,2,10,166.16,8,0.0,166.16,59.8176,0.36,6,0
1937,CA-2015-141768,473,876,443,1330,1,10,14.73,3,0.0,14.73,4.8609,0.33,2,0
1938,CA-2016-112109,556,1198,631,189,2,334,19.968,2,0.7,66.55999999999999,-13.312,-0.6666666666666666,4,1
1939,CA-2016-112109,556,1199,631,189,2,334,33.488,7,0.2,41.86,-1.2558,-0.0375,4,0
1940,CA-2016-112109,556,25,631,189,2,334,8.736,4,0.7,29.119999999999997,-6.1152,-0.7,4,1
1941,CA-2016-112109,556,158,631,189,2,334,662.88,3,0.2,828.5999999999999,74.574,0.1125,4,0
1942,CA-2017-144064,435,199,636,854,3,117,47.36,4,0.2,59.199999999999996,17.76,0.37500000000000006,3,0
1943,CA-2017-144064,435,457,636,854,3,117,27.44,2,0.2,34.3,2.401,0.0875,3,0
1944,CA-2017-144064,435,752,636,854,3,117,3.24,9,0.8,16.200000000000006,-5.184,-1.5999999999999999,3,1
1945,CA-2016-108581,106,1017,24,191,2,297,95.968,4,0.2,119.96,26.3912,0.275,6,0
1946,CA-2016-108581,106,1146,24,191,2,297,10.368,2,0.2,12.959999999999999,3.6288,0.35,6,0
1947,CA-2017-157987,557,333,265,1280,2,30,23.1,2,0.0,23.1,6.468,0.27999999999999997,4,0
1948,CA-2017-157987,557,1138,265,1280,2,30,11.54,2,0.0,11.54,3.462,0.30000000000000004,4,0
1949,CA-2017-157987,557,412,265,1280,2,30,254.526,1,0.4,424.21000000000004,-93.3262,-0.36666666666666664,4,1
1950,CA-2017-157987,557,96,265,1280,2,30,12.98,1,0.0,12.98,3.7642,0.29,4,0
1951,CA-2017-157987,557,926,265,1280,2,30,26.432,8,0.2,33.04,8.9208,0.3375,4,0
1952,CA-2017-157987,557,782,265,1280,2,30,197.97,3,0.0,197.97,57.4113,0.29,4,0
1953,CA-2017-157987,557,1043,265,1280,2,30,18.9,6,0.0,18.9,9.072,0.48,4,0
1954,CA-2017-157987,557,464,265,1280,2,30,1282.41,5,0.1,1424.9,213.735,0.16666666666666666,4,0
1955,CA-2017-157987,557,1200,265,1280,2,30,4.92,3,0.0,4.92,2.214,0.45,4,0
1956,CA-2017-157987,557,1201,265,1280,2,30,238.0,2,0.0,238.0,38.08,0.16,4,0
1957,CA-2017-157987,557,202,265,1280,2,30,167.97,3,0.0,167.97,40.3128,0.24000000000000002,4,0
1958,CA-2017-157987,557,1118,265,1280,2,30,17.12,4,0.0,17.12,7.704,0.44999999999999996,4,0
1959,CA-2017-110905,356,807,19,176,1,335,16.2,3,0.0,16.2,7.776,0.48,5,0
1960,CA-2017-110905,356,1202,19,176,1,335,33.99,3,0.0,33.99,14.6157,0.43,5,0
1961,CA-2017-110905,356,1090,19,176,1,335,296.85,5,0.0,296.85,53.433,0.18,5,0
1962,CA-2017-110905,356,1203,19,176,1,335,112.8,6,0.0,112.8,6.768,0.06,5,0
1963,CA-2017-110905,356,1204,19,176,1,335,13.71,3,0.0,13.71,6.5808,0.48,5,0
1964,CA-2017-110905,356,1026,19,176,1,335,24.9,5,0.0,24.9,11.703,0.47000000000000003,5,0
1965,CA-2017-110905,356,622,19,176,1,335,286.29,3,0.0,286.29,17.1774,0.05999999999999999,5,0
1966,CA-2017-110905,356,1205,19,176,1,335,24.18,2,0.0,24.18,7.254,0.3,5,0
1967,CA-2017-165841,204,540,203,117,2,336,281.97,3,0.0,281.97,78.9516,0.27999999999999997,7,0
1968,CA-2017-165841,204,1206,203,117,2,336,69.5,5,0.0,69.5,20.155,0.29000000000000004,7,0
1969,CA-2017-165841,204,163,203,117,2,336,166.44,3,0.0,166.44,79.8912,0.48,7,0
1970,CA-2017-117485,218,172,398,366,2,313,291.96,4,0.0,291.96,102.186,0.35000000000000003,6,0
1971,CA-2017-140242,530,1127,637,944,2,37,6.408,3,0.2,8.01,0.6408,0.1,5,0
1972,CA-2017-140242,530,172,637,944,2,37,408.744,7,0.2,510.93,76.6395,0.18749999999999997,5,0
1973,CA-2014-148950,558,1207,638,175,2,27,5.104,4,0.8,25.520000000000007,-8.6768,-1.7,5,1
1974,CA-2014-148950,558,805,638,175,2,27,2.896,2,0.2,3.6199999999999997,0.4706,0.1625,5,0
1975,CA-2014-148950,558,1208,638,175,2,27,35.016,3,0.2,43.769999999999996,-2.1885,-0.0625,5,0
1976,CA-2014-110408,128,197,639,23,1,154,275.97,3,0.0,275.97,11.0388,0.039999999999999994,2,0
1977,CA-2014-110408,128,1209,639,23,1,154,1394.95,5,0.0,1394.95,362.687,0.26,2,0
1978,CA-2014-110408,128,1210,639,23,1,154,545.88,6,0.0,545.88,70.9644,0.13,2,0
1979,CA-2015-109939,212,1211,413,794,2,161,5.248,2,0.2,6.56,0.5904,0.1125,4,0
1980,CA-2016-112669,447,285,168,168,4,277,933.536,4,0.2,1166.9199999999998,105.0228,0.11250000000000002,0,0
1981,CA-2016-112669,447,231,168,168,4,277,42.976,4,0.2,53.72,4.2976,0.1,0,0
1982,CA-2015-119592,153,621,640,1136,1,113,3.76,2,0.0,3.76,1.8048,0.48000000000000004,2,0
1983,CA-2014-122749,160,1212,641,338,2,337,479.96,4,0.0,479.96,134.3888,0.28,6,0
1984,CA-2014-164721,430,651,642,502,1,91,320.88,6,0.0,320.88,93.0552,0.29,2,0
1985,CA-2014-164721,430,741,642,502,1,91,23.88,3,0.0,23.88,10.5072,0.44,2,0
1986,CA-2014-164721,430,1071,642,502,1,91,26.76,4,0.0,26.76,12.3096,0.45999999999999996,2,0
1987,CA-2016-147417,559,307,198,1275,3,48,1439.976,4,0.4,2399.9600000000005,191.9968,0.13333333333333333,2,1
1988,CA-2015-127509,549,1213,530,51,2,335,17.22,3,0.0,17.22,7.9212,0.46,4,0
1989,CA-2015-127509,549,1214,530,51,2,335,1024.38,7,0.0,1024.38,215.1198,0.20999999999999996,4,0
1990,CA-2015-127509,549,1215,530,51,2,335,26.22,3,0.0,26.22,12.3234,0.47,4,0
1991,CA-2015-127509,549,1216,530,51,2,335,17.34,3,0.0,17.34,8.4966,0.49000000000000005,4,0
1992,CA-2017-111374,559,926,643,1230,2,64,4.956,4,0.7,16.52,-3.7996,-0.7666666666666666,4,1
1993,CA-2017-133648,530,430,644,1171,2,331,71.04,6,0.2,88.8,26.64,0.375,7,0
1994,CA-2017-133648,530,1217,644,1171,2,331,5.344,2,0.2,6.68,0.7348,0.13749999999999998,7,0
1995,CA-2017-133648,530,1218,644,1171,2,331,11.304,3,0.2,14.129999999999999,-2.1195,-0.1875,7,0
1996,US-2017-147221,560,1219,575,770,1,67,294.62,5,0.8,1473.1000000000004,-766.012,-2.5999999999999996,2,1
1997,US-2017-147221,560,494,575,770,1,67,8.752,4,0.6,21.88,-3.7196,-0.42499999999999993,2,1
1998,CA-2014-131905,541,548,645,1331,3,338,15.0,4,0.0,15.0,7.2,0.48000000000000004,3,0
1999,CA-2014-131905,541,298,645,1331,3,338,161.61,1,0.0,161.61,42.0186,0.25999999999999995,3,0
2000,CA-2014-131905,541,1130,645,1331,3,338,144.95,5,0.0,144.95,42.0355,0.29000000000000004,3,0
2001,CA-2017-166128,561,98,646,1327,2,55,199.95,5,0.0,199.95,21.9945,0.11,7,0
2002,CA-2017-166128,561,1055,646,1327,2,55,41.86,7,0.0,41.86,14.2324,0.34,7,0
2003,CA-2017-163510,528,912,54,117,1,176,95.94,3,0.0,95.94,9.594,0.09999999999999999,3,0
2004,CA-2017-163510,528,65,54,117,1,176,304.45,5,0.0,304.45,76.1125,0.25,3,0
2005,US-2017-143028,338,93,646,1327,2,339,11.364,3,0.8,56.820000000000014,-17.046,-1.4999999999999998,7,1
2006,CA-2014-111150,339,754,521,1039,2,340,29.68,7,0.0,29.68,11.5752,0.39,4,0
2007,CA-2014-111150,339,235,521,1039,2,340,47.53,7,0.0,47.53,16.1602,0.33999999999999997,4,0
2008,CA-2017-165386,497,1220,647,1019,3,37,183.372,2,0.3,261.96000000000004,-36.6744,-0.19999999999999998,1,1
2009,CA-2014-116407,441,1040,648,872,2,341,4.224,3,0.2,5.28,0.4752,0.1125,6,0
2010,CA-2014-116407,441,78,648,872,2,341,333.056,2,0.2,416.31999999999994,29.1424,0.0875,6,0
2011,CA-2014-116407,441,566,648,872,2,341,24.896,4,0.2,31.12,7.78,0.3125,6,0
2012,CA-2015-155761,562,591,556,556,4,17,159.984,2,0.2,199.98,35.9964,0.225,0,0
2013,CA-2015-155761,562,1221,556,556,4,17,46.344,3,0.2,57.93,4.6344,0.1,0,0
2014,CA-2016-145905,563,1132,32,714,2,342,350.98,1,0.0,350.98,84.2352,0.24,5,0
2015,CA-2016-145905,563,1222,32,714,2,342,13.08,2,0.0,13.08,6.0168,0.45999999999999996,5,0
2016,CA-2016-145905,563,907,32,714,2,342,900.08,4,0.0,900.08,117.0104,0.13,5,0
2017,CA-2015-113110,319,1046,532,392,2,343,17.568,2,0.2,21.96,6.3684,0.3625,4,0
2018,CA-2015-113110,319,3,532,392,2,343,14.62,2,0.0,14.62,6.8714,0.47000000000000003,4,0
2019,CA-2015-113110,319,1060,532,392,2,343,33.36,4,0.0,33.36,8.6736,0.26,4,0
2020,CA-2015-113110,319,187,532,392,2,343,40.14,6,0.0,40.14,19.6686,0.49000000000000005,4,0
2021,CA-2016-168354,564,519,252,1332,3,260,1606.23,9,0.0,1606.23,481.869,0.3,2,0
2022,CA-2016-168354,564,127,252,1332,3,260,17.04,3,0.0,17.04,7.668,0.45,2,0
2023,CA-2016-168354,564,730,252,1332,3,260,49.53,3,0.0,49.53,23.7744,0.48,2,0
2024,CA-2016-168354,564,636,252,1332,3,260,872.32,4,0.0,872.32,244.2496,0.27999999999999997,2,0
2025,US-2017-111241,422,980,649,1030,1,254,239.12,5,0.2,298.9,77.714,0.325,2,0
2026,CA-2015-114237,508,632,650,1008,3,6,141.96,2,0.0,141.96,39.7488,0.28,2,0
2027,CA-2016-113516,92,341,163,546,1,195,33.024,2,0.2,41.28,11.5584,0.35000000000000003,2,0
2028,CA-2016-113516,92,543,163,546,1,195,67.136,4,0.2,83.91999999999999,23.4976,0.35,2,0
2029,CA-2015-117961,324,186,651,673,2,344,14.73,3,0.0,14.73,6.9231,0.47,4,0
2030,CA-2015-117961,324,1223,651,673,2,344,104.9,5,0.0,104.9,25.176,0.23999999999999996,4,0
2031,CA-2015-117961,324,786,651,673,2,344,61.04,4,0.0,61.04,30.52,0.5,4,0
2032,CA-2015-117961,324,1030,651,673,2,344,10.95,3,0.0,10.95,5.1465,0.47,4,0
2033,CA-2016-128923,335,708,11,181,2,7,9.392,2,0.2,11.739999999999998,3.2872,0.35000000000000003,4,0
2034,CA-2016-128923,335,1133,11,181,2,7,9.328,1,0.2,11.659999999999998,0.8162,0.08750000000000001,4,0
2035,CA-2017-162481,565,864,146,366,2,39,8.26,2,0.0,8.26,3.8822,0.47000000000000003,4,0
2036,CA-2017-162481,565,52,146,366,2,39,269.97,3,0.0,269.97,51.2943,0.18999999999999997,4,0
2037,CA-2015-119214,195,365,652,747,2,345,29.04,3,0.0,29.04,13.9392,0.48,4,0
2038,CA-2015-119214,195,1101,652,747,2,345,14.62,2,0.0,14.62,6.8714,0.47000000000000003,4,0
2039,CA-2015-122287,382,1224,653,538,2,346,11.952,3,0.2,14.94,4.3326,0.36250000000000004,5,0
2040,CA-2015-122287,382,871,653,538,2,346,4.536,7,0.7,15.119999999999996,-3.3264,-0.7333333333333334,5,1
2041,CA-2015-122287,382,786,653,538,2,346,9.156,2,0.7,30.519999999999996,-6.104,-0.6666666666666666,5,1
2042,CA-2015-122287,382,1156,653,538,2,346,75.36,5,0.2,94.19999999999999,20.724,0.275,5,0
2043,CA-2015-104493,183,1225,654,1050,2,189,57.504,6,0.2,71.88,20.1264,0.35000000000000003,6,0
2044,US-2017-158946,479,925,552,52,2,347,38.864,7,0.2,48.57999999999999,7.7728,0.2,5,0
2045,CA-2014-129168,11,989,655,710,2,15,15.552,3,0.2,19.439999999999998,5.4432,0.35000000000000003,6,0
2046,CA-2016-131835,566,724,20,659,2,348,162.64,2,0.0,162.64,45.5392,0.28,4,0
2047,CA-2016-131835,566,257,20,659,2,348,597.0,3,0.0,597.0,280.59,0.47,4,0
2048,CA-2016-131835,566,418,20,659,2,348,55.48,1,0.0,55.48,26.6304,0.48000000000000004,4,0
2049,CA-2015-142237,243,29,656,563,3,64,289.8,7,0.2,362.25,36.225,0.125,2,0
2050,CA-2015-142237,243,758,656,563,3,64,2.502,3,0.7,8.339999999999998,-2.0016,-0.8,2,1
2051,CA-2015-142237,243,807,656,563,3,64,6.48,4,0.7,21.599999999999998,-4.752,-0.7333333333333333,2,1
2052,CA-2015-142237,243,1226,656,563,3,64,341.488,8,0.3,487.84000000000003,-73.176,-0.2142857142857143,2,1
2053,CA-2015-142237,243,325,656,563,3,64,11.12,5,0.2,13.899999999999999,0.834,0.075,2,0
2054,CA-2015-142237,243,1227,656,563,3,64,25.344,6,0.2,31.68,3.4848,0.13749999999999998,2,0
2055,CA-2016-136434,503,1138,50,1287,2,239,17.31,3,0.0,17.31,5.193,0.3,6,0
2056,CA-2017-120376,237,1228,67,54,3,84,199.95,5,0.0,199.95,63.984,0.32,3,0
2057,CA-2017-120376,237,630,67,54,3,84,1586.69,7,0.0,1586.69,412.5394,0.26,3,0
2058,CA-2017-120376,237,107,67,54,3,84,84.99,1,0.0,84.99,30.5964,0.36,3,0
2059,CA-2017-120376,237,122,67,54,3,84,411.8,2,0.0,411.8,70.006,0.16999999999999998,3,0
2060,CA-2014-106439,56,1229,657,131,2,14,11.34,3,0.0,11.34,5.2164,0.46,4,0
2061,CA-2014-106439,56,1230,657,131,2,14,80.3,5,0.0,80.3,20.878,0.26,4,0
2062,CA-2014-106439,56,1231,657,131,2,14,15.968,2,0.2,19.959999999999997,5.3892,0.33749999999999997,4,0
2063,CA-2014-106439,56,1232,657,131,2,14,64.74,13,0.0,64.74,30.4278,0.4700000000000001,4,0
2064,CA-2014-106439,56,1233,657,131,2,14,19.296,3,0.2,24.119999999999997,6.03,0.3125,4,0
2065,CA-2014-106439,56,538,657,131,2,14,405.64,4,0.0,405.64,12.1692,0.030000000000000002,4,0
2066,CA-2014-106439,56,1226,657,131,2,14,146.352,3,0.2,182.94,-9.147,-0.0625,4,0
2067,CA-2014-106439,56,1131,657,131,2,14,251.91,9,0.0,251.91,47.8629,0.19,4,0
2068,CA-2014-106439,56,1025,657,131,2,14,12.39,3,0.0,12.39,3.717,0.3,4,0
2069,CA-2015-133452,234,1234,658,1084,2,283,199.96,4,0.0,199.96,69.986,0.35000000000000003,6,0
2070,CA-2015-133452,234,1235,658,1084,2,283,710.832,3,0.2,888.54,-97.7394,-0.1375,6,0
2071,CA-2016-146521,567,626,659,311,1,64,1.941,1,0.7,6.469999999999999,-1.294,-0.6666666666666666,2,1
2072,US-2017-110996,568,368,226,921,2,349,283.92,5,0.2,354.9,-46.137,-0.1625,5,0
2073,CA-2016-129693,569,1204,492,500,2,60,7.312,2,0.2,9.14,2.5592,0.35000000000000003,6,0
2074,CA-2017-122504,490,1236,660,106,1,91,59.97,3,0.0,59.97,13.7931,0.23,5,0
2075,CA-2017-122504,490,1237,660,106,1,91,761.544,7,0.2,951.93,66.6351,0.0875,5,0
2076,CA-2014-131051,310,276,589,30,2,35,58.2,3,0.0,58.2,28.518,0.49,4,0
2077,CA-2017-140676,570,227,511,176,3,309,39.9,5,0.0,39.9,19.95,0.5,3,0
2078,CA-2017-140676,570,96,511,176,3,309,90.86,7,0.0,90.86,26.3494,0.29,3,0
2079,CA-2017-140676,570,275,511,176,3,309,94.85,5,0.0,94.85,45.528,0.48000000000000004,3,0
2080,CA-2015-120103,334,1238,101,1233,2,52,106.232,7,0.2,132.79,37.1812,0.35,5,0
2081,CA-2015-120103,334,600,101,1233,2,52,111.984,2,0.2,139.98,11.1984,0.1,5,0
2082,CA-2015-120103,334,764,101,1233,2,52,7.712,2,0.2,9.639999999999999,1.7352,0.225,5,0
2083,CA-2017-104647,243,911,661,1333,2,142,37.44,6,0.0,37.44,16.848,0.45,6,0
2084,CA-2014-110352,526,430,534,504,2,67,23.68,2,0.2,29.599999999999998,8.88,0.37500000000000006,6,0
2085,CA-2016-140501,6,581,662,932,2,30,122.12,4,0.0,122.12,56.1752,0.45999999999999996,5,0
2086,CA-2016-140501,6,1239,662,932,2,30,18.45,5,0.0,18.45,8.6715,0.47000000000000003,5,0
2087,CA-2016-140501,6,392,662,932,2,30,324.9,5,0.0,324.9,38.988,0.12000000000000001,5,0
2088,CA-2016-140501,6,1159,662,932,2,30,146.73,3,0.0,146.73,68.9631,0.47000000000000003,5,0
2089,CA-2016-140501,6,1240,662,932,2,30,3.96,2,0.0,3.96,1.4652,0.37,5,0
2090,CA-2015-139290,200,1241,663,629,2,350,5.76,2,0.0,5.76,2.6496,0.46,4,0
2091,CA-2017-166142,571,609,664,1334,2,50,26.55,3,0.0,26.55,13.0095,0.48999999999999994,4,0
2092,CA-2017-166142,571,1117,664,1334,2,50,310.443,3,0.3,443.49,-48.7839,-0.15714285714285717,4,1
2093,CA-2014-145926,89,993,665,872,2,351,479.9,5,0.0,479.9,81.583,0.17,4,0
2094,CA-2015-149678,498,506,658,1279,1,215,12.88,1,0.0,12.88,0.3864,0.03,2,0
2095,US-2015-164357,12,1242,666,240,2,125,13.12,5,0.2,16.4,1.476,0.1125,4,0
2096,US-2016-146570,18,1243,667,245,2,130,511.84,8,0.0,511.84,240.5648,0.47000000000000003,5,0
2097,US-2016-146570,18,1244,667,245,2,130,91.96,4,0.0,91.96,25.7488,0.28,5,0
2098,US-2016-146570,18,450,667,245,2,130,8.34,3,0.0,8.34,2.1684,0.26,5,0
2099,CA-2017-124401,77,954,211,511,2,41,37.68,3,0.2,47.099999999999994,2.355,0.0625,5,0
2100,CA-2017-124401,77,1136,211,511,2,41,279.944,7,0.2,349.93,80.4839,0.2875,5,0
2101,US-2014-140116,410,1245,419,462,2,77,636.408,3,0.2,795.51,-15.9102,-0.024999999999999998,7,0
2102,US-2014-140116,410,1063,419,462,2,77,83.168,4,0.2,103.96000000000001,9.3564,0.1125,7,0
2103,CA-2014-123295,572,395,668,668,4,116,259.136,4,0.2,323.92,-25.9136,-0.09999999999999999,0,0
2104,CA-2017-167101,313,448,669,616,1,30,221.92,4,0.0,221.92,106.5216,0.48000000000000004,4,0
2105,CA-2017-167101,313,198,669,616,1,30,26.0,2,0.0,26.0,11.7,0.44999999999999996,4,0
2106,US-2014-167633,573,975,588,1083,2,252,15.552,3,0.2,19.439999999999998,5.4432,0.35000000000000003,5,0
2107,US-2014-152723,429,237,468,468,4,352,0.876,1,0.8,4.380000000000001,-1.4016,-1.5999999999999999,0,1
2108,CA-2015-164882,66,369,90,90,4,72,19.98,1,0.0,19.98,9.3906,0.47,0,0
2109,CA-2015-164882,66,897,90,90,4,72,398.352,3,0.2,497.93999999999994,124.485,0.3125,0,0
2110,CA-2015-164882,66,1246,90,90,4,72,5.04,3,0.0,5.04,1.26,0.25,0,0
2111,CA-2015-164882,66,204,90,90,4,72,17.45,5,0.0,17.45,8.027,0.45999999999999996,0,0
2112,CA-2015-164882,66,39,90,90,4,72,323.136,4,0.2,403.92,20.196,0.0625,0,0
2113,CA-2015-164882,66,559,90,90,4,72,29.7,3,0.0,29.7,8.019,0.27,0,0
2114,CA-2015-164882,66,1247,90,90,4,72,1295.84,4,0.2,1619.7999999999997,145.782,0.11250000000000002,0,0
2115,CA-2015-164882,66,1248,90,90,4,72,46.84,2,0.0,46.84,12.6468,0.27,0,0
2116,CA-2015-164882,66,1249,90,90,4,72,425.833,1,0.15,500.98,20.0392,0.047058823529411764,0,0
2117,CA-2015-159786,344,1111,89,873,1,145,209.67,1,0.4,349.45,-13.978,-0.06666666666666667,5,1
2118,CA-2016-130267,574,394,252,714,2,353,159.88,7,0.0,159.88,73.5448,0.45999999999999996,4,0
2119,CA-2017-155460,339,219,670,5,3,60,5.28,1,0.0,5.28,2.376,0.44999999999999996,2,0
2120,CA-2017-155460,339,1189,670,5,3,60,895.92,5,0.2,1119.8999999999999,302.373,0.3375,2,0
2121,US-2017-168690,466,745,364,1124,2,354,2.808,3,0.7,9.359999999999998,-1.9656,-0.7000000000000001,6,1
2122,CA-2017-158246,81,52,46,344,3,355,215.976,3,0.2,269.96999999999997,-2.6997,-0.0125,2,0
2123,CA-2017-167381,383,367,586,242,1,243,241.96,2,0.0,241.96,41.1332,0.17,2,0
2124,CA-2017-167381,383,86,586,242,1,243,27.72,9,0.0,27.72,13.3056,0.48000000000000004,2,0
2125,CA-2017-144862,383,1250,97,257,2,106,104.68,5,0.2,130.85,35.3295,0.3375,4,0
2126,CA-2017-144862,383,1251,97,257,2,106,62.958,7,0.4,104.93,9.4437,0.15,4,1
2127,CA-2014-126032,575,358,671,308,2,106,86.376,3,0.2,107.97,1.0797,0.0125,5,0
2128,CA-2015-134859,452,1252,243,331,2,64,64.944,3,0.2,81.17999999999999,6.4944,0.09999999999999999,5,0
2129,CA-2015-134859,452,1005,243,331,2,64,20.736,4,0.2,25.919999999999998,7.2576,0.35,5,0
2130,US-2014-114188,576,1253,672,858,1,356,33.28,4,0.0,33.28,9.3184,0.28,2,0
2131,US-2014-114188,576,1254,672,858,1,356,38.52,9,0.0,38.52,11.9412,0.31,2,0
2132,US-2014-114188,576,892,672,858,1,356,139.86,7,0.0,139.86,60.1398,0.42999999999999994,2,0
2133,CA-2015-156524,298,1255,313,651,2,165,19.65,3,0.0,19.65,9.039,0.46,6,0
2134,CA-2015-122210,577,14,673,785,2,64,152.991,3,0.7,509.96999999999997,-122.3928,-0.7999999999999999,4,1
2135,CA-2015-122210,577,970,673,785,2,64,10.584,7,0.2,13.229999999999999,-2.3814,-0.22500000000000003,4,0
2136,CA-2015-122210,577,1256,673,785,2,64,94.92,4,0.4,158.20000000000002,15.82,0.16666666666666666,4,1
2137,CA-2015-156377,578,1257,621,320,2,71,14.76,5,0.6,36.9,-11.439,-0.775,5,1
2138,CA-2015-156377,578,1204,621,320,2,71,3.656,4,0.8,18.280000000000005,-5.8496,-1.5999999999999999,5,1
2139,US-2017-157896,559,594,674,674,4,30,146.82,3,0.0,146.82,73.41,0.5,0,0
2140,CA-2014-159520,266,351,572,1322,2,256,149.544,9,0.2,186.93,50.4711,0.33749999999999997,5,0
2141,CA-2014-159520,266,1258,572,1322,2,256,17.14,2,0.0,17.14,4.4564,0.26,5,0
2142,CA-2014-159520,266,1259,572,1322,2,256,991.764,3,0.4,1652.94,-347.1174,-0.35,5,1
2143,CA-2016-155481,159,70,143,65,2,12,30.48,6,0.2,38.1,9.906,0.325,4,0
2144,CA-2016-155481,159,126,143,65,2,12,23.988,2,0.4,39.980000000000004,-4.7976,-0.2,4,1
2145,CA-2016-155481,159,128,143,65,2,12,16.688,7,0.2,20.859999999999996,5.4236,0.32500000000000007,4,0
2146,US-2016-152051,379,229,675,623,2,357,422.058,3,0.3,602.94,-18.0882,-0.04285714285714286,4,1
2147,US-2016-152051,379,133,675,623,2,357,38.088,4,0.7,126.95999999999998,-27.9312,-0.7333333333333333,4,1
2148,US-2016-152051,379,46,675,623,2,357,254.352,6,0.2,317.94,-50.8704,-0.19999999999999998,4,0
2149,CA-2014-141607,577,785,433,507,2,138,43.31,1,0.0,43.31,4.331,0.1,5,0
2150,CA-2017-102771,158,1260,186,1335,2,46,84.95,5,0.0,84.95,22.087,0.26,5,0
2151,US-2017-139969,579,914,124,201,2,358,233.058,3,0.3,332.94,-53.2704,-0.2285714285714286,7,1
2152,CA-2014-167360,580,405,157,504,1,359,111.79,7,0.0,111.79,43.5981,0.39,5,0
2153,CA-2015-123505,482,1026,7,651,2,360,14.94,3,0.0,14.94,7.0218,0.47000000000000003,4,0
2154,CA-2016-117282,113,609,217,428,2,30,14.16,2,0.2,17.7,5.133,0.3625,4,0
2155,US-2016-120460,409,1156,568,466,2,177,22.608,3,0.6,56.519999999999996,-10.1736,-0.45,5,1
2156,CA-2016-111115,446,295,198,1275,1,4,21.48,6,0.0,21.48,10.74,0.5,2,0
2157,CA-2014-124646,232,750,170,1219,3,40,501.81,3,0.0,501.81,0.0,0.0,2,0
2158,CA-2014-124646,232,399,170,1219,3,40,161.94,3,0.0,161.94,9.7164,0.060000000000000005,2,0
2159,CA-2017-148166,72,1261,209,41,2,263,17.856,4,0.2,22.32,2.0088,0.11249999999999999,5,0
2160,CA-2016-159737,230,909,324,370,2,27,8.808,3,0.8,44.040000000000006,-14.9736,-1.7,6,1
2161,CA-2016-141019,110,1072,676,676,4,94,79.384,1,0.2,99.22999999999999,29.769,0.375,0,0
2162,CA-2016-101938,109,1262,677,1336,2,233,34.58,1,0.0,34.58,10.0282,0.29000000000000004,5,0
2163,CA-2017-166296,581,1079,678,499,2,361,314.55,3,0.0,314.55,150.984,0.48000000000000004,6,0
2164,CA-2016-154018,67,658,64,1243,2,162,191.976,3,0.2,239.97,23.997,0.125,6,0
2165,CA-2016-154018,67,1263,64,1243,2,162,8.288,2,0.2,10.36,3.0044,0.3625,6,0
2166,CA-2016-154018,67,584,64,1243,2,162,139.92,5,0.6,349.79999999999995,-150.414,-1.075,6,1
2167,CA-2016-154018,67,1168,64,1243,2,162,15.872,1,0.2,19.84,1.1904,0.075,6,0
2168,CA-2016-154018,67,308,64,1243,2,162,6.286,7,0.8,31.430000000000003,-11.0005,-1.7500000000000002,6,1
2169,CA-2017-117870,582,513,679,290,1,362,14.016,3,0.2,17.52,1.752,0.125,3,0
2170,CA-2017-117870,582,702,679,290,1,362,71.976,3,0.2,89.97,-8.997,-0.125,3,0
2171,CA-2017-117870,582,161,679,290,1,362,107.982,3,0.4,179.97,-26.9955,-0.25,3,1
2172,US-2017-137491,19,636,124,921,2,363,305.312,2,0.3,436.16,-8.7232,-0.02857142857142857,6,1
2173,CA-2014-152296,583,1264,602,94,3,35,19.752,3,0.2,24.689999999999998,6.9132,0.35000000000000003,2,0
2174,CA-2016-112025,61,1088,680,579,2,33,9.264,3,0.8,46.32000000000001,-13.896,-1.5000000000000002,5,1
2175,CA-2015-132507,567,1221,118,1337,1,17,61.792,4,0.2,77.24,6.1792,0.09999999999999999,4,0
2176,CA-2016-125738,584,1265,681,148,2,364,45.68,2,0.0,45.68,21.0128,0.45999999999999996,6,0
2177,CA-2016-125738,584,1084,681,148,2,364,60.12,9,0.0,60.12,28.8576,0.48000000000000004,6,0
2178,CA-2016-125738,584,1125,681,148,2,364,41.72,5,0.2,52.15,13.0375,0.3125,6,0
2179,CA-2016-125738,584,423,681,148,2,364,71.6,8,0.0,71.6,32.936,0.46,6,0
2180,CA-2016-128818,171,339,682,75,2,30,85.232,7,0.2,106.53999999999999,30.8966,0.3625,4,0
2181,CA-2016-128818,171,430,682,75,2,30,44.4,3,0.0,44.4,22.2,0.5,4,0
2182,CA-2016-128818,171,1266,682,75,2,30,442.764,4,0.1,491.96,59.0352,0.13333333333333333,4,0
2183,CA-2016-128818,171,1151,682,75,2,30,3999.95,5,0.0,3999.95,1159.9855,0.29000000000000004,4,0
2184,CA-2016-128818,171,98,682,75,2,30,199.95,5,0.0,199.95,21.9945,0.11,4,0
2185,CA-2016-128818,171,741,682,75,2,30,63.68,8,0.0,63.68,28.0192,0.44,4,0
2186,CA-2017-124576,97,142,379,1019,1,206,54.896,2,0.2,68.61999999999999,18.5274,0.3375,3,0
2187,CA-2016-101378,585,175,217,217,4,365,29.0,2,0.0,29.0,7.25,0.25,0,0
2188,CA-2017-143063,583,1041,683,734,2,135,70.08,6,0.0,70.08,35.04,0.5,5,0
2189,CA-2017-143063,583,72,683,734,2,135,121.3,2,0.0,121.3,25.473,0.21,5,0
2190,CA-2017-143063,583,298,683,734,2,135,1454.49,9,0.0,1454.49,378.1674,0.26,5,0
2191,CA-2016-118913,239,1267,675,623,2,14,60.81,3,0.0,60.81,17.0268,0.28,4,0
2192,CA-2016-128412,276,1243,108,908,2,60,153.552,3,0.2,191.93999999999997,51.8238,0.3375,7,0
2193,CA-2016-128412,276,1113,108,908,2,60,65.34,3,0.0,65.34,22.869,0.35,7,0
2194,CA-2016-128412,276,1031,108,908,2,60,123.92,4,0.0,123.92,55.764,0.45,7,0
2195,CA-2016-128412,276,1268,108,908,2,60,35.1,3,0.0,35.1,12.285,0.35,7,0
2196,CA-2016-128412,276,1045,108,908,2,60,44.75,5,0.0,44.75,8.5025,0.19,7,0
2197,CA-2016-136483,370,135,50,410,2,366,4.704,2,0.2,5.879999999999999,0.4116,0.08750000000000001,5,0
2198,CA-2014-163013,570,564,684,775,2,154,14.67,3,0.0,14.67,3.9609,0.27,6,0
2199,CA-2015-135363,238,90,263,789,2,75,15.552,3,0.2,19.439999999999998,5.4432,0.35000000000000003,5,0
2200,CA-2015-135363,238,1222,263,789,2,75,5.232,1,0.2,6.54,1.7004,0.32499999999999996,5,0
2201,US-2014-165659,300,346,107,572,2,367,22.2,6,0.0,22.2,9.102,0.41000000000000003,5,0
2202,US-2014-165659,300,203,107,572,2,367,881.93,7,0.0,881.93,229.3018,0.26,5,0
2203,CA-2015-138002,458,316,685,812,2,6,6.096,2,0.2,7.62,2.1336,0.35,6,0
2204,CA-2015-138002,458,1269,685,812,2,6,191.82,3,0.0,191.82,74.8098,0.39,6,0
2205,CA-2015-128860,57,1002,686,762,2,208,20.104,1,0.2,25.13,1.7591,0.08750000000000001,6,0
2206,CA-2016-164350,345,1270,546,127,1,49,67.56,3,0.2,84.45,8.445,0.125,2,0
2207,US-2014-103905,586,411,687,837,2,174,29.932,7,0.8,149.66000000000003,-46.3946,-1.55,6,1
2208,US-2014-103905,586,180,687,837,2,174,38.272,4,0.2,47.839999999999996,3.8272,0.1,6,0
2209,CA-2015-129854,43,106,422,1338,2,30,16.52,4,0.0,16.52,7.5992,0.46,4,0
2210,CA-2014-125556,587,1271,688,913,1,70,832.93,7,0.0,832.93,233.2204,0.28,2,0
2211,CA-2014-125556,587,237,688,913,1,70,43.8,10,0.0,43.8,21.024,0.48000000000000004,2,0
2212,CA-2016-162313,147,1272,582,886,3,368,167.292,6,0.1,185.88,29.7408,0.17777777777777778,3,0
2213,CA-2017-107874,350,906,611,921,2,46,27.42,1,0.0,27.42,11.2422,0.41,4,0
2214,CA-2017-129378,516,752,173,281,3,59,1.44,1,0.2,1.7999999999999998,0.504,0.35000000000000003,1,0
2215,CA-2017-129378,516,306,173,281,3,59,61.776,13,0.2,77.22,20.8494,0.33749999999999997,1,0
2216,CA-2017-129378,516,644,173,281,3,59,241.96,2,0.0,241.96,60.49,0.25,1,0
2217,CA-2017-129378,516,1273,173,281,3,59,108.608,4,0.2,135.76,9.5032,0.0875,1,0
2218,CA-2014-151953,588,1274,60,795,2,134,2.816,2,0.2,3.5199999999999996,0.9856,0.35000000000000003,5,0
2219,CA-2017-130841,589,745,689,379,2,95,9.984,4,0.2,12.479999999999999,3.6192,0.36250000000000004,4,0
2220,CA-2017-130841,589,356,689,379,2,95,14.98,1,0.0,14.98,4.1944,0.27999999999999997,4,0
2221,CA-2017-130841,589,1119,689,379,2,95,1145.6,4,0.2,1431.9999999999998,100.24,0.08750000000000001,4,0
2222,CA-2015-131884,590,1247,402,402,4,369,485.94,2,0.4,809.9,-89.089,-0.18333333333333332,0,1
2223,CA-2015-131884,590,513,402,402,4,369,37.376,8,0.2,46.71999999999999,4.672,0.125,0,0
2224,CA-2015-131884,590,212,402,402,4,369,70.686,1,0.3,100.98000000000002,-24.2352,-0.3428571428571428,0,1
2225,CA-2017-121909,106,1275,690,486,2,64,54.816,3,0.2,68.52,17.8152,0.325,5,0
2226,CA-2016-106383,591,1276,691,845,1,370,72.294,1,0.7,240.97999999999996,-98.8018,-1.3666666666666667,2,1
2227,CA-2017-130771,157,805,571,647,2,111,2.896,2,0.2,3.6199999999999997,0.4706,0.1625,5,0
2228,CA-2017-130771,157,496,571,647,2,111,124.792,1,0.2,155.98999999999998,15.599,0.125,5,0
2229,CA-2016-139157,412,1259,394,1339,2,24,330.588,1,0.4,550.98,-115.7058,-0.35,4,1
2230,CA-2014-128055,398,1179,692,268,2,35,673.568,2,0.2,841.9599999999999,252.588,0.375,5,0
2231,CA-2014-128055,398,1277,692,268,2,35,52.98,2,0.0,52.98,14.8344,0.28,5,0
2232,CA-2017-157091,592,794,336,871,2,242,526.45,5,0.0,526.45,31.587,0.06,5,0
2233,CA-2017-132122,582,1278,363,1164,2,27,228.92,5,0.2,286.15,14.3075,0.0625,5,0
2234,CA-2015-123232,265,1279,640,1136,1,41,319.968,4,0.2,399.96,35.9964,0.1125,2,0
2235,CA-2017-104066,426,826,257,390,2,371,205.03,7,0.0,205.03,67.6599,0.32999999999999996,5,0
2236,CA-2015-145849,565,622,427,15,1,305,190.86,2,0.0,190.86,11.4516,0.05999999999999999,2,0
2237,CA-2015-145849,565,1280,427,15,1,305,24.32,8,0.0,24.32,8.2688,0.34,2,0
2238,CA-2016-122322,564,1281,693,659,2,268,44.4,5,0.0,44.4,12.432,0.28,6,0
2239,CA-2017-166849,320,1282,694,467,2,27,44.4,2,0.6,110.99999999999999,-52.17,-1.175,6,1
2240,CA-2016-146633,593,451,626,1020,1,14,1016.792,1,0.2,1270.99,381.297,0.375,2,0
2241,CA-2016-146633,593,1283,626,1020,1,14,38.136,7,0.2,47.67,13.3476,0.35,2,0
2242,US-2016-126893,565,904,492,50,2,64,494.982,3,0.4,824.97,-115.4958,-0.23333333333333334,5,1
2243,CA-2017-103380,594,87,611,921,2,55,56.56,2,0.0,56.56,15.2712,0.27,4,0
2244,CA-2017-103380,594,450,611,921,2,55,5.56,2,0.0,5.56,1.4456,0.26,4,0
2245,CA-2017-103380,594,486,611,921,2,55,9.02,2,0.0,9.02,3.5178,0.39,4,0
2246,CA-2017-103380,594,23,611,921,2,55,8.62,1,0.0,8.62,2.2412,0.26,4,0
2247,CA-2017-103380,594,904,611,921,2,55,659.976,3,0.2,824.9699999999999,49.4982,0.075,4,0
2248,CA-2015-116092,595,1284,587,955,1,26,13.36,2,0.0,13.36,6.4128,0.48,3,0
2249,CA-2015-116092,595,1125,587,955,1,26,41.72,5,0.2,52.15,13.0375,0.3125,3,0
2250,CA-2015-116092,595,615,587,955,1,26,11.52,5,0.2,14.399999999999999,4.176,0.36250000000000004,3,0
2251,CA-2015-116092,595,1285,587,955,1,26,541.44,6,0.0,541.44,157.0176,0.2899999999999999,3,0
2252,CA-2015-116092,595,1232,587,955,1,26,19.44,3,0.0,19.44,9.3312,0.48000000000000004,3,0
2253,CA-2016-117849,452,137,174,765,1,189,143.7,3,0.0,143.7,68.976,0.48000000000000004,2,0
2254,CA-2015-169201,429,337,695,487,3,95,43.26,3,0.0,43.26,14.2758,0.33,3,0
2255,CA-2015-169201,429,1113,695,487,3,95,43.56,2,0.0,43.56,15.246,0.35,3,0
2256,CA-2016-164091,157,1286,43,898,2,372,437.85,3,0.0,437.85,131.355,0.29999999999999993,5,0
2257,CA-2016-164091,157,860,43,898,2,372,109.48,2,0.0,109.48,33.9388,0.31,5,0
2258,CA-2017-105214,60,378,115,250,3,35,1212.96,7,0.2,1516.2,90.972,0.075,3,0
2259,CA-2017-105214,60,1287,115,250,3,35,18.54,2,0.0,18.54,8.7138,0.4700000000000001,3,0
2260,CA-2015-117611,596,660,628,114,1,143,5.0,1,0.0,5.0,2.4,0.48,2,0
2261,CA-2015-117611,596,696,628,114,1,143,371.97,3,0.0,371.97,66.9546,0.18,2,0
2262,US-2015-137960,597,578,218,218,4,46,166.24,1,0.0,166.24,24.936,0.15,0,0
2263,CA-2017-122994,598,575,696,840,3,102,359.97,3,0.0,359.97,79.1934,0.21999999999999997,3,0
2264,CA-2016-131065,212,1288,697,77,1,149,499.98,2,0.0,499.98,114.9954,0.23,2,0
2265,CA-2016-131065,212,219,697,77,1,149,5.28,1,0.0,5.28,2.376,0.44999999999999996,2,0
2266,CA-2016-131065,212,926,697,77,1,149,8.26,2,0.0,8.26,3.8822,0.47000000000000003,2,0
2267,CA-2017-149146,599,1289,387,387,4,234,7.968,2,0.2,9.959999999999999,2.6892,0.3375,0,0
2268,CA-2017-137470,600,1290,698,698,4,61,12.96,2,0.0,12.96,6.3504,0.48999999999999994,0,0
2269,CA-2017-105480,159,1291,699,378,2,145,6.48,1,0.0,6.48,3.1104,0.4799999999999999,6,0
2270,CA-2017-105480,159,45,699,378,2,145,6.984,1,0.2,8.729999999999999,2.3571,0.3375,6,0
2271,CA-2017-164917,150,370,575,227,2,124,47.96,5,0.2,59.949999999999996,4.1965,0.08750000000000001,5,0
2272,CA-2015-102036,80,1292,482,875,2,60,199.74,6,0.0,199.74,47.9376,0.24000000000000002,6,0
2273,CA-2015-142944,140,1293,700,1340,2,35,435.26,7,0.0,435.26,95.7572,0.22,5,0
2274,CA-2015-142944,140,1294,700,1340,2,35,1119.984,2,0.2,1399.9799999999998,377.9946,0.3375,5,0
2275,CA-2014-157882,154,1295,463,1170,1,2,143.432,1,0.2,179.28999999999996,3.5858,0.025,5,0
2276,CA-2014-157882,154,24,463,1170,1,2,122.352,3,0.2,152.94,13.7646,0.11249999999999999,5,0
2277,CA-2014-104283,216,855,701,269,2,373,306.2,5,0.0,306.2,0.0,0.0,4,0
2278,CA-2014-104283,216,978,701,269,2,373,85.98,1,0.0,85.98,22.3548,0.26,4,0
2279,CA-2014-104283,216,202,701,269,2,373,223.96,4,0.0,223.96,53.7504,0.24,4,0
2280,CA-2017-142622,601,1226,506,809,3,61,97.568,2,0.2,121.96,-6.098,-0.0625,3,0
2281,CA-2017-142622,601,993,506,809,3,61,614.272,8,0.2,767.84,-23.0352,-0.0375,3,0
2282,CA-2017-142622,601,900,506,809,3,61,199.98,2,0.0,199.98,37.9962,0.19000000000000003,3,0
2283,CA-2016-132143,525,321,324,65,3,265,48.16,7,0.0,48.16,22.1536,0.4600000000000001,2,0
2284,CA-2015-153108,228,180,617,1001,2,374,23.92,2,0.0,23.92,6.6976,0.27999999999999997,4,0
2285,CA-2015-153108,228,1296,617,1001,2,374,60.69,7,0.0,60.69,16.3863,0.26999999999999996,4,0
2286,CA-2016-112676,602,1297,466,542,3,109,14.352,3,0.2,17.939999999999998,5.2026,0.3625,3,0
2287,CA-2017-165687,395,1298,702,52,2,271,35.04,2,0.0,35.04,12.264,0.35,6,0
2288,US-2017-112928,122,1299,703,930,1,214,17.48,5,0.2,21.849999999999998,1.311,0.075,4,0
2289,CA-2017-143343,573,837,194,488,3,4,16.4,5,0.0,16.4,4.756,0.29000000000000004,3,0
2290,CA-2017-115154,603,1300,704,1341,3,61,892.98,2,0.0,892.98,80.3682,0.09,3,0
2291,CA-2015-149342,379,665,705,335,2,113,287.97,3,0.0,287.97,77.7519,0.27,5,0
2292,CA-2015-149342,379,1072,705,335,2,113,595.38,6,0.0,595.38,297.69,0.5,5,0
2293,CA-2015-149342,379,779,705,335,2,113,12.96,2,0.0,12.96,6.2208,0.4799999999999999,5,0
2294,CA-2015-130995,426,501,550,377,2,30,4.95,1,0.0,4.95,1.3365,0.27,5,0
2295,CA-2017-127929,525,72,332,754,2,265,181.95,3,0.0,181.95,38.2095,0.21,4,0
2296,CA-2015-113145,105,939,550,600,2,165,13.52,4,0.0,13.52,6.2192,0.46,4,0
2297,CA-2015-113145,105,690,550,600,2,165,259.7,5,0.0,259.7,106.477,0.41000000000000003,4,0
2298,CA-2015-113145,105,1301,550,600,2,165,42.95,1,0.0,42.95,1.2885,0.03,4,0
2299,CA-2015-113145,105,652,550,600,2,165,1399.93,7,0.0,1399.93,601.9699,0.43,4,0
2300,CA-2015-113145,105,479,550,600,2,165,503.96,4,0.0,503.96,125.99,0.25,4,0
2301,CA-2014-162362,146,16,688,729,2,375,12.72,3,0.0,12.72,6.36,0.5,4,0
2302,CA-2014-162362,146,615,688,729,2,375,11.52,4,0.0,11.52,5.6448,0.49000000000000005,4,0
2303,CA-2016-106558,394,553,328,804,2,113,316.0,4,0.0,316.0,31.6,0.1,4,0
2304,CA-2017-157931,247,324,698,586,1,237,723.92,4,0.0,723.92,188.2192,0.26,5,0
2305,CA-2017-157931,247,259,698,586,1,237,106.32,3,0.0,106.32,49.9704,0.47000000000000003,5,0
2306,CA-2016-115574,131,714,444,436,3,37,141.372,2,0.3,201.96000000000004,-14.1372,-0.09999999999999999,1,1
2307,CA-2015-160794,100,753,706,817,3,17,27.216,3,0.2,34.019999999999996,9.8658,0.3625,2,0
2308,CA-2017-116225,604,476,61,46,2,30,390.75,5,0.0,390.75,171.93,0.44,4,0
2309,US-2017-120418,605,655,533,493,3,346,280.792,1,0.2,350.98999999999995,35.099,0.125,1,0
2310,US-2017-120418,605,81,533,493,3,346,68.448,4,0.2,85.55999999999999,7.7004,0.11250000000000002,1,0
2311,US-2017-120418,605,667,533,493,3,346,88.04,5,0.2,110.05,6.603,0.075,1,0
2312,US-2017-120418,605,1042,533,493,3,346,15.872,1,0.2,19.84,1.984,0.125,1,0
2313,US-2017-120418,605,436,533,493,3,346,215.592,3,0.2,269.49,-48.5082,-0.225,1,0
2314,CA-2017-122035,606,677,229,801,2,376,14.62,2,0.0,14.62,6.8714,0.47000000000000003,5,0
2315,CA-2017-122035,606,78,229,801,2,376,416.32,2,0.0,416.32,112.4064,0.27,5,0
2316,CA-2017-122035,606,481,229,801,2,376,43.0,5,0.0,43.0,20.21,0.47000000000000003,5,0
2317,CA-2017-122035,606,1226,229,801,2,376,182.94,3,0.0,182.94,27.441,0.15,5,0
2318,CA-2017-122035,606,845,229,801,2,376,60.83,7,0.0,60.83,30.415,0.5,5,0
2319,CA-2017-122035,606,1302,229,801,2,376,389.97,3,0.0,389.97,132.5898,0.33999999999999997,5,0
2320,CA-2015-117828,215,536,707,208,3,196,194.32,4,0.0,194.32,56.3528,0.29000000000000004,3,0
2321,CA-2017-165491,305,1303,178,669,2,61,265.93,7,0.0,265.93,63.8232,0.24,4,0
2322,CA-2015-109470,347,352,621,836,1,1,94.74,3,0.0,94.74,44.5278,0.47000000000000003,3,0
2323,CA-2015-109470,347,281,621,836,1,1,60.64,4,0.0,60.64,27.8944,0.46,3,0
2324,CA-2015-109470,347,786,621,836,1,1,76.3,5,0.0,76.3,38.15,0.5,3,0
2325,CA-2015-109470,347,1000,621,836,1,1,364.8,12,0.0,364.8,167.808,0.45999999999999996,3,0
2326,CA-2015-105102,607,1198,427,445,1,46,79.872,3,0.2,99.83999999999999,29.952,0.375,4,0
2327,CA-2015-105102,607,267,427,445,1,46,46.384,1,0.2,57.98,1.1596,0.024999999999999998,4,0
2328,CA-2015-105102,607,13,427,445,1,46,12.96,2,0.0,12.96,6.2208,0.4799999999999999,4,0
2329,CA-2017-138422,608,1304,398,987,3,377,14.352,3,0.2,17.939999999999998,5.2026,0.3625,3,0
2330,US-2015-147739,252,1305,708,1233,2,12,547.136,4,0.2,683.92,-68.392,-0.125,4,0
2331,CA-2016-155187,157,194,447,183,1,26,41.96,2,0.0,41.96,2.9372,0.06999999999999999,2,0
2332,CA-2016-155187,157,1306,447,183,1,26,41.7,5,0.0,41.7,20.85,0.5,2,0
2333,CA-2017-169285,356,418,709,614,2,378,277.4,5,0.0,277.4,133.152,0.48,4,0
2334,CA-2017-169285,356,610,709,614,2,378,5.78,1,0.0,5.78,2.8322,0.48999999999999994,4,0
2335,CA-2014-140886,609,337,588,778,2,379,69.216,6,0.2,86.51999999999998,11.2476,0.1625,4,0
2336,CA-2017-152695,418,136,390,390,4,70,10.86,3,0.0,10.86,5.1042,0.47,0,0
2337,CA-2017-152695,418,1307,390,390,4,70,426.79,7,0.0,426.79,123.7691,0.29,0,0
2338,CA-2014-110639,303,1308,710,710,4,30,25.92,4,0.0,25.92,12.4416,0.4799999999999999,0,0
2339,CA-2014-110639,303,497,710,710,4,30,45.92,4,0.0,45.92,22.5008,0.49,0,0
2340,CA-2014-121727,601,88,711,830,2,48,10.72,2,0.2,13.4,1.742,0.16249999999999998,5,0
2341,CA-2016-137736,291,880,339,626,2,167,41.86,7,0.0,41.86,10.465,0.25,5,0
2342,US-2014-143231,40,1309,521,929,3,118,63.2,5,0.0,63.2,23.384,0.37,3,0
2343,US-2014-143231,40,1303,521,929,3,118,113.97,3,0.0,113.97,27.3528,0.24,3,0
2344,US-2014-155894,489,233,712,1022,1,37,123.552,3,0.2,154.44,-29.3436,-0.2375,4,0
2345,CA-2016-119025,392,1310,713,1212,2,202,490.32,9,0.0,490.32,137.2896,0.28,6,0
2346,CA-2016-159373,300,162,70,197,2,66,70.08,5,0.2,87.6,24.528,0.35,5,0
2347,CA-2016-159373,300,1311,70,197,2,66,1.272,2,0.8,6.360000000000001,-2.1624,-1.7,5,1
2348,CA-2016-159373,300,899,70,197,2,66,557.585,5,0.3,796.5500000000001,0.0,0.0,5,1
2349,CA-2017-109701,88,621,575,735,4,4,9.024,6,0.2,11.279999999999998,3.1584,0.35000000000000003,1,0
2350,CA-2017-109701,88,1312,575,735,4,4,69.456,2,0.2,86.82,22.5732,0.325,1,0
2351,CA-2017-109701,88,363,575,735,4,4,10.86,2,0.0,10.86,5.3214,0.49,1,0
2352,CA-2017-109701,88,1277,575,735,4,4,79.47,3,0.0,79.47,22.2516,0.28,1,0
2353,CA-2017-109701,88,60,575,735,4,4,10.08,6,0.0,10.08,5.04,0.5,1,0
2354,CA-2015-111514,610,38,285,1342,3,35,1552.831,7,0.15,1826.86,200.9546,0.12941176470588237,2,0
2355,CA-2015-111514,610,142,285,1342,3,35,137.24,5,0.2,171.55,46.3185,0.33749999999999997,2,0
2356,CA-2015-111514,610,1313,285,1342,3,35,36.51,1,0.0,36.51,15.6993,0.43,2,0
2357,CA-2015-111514,610,1314,285,1342,3,35,239.976,3,0.2,299.96999999999997,80.9919,0.3375,2,0
2358,US-2014-148838,292,216,462,91,2,24,1579.746,7,0.4,2632.9100000000003,-447.5947,-0.2833333333333333,4,1
2359,US-2014-148838,292,1300,462,91,2,24,1071.576,4,0.4,1785.96,-553.6476,-0.5166666666666667,4,1
2360,US-2014-148838,292,1169,462,91,2,24,613.908,3,0.4,1023.1800000000001,-122.7816,-0.19999999999999998,4,1
2361,US-2014-148838,292,1315,462,91,2,24,34.86,7,0.0,34.86,16.3842,0.47000000000000003,4,0
2362,US-2014-148838,292,1316,462,91,2,24,155.04,4,0.0,155.04,75.9696,0.49000000000000005,4,0
2363,CA-2017-136497,168,1317,514,694,2,48,13.71,5,0.7,45.699999999999996,-10.054,-0.7333333333333333,4,1
2364,US-2016-108637,145,442,70,197,2,181,127.88,2,0.0,127.88,40.9216,0.32,5,0
2365,US-2016-108637,145,1318,70,197,2,181,160.32,2,0.0,160.32,44.8896,0.28,5,0
2366,US-2016-108637,145,1024,70,197,2,181,46.0,4,0.0,46.0,20.7,0.45,5,0
2367,CA-2014-102295,553,1319,157,36,1,380,120.712,1,0.2,150.89,-18.1068,-0.15,2,0
2368,CA-2017-123659,439,1011,517,779,3,235,23.12,4,0.0,23.12,11.3288,0.48999999999999994,3,0
2369,US-2016-129469,127,1320,714,721,2,324,532.704,6,0.2,665.8799999999999,-26.6352,-0.05000000000000001,4,0
2370,US-2016-129469,127,1321,714,721,2,324,4.912,2,0.2,6.14,0.307,0.0625,4,0
2371,CA-2017-155152,173,726,438,363,1,123,252.0,4,0.0,252.0,93.24,0.37,2,0
2372,CA-2016-159940,293,1156,275,1320,1,174,60.288,8,0.6,150.71999999999997,-27.1296,-0.45,4,1
2373,CA-2016-159940,293,1322,275,1320,1,174,2.632,1,0.2,3.29,0.8225,0.3125,4,0
2374,CA-2016-159940,293,1129,275,1320,1,174,23.688,9,0.2,29.609999999999996,7.6986,0.325,4,0
2375,CA-2016-159940,293,324,275,1320,1,174,253.372,2,0.3,361.96000000000004,-14.4784,-0.05714285714285714,4,1
2376,CA-2017-119669,237,970,715,290,2,270,5.67,3,0.0,5.67,0.1134,0.02,6,0
2377,US-2014-164616,475,1243,711,1343,1,48,76.776,4,0.7,255.91999999999996,-58.8616,-0.7666666666666667,2,1
2378,US-2014-164616,475,1323,711,1343,1,48,9.184,2,0.2,11.479999999999999,1.148,0.125,2,0
2379,CA-2015-148628,455,1255,402,556,2,381,32.75,5,0.0,32.75,15.065,0.45999999999999996,5,0
2380,CA-2016-118052,535,486,716,1121,2,204,7.216,2,0.2,9.02,1.7138,0.2375,4,0
2381,CA-2016-118052,535,1324,716,1121,2,204,49.568,2,0.2,61.959999999999994,15.49,0.3125,4,0
2382,CA-2016-118052,535,29,716,1121,2,204,54.712,7,0.2,68.39,11.6263,0.2125,4,0
2383,US-2017-117534,611,1325,614,607,3,254,176.04,4,0.0,176.04,45.7704,0.26,1,0
2384,US-2017-117534,611,1326,614,607,3,254,16.02,9,0.0,16.02,4.4856,0.27999999999999997,1,0
2385,US-2017-117534,611,921,614,607,3,254,185.92,4,0.2,232.39999999999998,62.748,0.3375,1,0
2386,US-2017-117534,611,1327,614,607,3,254,211.168,4,0.2,263.96,15.8376,0.075,1,0
2387,US-2017-117534,611,1328,614,607,3,254,479.984,2,0.2,599.9799999999999,59.998,0.125,1,0
2388,CA-2015-145065,590,1329,296,84,3,189,7.86,2,0.0,7.86,3.6156,0.46,3,0
2389,CA-2015-145065,590,1330,296,84,3,189,24.448,2,0.2,30.56,8.8624,0.36249999999999993,3,0
2390,US-2015-127040,612,1331,402,896,2,30,6.48,1,0.0,6.48,3.1104,0.4799999999999999,4,0
2391,US-2015-127040,612,1332,402,896,2,30,41.86,7,0.0,41.86,20.5114,0.49,4,0
2392,US-2015-127040,612,1333,402,896,2,30,1619.91,9,0.0,1619.91,97.1946,0.05999999999999999,4,0
2393,US-2015-127040,612,1147,402,896,2,30,113.92,4,0.0,113.92,42.1504,0.37,4,0
2394,CA-2016-128111,395,398,717,1344,2,382,39.68,2,0.0,39.68,10.3168,0.26,6,0
2395,CA-2015-137897,602,1203,718,903,2,46,37.6,2,0.0,37.6,2.256,0.05999999999999999,5,0
2396,CA-2015-137897,602,539,718,903,2,46,59.9,2,0.0,59.9,23.96,0.4,5,0
2397,CA-2015-137897,602,957,718,903,2,46,37.0,5,0.0,37.0,16.65,0.44999999999999996,5,0
2398,CA-2017-169264,414,746,719,1154,1,10,5.76,2,0.0,5.76,2.8224,0.49000000000000005,2,0
2399,CA-2017-169264,414,22,719,1154,1,10,16.68,6,0.0,16.68,4.3368,0.26,2,0
2400,CA-2017-147361,116,436,429,176,2,330,628.81,7,0.0,628.81,12.5762,0.02,6,0
2401,CA-2017-147361,116,1012,429,176,2,330,56.45,5,0.0,56.45,14.677,0.25999999999999995,6,0
2402,CA-2017-145877,549,954,720,1096,1,335,94.2,6,0.0,94.2,23.55,0.25,3,0
2403,CA-2017-145877,549,153,720,1096,1,335,28.4,5,0.0,28.4,13.348,0.47000000000000003,3,0
2404,US-2016-110170,448,1334,721,340,2,144,956.6648,7,0.32,1406.8600000000001,-225.0976,-0.23529411764705882,6,1
2405,CA-2017-108574,208,696,567,1345,2,63,1115.91,9,0.0,1115.91,200.8638,0.18,4,0
2406,CA-2017-108574,208,462,567,1345,2,63,128.744,7,0.2,160.92999999999998,-28.9674,-0.225,4,0
2407,CA-2017-108574,208,313,567,1345,2,63,79.92,10,0.2,99.89999999999999,26.973,0.33749999999999997,4,0
2408,CA-2017-144589,613,1160,177,1264,2,35,24.2,5,0.0,24.2,7.986,0.33,5,0
2409,CA-2017-144589,613,1335,177,1264,2,35,359.976,3,0.2,449.96999999999997,130.4913,0.3625,5,0
2410,CA-2017-155985,337,1093,722,614,3,35,211.84,8,0.0,211.84,76.2624,0.36,2,0
2411,CA-2014-162684,358,1054,602,909,2,75,5.68,2,0.2,7.1,1.917,0.3375,5,0
2412,CA-2015-142041,614,621,723,989,1,2,7.52,5,0.2,9.399999999999999,2.632,0.35000000000000003,2,0
2413,CA-2014-151295,351,359,608,913,2,63,11.96,2,0.0,11.96,5.8604,0.49,4,0
2414,CA-2014-151295,351,737,608,913,2,63,629.064,3,0.2,786.3299999999999,31.4532,0.05,4,0
2415,CA-2016-156300,181,1319,724,461,2,202,754.45,5,0.0,754.45,60.356,0.08,4,0
2416,CA-2015-146087,453,416,381,656,2,383,301.96,2,0.0,301.96,60.392,0.2,5,0
2417,CA-2017-168655,615,1201,387,1295,2,384,595.0,5,0.0,595.0,95.2,0.16,6,0
2418,CA-2017-168655,615,1198,387,1295,2,384,79.872,3,0.2,99.83999999999999,29.952,0.375,6,0
2419,CA-2016-107202,19,1336,207,317,2,385,2396.4,10,0.2,2995.5,179.73,0.075,7,0
2420,CA-2017-159597,566,968,46,238,2,386,63.56,2,0.0,63.56,3.178,0.049999999999999996,5,0
2421,CA-2017-159597,566,1337,46,238,2,386,99.99,1,0.0,99.99,43.9956,0.44000000000000006,5,0
2422,CA-2016-155551,616,83,725,132,2,387,230.376,3,0.2,287.96999999999997,-48.9549,-0.2125,5,0
2423,CA-2016-155551,616,671,725,132,2,387,9.664,2,0.2,12.079999999999998,3.2616,0.3375,5,0
2424,US-2017-147669,604,722,54,248,2,324,158.928,7,0.2,198.66,41.7186,0.2625,5,0
2425,US-2017-147669,604,1312,54,248,2,324,13.023,1,0.7,43.40999999999999,-10.4184,-0.8,5,1
2426,US-2017-147669,604,1338,54,248,2,324,273.06,2,0.4,455.1,-104.673,-0.38333333333333336,5,1
2427,US-2017-147669,604,1229,54,248,2,324,39.312,13,0.2,49.13999999999999,12.7764,0.325,5,0
2428,CA-2016-169922,90,1339,726,27,2,175,1.344,4,0.8,6.7200000000000015,-2.1504,-1.5999999999999999,6,1
2429,CA-2016-169922,90,1340,726,27,2,175,8.272,4,0.8,41.360000000000014,-13.6488,-1.65,6,1
2430,CA-2016-169922,90,1074,726,27,2,175,12.544,7,0.6,31.36,-9.0944,-0.725,6,1
2431,CA-2017-100748,177,3,727,969,2,95,58.48,8,0.0,58.48,27.4856,0.47000000000000003,7,0
2432,CA-2017-129805,448,346,117,1253,2,6,7.4,2,0.0,7.4,3.034,0.41,5,0
2433,CA-2014-148586,617,1341,728,471,2,30,366.786,7,0.1,407.53999999999996,65.2064,0.17777777777777778,7,0
2434,US-2017-112613,102,1260,40,703,2,33,54.368,4,0.2,67.96,4.0776,0.075,4,0
2435,CA-2015-154746,602,619,718,973,3,29,33.96,2,0.0,33.96,16.98,0.5,3,0
2436,CA-2015-154746,602,1342,718,973,3,29,826.11,3,0.0,826.11,322.1829,0.39,3,0
2437,CA-2017-140053,245,72,446,816,2,215,545.85,9,0.0,545.85,114.6285,0.21,7,0
2438,CA-2014-164210,618,1343,729,1165,1,128,145.98,2,0.5,291.96,-99.2664,-0.68,2,1
2439,CA-2014-164210,618,863,729,1165,1,128,35.808,4,0.2,44.76,12.5328,0.35,2,0
2440,CA-2017-139948,518,628,730,848,2,86,7.904,2,0.2,9.879999999999999,2.1736,0.275,5,0
2441,CA-2016-146934,579,303,731,1023,2,388,345.0,5,0.0,345.0,86.25,0.25,5,0
2442,CA-2016-146934,579,210,731,1023,2,388,174.286,2,0.3,248.98000000000002,-19.9184,-0.11428571428571428,5,1
2443,CA-2016-146934,579,191,731,1023,2,388,662.84,4,0.0,662.84,172.3384,0.26,5,0
2444,CA-2016-146934,579,453,731,1023,2,388,95.1,5,0.0,95.1,30.432,0.32,5,0
2445,CA-2016-146934,579,1344,731,1023,2,388,26.88,6,0.0,26.88,12.9024,0.48000000000000004,5,0
2446,CA-2016-146934,579,958,731,1023,2,388,257.98,2,0.0,257.98,74.8142,0.29,5,0
2447,CA-2015-100573,563,756,13,487,2,26,17.48,2,0.0,17.48,8.2156,0.47000000000000003,6,0
2448,CA-2016-119165,218,1154,732,62,2,106,492.835,5,0.3,704.0500000000001,-14.081,-0.02857142857142857,6,1
2449,CA-2015-128027,201,436,472,15,1,389,269.49,3,0.0,269.49,5.3898,0.02,3,0
2450,CA-2016-140207,38,1345,733,339,2,59,29.12,5,0.2,36.4,9.828,0.33749999999999997,5,0
2451,CA-2017-140949,592,1346,295,1346,1,165,18.75,5,0.0,18.75,9.0,0.48,5,0
2452,CA-2017-140949,592,425,295,1346,1,165,119.7,6,0.0,119.7,31.122,0.26,5,0
2453,CA-2017-140949,592,537,295,1346,1,165,9.144,3,0.2,11.43,3.0861,0.3375,5,0
2454,CA-2017-140949,592,453,295,1346,1,165,57.06,3,0.0,57.06,18.2592,0.32,5,0
2455,CA-2017-140949,592,1045,295,1346,1,165,71.6,8,0.0,71.6,13.604,0.19,5,0
2456,CA-2017-140949,592,1032,295,1346,1,165,107.44,8,0.0,107.44,27.9344,0.26,5,0
2457,CA-2017-140949,592,677,295,1346,1,165,7.31,1,0.0,7.31,3.4357,0.47000000000000003,5,0
2458,CA-2017-140949,592,33,295,1346,1,165,59.1,6,0.0,59.1,22.458,0.37999999999999995,5,0
2459,CA-2017-140949,592,171,295,1346,1,165,46.53,3,0.0,46.53,12.0978,0.26,5,0
2460,CA-2017-138548,507,415,734,171,2,171,97.84,2,0.0,97.84,25.4384,0.26,6,0
2461,CA-2015-142419,619,844,656,563,1,61,29.97,3,0.0,29.97,13.4865,0.45,2,0
2462,CA-2015-142419,619,801,656,563,1,61,98.352,3,0.2,122.94,34.4232,0.35,2,0
2463,CA-2017-148691,428,302,735,35,2,30,83.92,5,0.2,104.89999999999999,29.372,0.35,6,0
2464,CA-2017-148691,428,1317,735,35,2,30,14.624,2,0.2,18.28,5.1184,0.35000000000000003,6,0
2465,CA-2017-148691,428,820,735,35,2,30,136.99,1,0.0,136.99,36.9873,0.26999999999999996,6,0
2466,CA-2017-148691,428,396,735,35,2,30,3.15,1,0.0,3.15,1.512,0.48000000000000004,6,0
2467,CA-2017-128755,178,1347,465,541,2,390,9.11,1,0.0,9.11,4.0995,0.45,4,0
2468,CA-2017-128755,178,385,465,541,2,390,571.44,4,0.0,571.44,165.7176,0.29,4,0
2469,CA-2017-128755,178,1348,465,541,2,390,32.4,5,0.0,32.4,15.552,0.48,4,0
2470,CA-2017-128755,178,1037,465,541,2,390,16.91,1,0.0,16.91,4.5657,0.26999999999999996,4,0
2471,US-2016-135923,620,1349,116,1199,2,307,14.272,8,0.2,17.84,4.2816,0.3,6,0
2472,US-2016-135923,620,1249,116,1199,2,307,451.136,4,0.2,563.92,-67.6704,-0.15,6,0
2473,US-2016-135923,620,1267,116,1199,2,307,64.864,4,0.2,81.08,6.4864,0.09999999999999999,6,0
2474,CA-2016-114972,419,1350,55,62,3,4,217.584,2,0.2,271.97999999999996,-29.9178,-0.13749999999999998,3,0
2475,CA-2016-114972,419,1351,55,62,3,4,82.95,5,0.0,82.95,29.0325,0.35,3,0
2476,CA-2016-114972,419,1352,55,62,3,4,87.71,7,0.0,87.71,41.2237,0.47000000000000003,3,0
2477,CA-2016-114972,419,1342,55,62,3,4,1101.48,4,0.0,1101.48,429.5772,0.39,3,0
2478,CA-2017-102750,621,595,508,566,1,2,1322.352,3,0.2,1652.94,-99.1764,-0.075,4,0
2479,CA-2014-145212,420,7,104,112,2,165,5.46,3,0.0,5.46,1.4742,0.27,6,0
2480,CA-2017-141992,384,1353,250,644,2,78,11.184,1,0.2,13.979999999999999,0.8388,0.075,6,0
2481,CA-2017-141992,384,83,250,644,2,78,153.584,2,0.2,191.98,-32.6366,-0.2125,6,0
2482,CA-2017-147956,118,750,166,1347,2,60,1003.62,6,0.0,1003.62,0.0,0.0,7,0
2483,CA-2017-126067,608,1354,736,214,2,60,35.168,4,0.2,43.959999999999994,11.4296,0.325,6,0
2484,CA-2017-126067,608,343,736,214,2,60,1137.75,5,0.0,1137.75,250.305,0.22,6,0
2485,CA-2017-126067,608,445,736,214,2,60,99.68,5,0.2,124.60000000000001,32.396,0.325,6,0
2486,CA-2017-126067,608,450,736,214,2,60,5.56,2,0.0,5.56,1.4456,0.26,6,0
2487,CA-2015-104514,119,1355,99,1039,1,286,85.52,2,0.0,85.52,22.2352,0.26,2,0
2488,CA-2015-104514,119,1356,99,1039,1,286,9.84,3,0.0,9.84,2.6568,0.27,2,0
2489,CA-2015-104514,119,1284,99,1039,1,286,20.04,3,0.0,20.04,9.6192,0.48,2,0
2490,CA-2015-141040,622,1357,331,314,1,24,631.96,4,0.0,631.96,303.3408,0.48,4,0
2491,CA-2015-141040,622,1358,331,314,1,24,23.92,4,0.0,23.92,10.764,0.44999999999999996,4,0
2492,CA-2014-113579,45,1112,737,535,1,14,90.24,6,0.0,90.24,41.5104,0.46,2,0
2493,CA-2014-144624,623,1149,85,534,2,391,4548.81,7,0.0,4548.81,1228.1787,0.26999999999999996,4,0
2494,CA-2016-146206,410,839,546,750,1,15,300.93,5,0.3,429.90000000000003,-34.392,-0.1142857142857143,4,1
2495,CA-2016-146206,410,1150,546,750,1,15,719.96,5,0.2,899.95,53.997,0.075,4,0
2496,CA-2014-136644,624,406,738,170,2,392,647.84,8,0.0,647.84,32.392,0.05,6,0
2497,CA-2015-122371,355,81,121,487,2,89,64.17,3,0.0,64.17,18.6093,0.29000000000000004,5,0
2498,CA-2015-122371,355,634,121,487,2,89,124.46,2,0.0,124.46,58.4962,0.47000000000000003,5,0
2499,CA-2016-126935,388,1225,289,1013,2,10,9.584,1,0.2,11.979999999999999,3.3544,0.35000000000000003,5,0
2500,US-2017-133781,420,1359,739,1269,3,329,37.608,3,0.2,47.00999999999999,12.6927,0.3375,1,0
2501,CA-2017-131618,625,828,47,309,3,302,12.224,2,0.2,15.28,4.4312,0.36249999999999993,3,0
2502,CA-2017-131618,625,615,47,309,3,302,2.304,4,0.8,11.520000000000001,-3.5712,-1.5500000000000003,3,1
2503,CA-2017-131618,625,674,47,309,3,302,9.36,4,0.8,46.800000000000004,-16.38,-1.75,3,1
2504,CA-2016-149482,626,1239,697,259,2,95,7.38,2,0.0,7.38,3.4686,0.47,5,0
2505,CA-2014-143917,108,231,740,924,1,35,53.72,4,0.0,53.72,15.0416,0.28,2,0
2506,CA-2014-143917,108,1360,740,924,1,35,8187.65,5,0.0,8187.65,327.506,0.04,2,0
2507,CA-2014-143917,108,222,740,924,1,35,77.92,8,0.0,77.92,34.2848,0.43999999999999995,2,0
2508,CA-2015-120397,580,1361,741,741,4,33,32.784,4,0.8,163.92000000000004,-85.2384,-2.6,0,1
2509,CA-2017-163902,200,1362,581,145,2,63,196.776,3,0.2,245.97,14.7582,0.075,6,0
2510,CA-2017-163902,200,915,581,145,2,63,479.94,6,0.0,479.94,52.7934,0.11,6,0
2511,CA-2016-136812,586,1363,742,814,2,337,1117.92,4,0.0,1117.92,55.896,0.049999999999999996,5,0
2512,CA-2015-102722,609,937,25,1084,3,69,106.5,6,0.0,106.5,41.535,0.38999999999999996,1,0
2513,CA-2017-155089,627,472,575,1140,2,86,45.66,5,0.7,152.19999999999996,-33.484,-0.7333333333333334,4,1
2514,CA-2016-124506,180,1049,584,1020,2,37,95.968,4,0.2,119.96,1.1996,0.012499999999999999,6,0
2515,CA-2016-124506,180,878,584,1020,2,37,47.992,2,0.3,68.56,-2.0568,-0.04285714285714286,6,1
2516,CA-2014-106572,414,547,743,1077,2,393,264.32,2,0.2,330.4,19.824,0.07500000000000001,5,0
2517,CA-2014-128888,288,971,648,755,2,15,604.656,9,0.2,755.8199999999999,204.0714,0.3375,7,0
2518,CA-2017-123134,62,785,744,918,2,74,129.93,3,0.0,129.93,12.993,0.09999999999999999,5,0
2519,CA-2016-124352,523,1364,681,148,2,337,20.16,7,0.0,20.16,9.8784,0.48999999999999994,6,0
2520,CA-2016-124352,523,608,681,148,2,337,29.46,6,0.0,29.46,14.4354,0.49,6,0
2521,CA-2016-124352,523,1365,681,148,2,337,868.59,3,0.0,868.59,251.8911,0.29,6,0
2522,CA-2016-124352,523,90,681,148,2,337,12.96,2,0.0,12.96,6.2208,0.4799999999999999,6,0
2523,CA-2016-124352,523,896,681,148,2,337,5.5,1,0.0,5.5,1.375,0.25,6,0
2524,CA-2016-124352,523,1000,681,148,2,337,121.6,4,0.0,121.6,55.936,0.46,6,0
2525,CA-2015-124541,628,513,745,890,2,17,42.048,9,0.2,52.56,5.256,0.125,4,0
2526,CA-2015-124541,628,1366,745,890,2,17,25.488,2,0.2,31.86,4.4604,0.175,4,0
2527,CA-2015-124541,628,1024,745,890,2,17,6.9,3,0.8,34.50000000000001,-12.075,-1.7499999999999998,4,1
2528,CA-2015-124541,628,1233,745,890,2,17,9.648,6,0.8,48.24000000000001,-16.884,-1.75,4,1
2529,CA-2015-124541,628,1051,745,890,2,17,7.968,2,0.2,9.959999999999999,2.8884,0.3625,4,0
2530,CA-2014-108707,627,740,746,195,2,3,10.368,2,0.2,12.959999999999999,3.6288,0.35,5,0
2531,CA-2014-111500,138,1139,655,1343,2,367,114.2,5,0.0,114.2,52.532,0.45999999999999996,4,0
2532,CA-2014-111500,138,1367,655,1343,2,367,17.96,4,0.0,17.96,8.2616,0.45999999999999996,4,0
2533,CA-2014-111500,138,1089,655,1343,2,367,12.67,7,0.0,12.67,4.5612,0.36000000000000004,4,0
2534,CA-2014-111500,138,107,655,1343,2,367,339.96,4,0.0,339.96,122.3856,0.36,4,0
2535,US-2017-117723,394,459,734,239,1,75,1801.632,6,0.2,2252.04,-337.806,-0.18749999999999997,3,0
2536,CA-2015-143238,629,104,685,1015,3,394,46.32,4,0.0,46.32,18.0648,0.39,2,0
2537,CA-2015-168746,278,71,747,1348,1,178,181.986,2,0.3,259.98,-54.5958,-0.3,2,1
2538,CA-2015-168746,278,1150,747,1348,1,178,431.976,4,0.4,719.96,-100.7944,-0.23333333333333334,2,1
2539,CA-2015-168746,278,1368,747,1348,1,178,155.37,1,0.4,258.95000000000005,-36.253,-0.23333333333333334,2,1
2540,CA-2015-113404,614,300,748,748,4,35,1348.704,6,0.2,1685.8799999999999,-219.1644,-0.1625,0,0
2541,CA-2015-113404,614,285,748,748,4,35,700.152,3,0.2,875.19,78.7671,0.11249999999999999,0,0
2542,CA-2016-144792,630,562,568,1315,2,58,111.888,7,0.2,139.85999999999999,22.3776,0.2,4,0
2543,CA-2014-164385,631,811,468,1202,1,64,143.952,3,0.2,179.94,14.3952,0.1,5,0
2544,US-2016-114174,400,1369,163,750,2,382,173.94,3,0.0,173.94,13.9152,0.08,6,0
2545,US-2016-114174,400,1239,163,750,2,382,14.76,4,0.0,14.76,6.9372,0.47,6,0
2546,CA-2017-108070,33,233,514,694,2,59,205.92,4,0.0,205.92,2.0592,0.010000000000000002,4,0
2547,CA-2017-108070,33,431,514,694,2,59,102.833,1,0.15,120.98,-6.049,-0.05882352941176471,4,0
2548,US-2015-128090,623,827,749,422,2,52,2.304,1,0.2,2.8799999999999994,0.2592,0.1125,6,0
2549,US-2015-128090,623,1148,749,422,2,52,1879.96,5,0.2,2349.95,211.4955,0.11249999999999999,6,0
2550,US-2015-128090,623,1185,749,422,2,52,313.024,8,0.2,391.28,105.6456,0.3375,6,0
2551,US-2015-128090,623,817,749,422,2,52,5.04,2,0.2,6.3,1.764,0.35,6,0
2552,CA-2017-101042,456,1370,124,52,2,1,821.88,6,0.0,821.88,213.6888,0.26,4,0
2553,CA-2017-101042,456,1046,124,52,2,1,21.96,2,0.0,21.96,10.7604,0.49,4,0
2554,CA-2016-155439,44,816,750,32,2,38,25.92,4,0.0,25.92,12.4416,0.4799999999999999,4,0
2555,CA-2016-118626,548,1371,244,624,2,395,705.544,7,0.2,881.93,70.5544,0.1,5,0
2556,CA-2015-111458,59,1372,121,1239,2,46,50.0,2,0.0,50.0,12.0,0.24,4,0
2557,US-2016-126844,309,1373,751,501,2,33,51.712,8,0.6,129.28,-32.32,-0.625,6,1
2558,US-2015-112508,131,1299,540,1111,2,250,6.992,2,0.2,8.74,0.5244,0.075,6,0
2559,CA-2015-147788,613,1374,71,594,2,13,1406.86,7,0.0,1406.86,140.686,0.1,4,0
2560,CA-2015-147788,613,366,71,594,2,13,15.75,5,0.0,15.75,7.56,0.48,4,0
2561,CA-2015-147788,613,766,71,594,2,13,323.1,2,0.0,323.1,61.389,0.19,4,0
2562,CA-2015-144288,94,1187,708,621,2,396,9.216,4,0.2,11.519999999999998,3.3408,0.36250000000000004,6,0
2563,CA-2015-144288,94,1291,708,621,2,396,10.368,2,0.2,12.959999999999999,3.6288,0.35,6,0
2564,CA-2015-110632,404,1375,752,205,1,30,15.02,1,0.0,15.02,2.7036,0.18,5,0
2565,CA-2015-110632,404,1037,752,205,1,30,33.82,2,0.0,33.82,9.1314,0.26999999999999996,5,0
2566,CA-2017-109589,632,937,203,166,3,318,71.0,4,0.0,71.0,27.69,0.39,3,0
2567,CA-2017-123967,228,1376,753,133,1,397,25.12,5,0.2,31.4,7.85,0.3125,2,0
2568,CA-2017-123967,228,1235,753,133,1,397,2665.62,9,0.0,2665.62,239.9058,0.09,2,0
2569,CA-2017-148929,408,43,211,221,2,165,478.08,8,0.0,478.08,133.8624,0.28,4,0
2570,CA-2017-134404,113,820,754,754,4,56,164.388,2,0.4,273.98,-35.6174,-0.21666666666666667,0,1
2571,CA-2017-134404,113,155,754,754,4,56,13.248,4,0.2,16.56,3.6432,0.275,0,0
2572,CA-2017-109778,92,854,12,247,2,398,2.912,2,0.2,3.6399999999999997,0.91,0.3125,5,0
2573,CA-2016-155845,633,1288,400,244,1,297,1399.944,7,0.2,1749.9299999999998,52.4979,0.0375,3,0
2574,CA-2017-145128,599,794,363,1164,2,378,526.45,5,0.0,526.45,31.587,0.06,5,0
2575,CA-2014-129091,20,898,755,502,2,113,16.23,3,0.0,16.23,7.9527,0.49,5,0
2576,CA-2014-129091,20,670,755,502,2,113,319.9,5,0.0,319.9,156.751,0.49000000000000005,5,0
2577,CA-2014-129091,20,153,755,502,2,113,11.36,2,0.0,11.36,5.3392,0.47000000000000003,5,0
2578,CA-2014-129091,20,1377,755,502,2,113,675.12,3,0.0,675.12,290.3016,0.43,5,0
2579,US-2014-155502,175,1378,756,868,2,213,62.82,3,0.0,62.82,30.7818,0.49,5,0
2580,US-2014-155502,175,855,756,868,2,213,489.92,8,0.0,489.92,0.0,0.0,5,0
2581,US-2014-155502,175,935,756,868,2,213,19.44,3,0.0,19.44,9.3312,0.48000000000000004,5,0
2582,US-2014-155502,175,1306,756,868,2,213,16.68,2,0.0,16.68,8.34,0.5,5,0
2583,US-2014-155502,175,1379,756,868,2,213,155.35,13,0.0,155.35,0.0,0.0,5,0
2584,US-2014-155502,175,1380,756,868,2,213,12.42,3,0.0,12.42,4.4712,0.36,5,0
2585,US-2014-155502,175,540,756,868,2,213,187.98,2,0.0,187.98,52.6344,0.28,5,0
2586,CA-2015-121041,295,319,503,114,2,399,6.608,2,0.2,8.26,2.1476,0.32500000000000007,7,0
2587,CA-2017-131695,268,842,161,92,2,24,248.57,7,0.0,248.57,67.1139,0.27,6,0
2588,CA-2017-131695,268,1381,161,92,2,24,22.23,1,0.0,22.23,9.7812,0.44,6,0
2589,CA-2016-137729,594,1199,466,196,2,26,5.98,1,0.0,5.98,1.0166,0.16999999999999998,4,0
2590,CA-2016-137729,594,240,466,196,2,26,246.168,3,0.2,307.71,21.5397,0.0875,4,0
2591,US-2016-115455,340,1382,163,750,2,400,14.136,2,0.6,35.339999999999996,-7.7748,-0.55,6,1
2592,US-2016-115455,340,1383,163,750,2,400,601.47,3,0.5,1202.94,-300.735,-0.5,6,1
2593,CA-2017-128300,277,1256,222,201,1,401,79.1,2,0.0,79.1,39.55,0.5,2,0
2594,CA-2017-128300,277,801,222,201,1,401,327.84,8,0.0,327.84,157.3632,0.48000000000000004,2,0
2595,CA-2017-149048,313,232,727,1349,2,135,180.96,2,0.0,180.96,81.432,0.45,4,0
2596,CA-2017-149048,313,570,727,1349,2,135,914.97,3,0.0,914.97,411.7365,0.44999999999999996,4,0
2597,CA-2017-149048,313,967,727,1349,2,135,587.97,3,0.0,587.97,158.7519,0.27,4,0
2598,CA-2017-149048,313,1245,727,1349,2,135,530.34,2,0.0,530.34,95.4612,0.18,4,0
2599,CA-2017-149048,313,1384,727,1349,2,135,14.94,3,0.0,14.94,7.3206,0.49,4,0
2600,CA-2017-108553,86,1307,757,569,2,24,121.94,2,0.0,121.94,35.3626,0.29000000000000004,6,0
2601,CA-2017-108553,86,355,757,569,2,24,122.71,7,0.0,122.71,36.813,0.30000000000000004,6,0
2602,CA-2016-165848,634,812,31,31,4,46,14.94,3,0.0,14.94,7.0218,0.47000000000000003,0,0
2603,CA-2016-165848,634,1385,31,31,4,46,1349.85,3,0.0,1349.85,364.4595,0.27,0,0
2604,CA-2016-165848,634,1058,31,31,4,46,136.784,1,0.2,170.98,5.1294,0.037500000000000006,0,0
2605,CA-2016-165848,634,678,31,31,4,46,61.12,4,0.0,61.12,20.7808,0.34,0,0
2606,CA-2014-112718,635,1066,758,1060,2,134,1.167,1,0.7,3.8899999999999997,-0.8558,-0.7333333333333333,5,1
2607,CA-2016-154053,451,1386,759,613,2,143,16.99,1,0.0,16.99,4.9271,0.29000000000000004,6,0
2608,CA-2014-127446,566,1387,642,954,2,175,24.672,3,0.2,30.84,0.0,0.0,5,0
2609,CA-2014-127446,566,396,642,954,2,175,2.52,1,0.2,3.15,0.882,0.35,5,0
2610,CA-2014-127446,566,4,642,954,2,175,1218.735,5,0.3,1741.05,-121.8735,-0.10000000000000002,5,1
2611,CA-2014-127446,566,1239,642,954,2,175,5.904,2,0.2,7.38,1.9926,0.33749999999999997,5,0
2612,CA-2014-127446,566,784,642,954,2,175,15.696,3,0.2,19.619999999999997,5.1012,0.325,5,0
2613,CA-2014-127446,566,535,642,954,2,175,6.096,3,0.6,15.24,-3.9624,-0.65,5,1
2614,CA-2016-137204,636,793,237,466,2,63,41.568,2,0.2,51.959999999999994,2.598,0.0625,7,0
2615,CA-2014-147298,637,371,760,524,2,14,230.28,3,0.2,287.84999999999997,23.028,0.09999999999999999,7,0
2616,CA-2014-147298,637,32,760,524,2,14,18.288,6,0.2,22.86,5.715,0.3125,7,0
2617,CA-2017-147942,334,1388,720,1335,2,95,5.78,2,0.0,5.78,2.7166,0.47000000000000003,4,0
2618,CA-2017-147942,334,674,720,1335,2,95,121.68,13,0.2,152.1,38.025,0.31249999999999994,4,0
2619,CA-2017-115931,488,382,67,378,2,65,4.17,3,0.0,4.17,1.0842,0.26,4,0
2620,CA-2017-115931,488,1021,67,378,2,65,67.04,4,0.2,83.8,6.704,0.09999999999999999,4,0
2621,CA-2017-115931,488,254,67,378,2,65,37.32,3,0.0,37.32,10.4496,0.28,4,0
2622,CA-2017-115931,488,933,67,378,2,65,18.45,5,0.0,18.45,8.6715,0.47000000000000003,4,0
2623,CA-2014-164861,638,1194,641,777,1,359,25.92,4,0.0,25.92,12.4416,0.4799999999999999,3,0
2624,CA-2017-127180,639,1389,761,1201,3,24,11199.968,4,0.2,13999.960000000001,3919.9888,0.35,2,0
2625,CA-2017-127180,639,717,761,1201,3,24,2399.6,8,0.0,2399.6,647.892,0.27,2,0
2626,CA-2017-127180,639,119,761,1201,3,24,63.9,5,0.0,63.9,28.755,0.45,2,0
2627,CA-2017-127180,639,510,761,1201,3,24,52.99,1,0.0,52.99,0.5299,0.01,2,0
2628,US-2017-165344,116,453,39,941,3,158,60.864,4,0.2,76.08,9.1296,0.15,2,0
2629,US-2017-165344,116,1390,39,941,3,158,652.995,7,0.7,2176.6499999999996,-935.9595,-1.4333333333333333,2,1
2630,US-2017-165344,116,1391,39,941,3,158,11.22,10,0.7,37.4,-7.48,-0.6666666666666666,2,1
2631,CA-2015-168186,493,1232,230,427,2,313,14.94,3,0.0,14.94,7.0218,0.47000000000000003,5,0
2632,US-2017-110604,640,892,357,969,2,6,39.96,2,0.0,39.96,17.1828,0.43,5,0
2633,US-2017-110604,640,1392,357,969,2,6,42.624,2,0.2,53.28,4.2624,0.1,5,0
2634,US-2017-110604,640,158,357,969,2,6,220.96,1,0.2,276.2,24.858,0.1125,5,0
2635,CA-2015-116750,542,1393,762,849,1,307,4.928,2,0.2,6.159999999999999,0.7392,0.15,5,0
2636,CA-2015-116750,542,545,762,849,1,307,7.23,5,0.7,24.099999999999998,-5.784,-0.7999999999999999,5,1
2637,CA-2015-162369,641,766,763,1350,2,63,323.1,2,0.0,323.1,61.389,0.19,4,0
2638,CA-2017-108441,642,1394,493,979,2,46,19.04,4,0.0,19.04,9.3296,0.49,6,0
2639,CA-2017-108441,642,521,493,979,2,46,13.128,3,0.2,16.41,4.2666,0.325,6,0
2640,CA-2017-108441,642,1395,493,979,2,46,64.14,3,0.0,64.14,16.6764,0.26,6,0
2641,CA-2017-108441,642,468,493,979,2,46,858.24,4,0.1,953.6,143.04,0.16666666666666666,6,0
2642,CA-2015-169740,216,702,764,1070,2,402,29.99,1,0.0,29.99,2.999,0.1,5,0
2643,CA-2016-124051,568,969,724,946,3,174,186.048,6,0.2,232.56,67.4424,0.36250000000000004,1,0
2644,CA-2016-149111,409,522,765,439,1,315,36.792,1,0.2,45.99,4.1391,0.11249999999999999,4,0
2645,CA-2016-149111,409,397,765,439,1,315,18.624,8,0.2,23.279999999999998,6.2856,0.3375,4,0
2646,CA-2014-131002,484,1007,558,172,1,313,57.69,3,0.0,57.69,23.6529,0.41,5,0
2647,CA-2014-131002,484,1396,558,172,1,313,42.81,3,0.0,42.81,20.1207,0.47,5,0
2648,CA-2014-131002,484,1397,558,172,1,313,12.96,2,0.0,12.96,6.2208,0.4799999999999999,5,0
2649,CA-2014-131002,484,1370,558,172,1,313,821.88,6,0.0,821.88,213.6888,0.26,5,0
2650,CA-2014-131002,484,140,558,172,1,313,104.85,3,0.0,104.85,28.3095,0.27,5,0
2651,US-2016-146794,65,900,183,394,2,108,424.9575,5,0.15,499.95,19.998,0.04705882352941177,5,0
2652,CA-2017-112515,128,1367,698,297,1,268,10.776,3,0.2,13.469999999999999,3.5022,0.325,4,0
2653,CA-2017-112515,128,697,698,297,1,268,11.784,3,0.2,14.73,4.2717,0.3625,4,0
2654,CA-2017-112515,128,1398,698,297,1,268,164.88,3,0.0,164.88,80.7912,0.49000000000000005,4,0
2655,CA-2017-112515,128,1399,698,297,1,268,1292.94,3,0.0,1292.94,77.5764,0.060000000000000005,4,0
2656,CA-2017-112515,128,1400,698,297,1,268,25.584,2,0.2,31.979999999999997,8.9544,0.35,4,0
2657,CA-2017-112515,128,534,698,297,1,268,261.74,2,0.0,261.74,65.435,0.25,4,0
2658,CA-2017-112515,128,783,698,297,1,268,14.4,5,0.0,14.4,7.056,0.49,4,0
2659,CA-2016-150343,8,136,766,624,2,95,10.86,3,0.0,10.86,5.1042,0.47,4,0
2660,CA-2015-135538,404,158,101,76,2,28,883.84,4,0.2,1104.8,99.432,0.1125,4,0
2661,CA-2017-123372,376,1401,355,575,2,46,1979.89,11,0.0,1979.89,494.9725,0.25,4,0
2662,CA-2017-123372,376,890,355,575,2,46,79.96,2,0.0,79.96,35.982,0.45,4,0
2663,CA-2017-159604,643,237,350,5,3,335,8.76,2,0.0,8.76,4.2048,0.48,1,0
2664,CA-2016-164784,521,640,767,1315,3,32,3.984,1,0.2,4.9799999999999995,1.2948,0.325,3,0
2665,CA-2016-164784,521,122,767,1315,3,32,370.62,3,0.4,617.7,-142.071,-0.3833333333333333,3,1
2666,CA-2016-164784,521,1204,767,1315,3,32,2.742,2,0.7,9.139999999999999,-2.0108,-0.7333333333333334,3,1
2667,CA-2016-111794,644,218,394,394,4,140,79.512,3,0.2,99.39,20.8719,0.2625,0,0
2668,CA-2016-111794,644,259,394,394,4,140,28.352,1,0.2,35.44,9.5688,0.33749999999999997,0,0
2669,US-2015-139759,645,24,768,1351,2,63,40.784,1,0.2,50.98,4.5882,0.11249999999999999,5,0
2670,US-2015-139759,645,1277,768,1351,2,63,105.96,4,0.0,105.96,29.6688,0.28,5,0
2671,CA-2014-126403,646,163,341,172,1,112,166.44,3,0.0,166.44,79.8912,0.48,3,0
2672,CA-2014-126403,646,1402,341,172,1,112,785.88,6,0.0,785.88,212.1876,0.27,3,0
2673,CA-2014-126403,646,1403,341,172,1,112,26.2,2,0.0,26.2,12.838,0.49,3,0
2674,CA-2014-126403,646,1245,341,172,1,112,1325.85,5,0.0,1325.85,238.653,0.18,3,0
2675,CA-2017-136875,647,448,735,735,4,143,166.44,3,0.0,166.44,79.8912,0.48,0,0
2676,CA-2017-132185,141,910,345,575,2,197,8.76,5,0.2,10.95,0.7665,0.0875,5,0
2677,CA-2017-132185,141,1310,345,575,2,197,43.584,1,0.2,54.480000000000004,4.3584,0.09999999999999998,5,0
2678,US-2014-160780,648,1086,262,262,4,261,11.088,7,0.7,36.959999999999994,-8.1312,-0.7333333333333334,0,1
2679,US-2014-160780,648,736,262,262,4,261,25.164,2,0.7,83.88,-16.776,-0.6666666666666666,0,1
2680,CA-2017-127026,415,615,277,679,2,31,14.4,5,0.0,14.4,7.056,0.49,6,0
2681,CA-2017-127026,415,696,277,679,2,31,619.95,5,0.0,619.95,111.591,0.17999999999999997,6,0
2682,CA-2017-127026,415,1404,277,679,2,31,89.52,4,0.0,89.52,42.0744,0.47,6,0
2683,CA-2017-127026,415,1405,277,679,2,31,350.973,3,0.1,389.97,152.0883,0.43333333333333335,6,0
2684,CA-2017-127026,415,1406,277,679,2,31,164.99,1,0.0,164.99,49.497,0.3,6,0
2685,CA-2017-137085,565,1312,223,92,2,26,312.552,9,0.2,390.69,101.5794,0.325,7,0
2686,CA-2016-133123,42,890,48,109,2,279,95.952,3,0.2,119.94,29.985,0.3125,5,0
2687,CA-2016-133123,42,881,48,109,2,279,3.204,2,0.7,10.68,-2.4564,-0.7666666666666666,5,1
2688,US-2016-128195,268,1407,579,1222,3,121,3.98,5,0.8,19.900000000000006,-6.567,-1.6500000000000001,1,1
2689,CA-2015-153220,290,1408,769,718,3,4,15.7,5,0.0,15.7,7.065,0.45000000000000007,2,0
2690,CA-2014-123064,155,1200,480,780,3,156,5.248,4,0.2,6.56,1.64,0.31249999999999994,2,0
2691,CA-2017-156412,381,991,770,167,2,64,5.346,3,0.7,17.819999999999997,-4.455,-0.8333333333333334,4,1
2692,US-2016-144211,80,1409,771,477,2,403,15.48,3,0.2,19.349999999999998,5.6115,0.3625,5,0
2693,US-2016-144211,80,1410,771,477,2,403,108.576,3,0.2,135.71999999999997,8.1432,0.07500000000000001,5,0
2694,CA-2016-138079,296,505,116,1199,2,61,109.9,5,0.0,109.9,37.366,0.33999999999999997,6,0
2695,CA-2014-143182,298,1007,772,23,2,187,15.384,1,0.2,19.23,4.0383,0.26249999999999996,5,0
2696,CA-2016-161662,649,424,570,1206,3,404,30.352,2,0.2,37.94,10.6232,0.35000000000000003,2,0
2697,CA-2014-145317,599,1411,773,894,2,134,821.3,4,0.5,1642.6,-16.426,-0.02,5,1
2698,CA-2014-145317,599,1412,773,894,2,134,22638.48,6,0.5,45276.96,-1811.0784,-0.08,5,1
2699,CA-2014-145317,599,129,773,894,2,134,21.376,4,0.2,26.72,7.4816,0.35,5,0
2700,CA-2014-145317,599,1413,773,894,2,134,8.016,3,0.2,10.02,1.002,0.125,5,0
2701,CA-2014-145317,599,1007,773,894,2,134,30.768,2,0.2,38.46,8.0766,0.26249999999999996,5,0
2702,CA-2014-145317,599,551,773,894,2,134,18.936,3,0.2,23.669999999999998,5.9175,0.3125,5,0
2703,CA-2014-145317,599,1155,773,894,2,134,122.352,3,0.2,152.94,15.294,0.125,5,0
2704,CA-2014-143413,262,1414,774,993,2,309,116.28,3,0.0,116.28,56.9772,0.49000000000000005,6,0
2705,CA-2017-156818,558,177,498,1003,1,30,132.6,6,0.0,132.6,17.238,0.13,2,0
2706,CA-2017-155873,438,1060,115,549,2,65,16.68,2,0.0,16.68,4.3368,0.26,5,0
2707,CA-2017-155873,438,1415,115,549,2,65,19.44,3,0.0,19.44,9.3312,0.48000000000000004,5,0
2708,CA-2017-155873,438,1416,115,549,2,65,192.16,4,0.0,192.16,92.2368,0.48000000000000004,5,0
2709,CA-2015-121797,231,1417,565,526,2,14,227.36,7,0.0,227.36,81.8496,0.35999999999999993,7,0
2710,CA-2015-121797,231,1151,565,526,2,14,1919.976,3,0.2,2399.97,215.9973,0.11249999999999999,7,0
2711,US-2015-120572,486,411,556,84,2,134,12.828,2,0.7,42.75999999999999,-8.9796,-0.7,4,1
2712,CA-2017-132430,435,614,450,1345,3,347,45.888,4,0.2,57.35999999999999,9.1776,0.2,2,0
2713,CA-2017-146031,307,159,571,379,1,25,60.12,9,0.0,60.12,22.2444,0.37,3,0
2714,CA-2014-110100,63,723,574,334,2,125,302.376,3,0.2,377.96999999999997,37.797,0.125,4,0
2715,CA-2015-103723,458,1062,495,402,2,60,13.9,5,0.0,13.9,5.56,0.39999999999999997,5,0
2716,CA-2014-127187,435,1418,775,590,2,24,129.98,2,0.0,129.98,62.3904,0.48000000000000004,4,0
2717,CA-2017-128475,650,358,776,854,2,113,71.98,2,0.0,71.98,15.1158,0.21,6,0
2718,CA-2014-100006,590,1419,558,104,2,24,377.97,3,0.0,377.97,109.6113,0.29,6,0
2719,CA-2017-144827,340,822,203,754,2,147,124.36,2,0.0,124.36,33.5772,0.26999999999999996,6,0
2720,CA-2014-110030,167,562,777,590,1,15,23.976,3,0.6,59.94,-14.3856,-0.6,2,1
2721,CA-2014-121286,22,204,131,1069,1,183,8.376,3,0.2,10.469999999999999,2.7222,0.325,4,0
2722,CA-2014-121286,22,938,131,1069,1,183,58.24,5,0.2,72.8,5.096,0.0875,4,0
2723,CA-2016-164735,484,721,168,476,1,213,81.2,5,0.0,81.2,12.18,0.15,5,0
2724,CA-2014-153479,651,265,778,1170,2,168,14.45,5,0.0,14.45,6.7915,0.47000000000000003,4,0
2725,CA-2014-153479,651,980,778,1170,2,168,95.648,2,0.2,119.55999999999999,31.0856,0.325,4,0
2726,CA-2017-149888,213,1212,660,39,2,75,359.97,5,0.4,599.95,-71.994,-0.19999999999999998,6,1
2727,CA-2017-149888,213,1343,660,39,2,75,350.352,4,0.4,583.92,-140.1408,-0.4000000000000001,6,1
2728,CA-2017-119193,86,521,67,166,3,214,1.641,1,0.7,5.469999999999999,-1.3128,-0.7999999999999999,2,1
2729,CA-2017-119193,86,1335,67,166,3,214,629.958,7,0.4,1049.93,94.4937,0.15000000000000002,2,1
2730,CA-2017-104801,652,148,779,601,2,60,6.63,3,0.0,6.63,1.7901,0.27,6,0
2731,CA-2017-104801,652,652,779,601,2,60,799.96,4,0.0,799.96,343.9828,0.43,6,0
2732,CA-2017-104801,652,217,779,601,2,60,107.53,1,0.0,107.53,21.506,0.2,6,0
2733,CA-2014-107594,14,688,780,523,2,171,73.98,2,0.0,73.98,19.9746,0.26999999999999996,4,0
2734,CA-2014-107594,14,797,780,523,2,171,5.58,1,0.0,5.58,2.1762,0.39,4,0
2735,CA-2015-129770,556,34,781,1203,1,405,49.12,4,0.0,49.12,23.0864,0.47000000000000003,2,0
2736,CA-2015-115798,108,1420,51,903,2,286,377.97,3,0.0,377.97,94.4925,0.25,6,0
2737,CA-2015-115798,108,671,51,903,2,286,42.28,7,0.0,42.28,19.8716,0.47000000000000003,6,0
2738,CA-2015-115798,108,900,51,903,2,286,299.97,3,0.0,299.97,56.9943,0.19,6,0
2739,CA-2015-115798,108,818,51,903,2,286,89.98,2,0.0,89.98,43.1904,0.4799999999999999,6,0
2740,CA-2017-122707,495,1421,514,1327,3,406,477.24,4,0.0,477.24,9.5448,0.02,2,0
2741,CA-2017-122707,495,1422,514,1327,3,406,25.98,2,0.0,25.98,1.5588,0.06,2,0
2742,CA-2016-165015,233,1041,782,536,1,56,46.72,5,0.2,58.4,17.52,0.375,2,0
2743,CA-2014-149244,653,1382,131,1069,2,89,35.34,2,0.0,35.34,13.4292,0.37999999999999995,4,0
2744,CA-2015-140144,35,593,783,609,1,35,257.64,6,0.0,257.64,100.4796,0.39,5,0
2745,CA-2015-140144,35,67,783,609,1,35,125.976,3,0.2,157.47,47.241,0.375,5,0
2746,CA-2017-163321,249,410,784,939,1,223,79.992,1,0.2,99.99,21.9978,0.275,4,0
2747,CA-2014-155887,410,602,553,827,2,118,700.056,3,0.3,1000.0800000000002,-130.0104,-0.18571428571428572,5,1
2748,US-2015-165449,400,1423,7,651,2,407,27.168,4,0.2,33.959999999999994,-1.3584,-0.05,4,0
2749,CA-2015-110247,654,1317,785,576,2,395,8.226,3,0.7,27.419999999999998,-6.0324,-0.7333333333333333,4,1
2750,US-2014-141257,230,1424,786,1028,2,61,585.552,3,0.2,731.9399999999999,73.194,0.125,6,0
2751,CA-2014-154669,613,1425,234,431,1,408,423.28,11,0.0,423.28,110.0528,0.26,3,0
2752,CA-2014-158029,521,1154,543,993,2,142,225.296,2,0.2,281.61999999999995,22.5296,0.09999999999999999,4,0
2753,CA-2015-155306,655,1062,787,1123,2,35,5.56,2,0.0,5.56,2.224,0.4000000000000001,4,0
2754,CA-2015-155306,655,620,787,1123,2,35,323.37,3,0.0,323.37,129.348,0.4,4,0
2755,CA-2015-155306,655,967,787,1123,2,35,783.96,5,0.2,979.95,68.5965,0.08750000000000001,4,0
2756,CA-2015-155306,655,1365,787,1123,2,35,1447.65,5,0.0,1447.65,419.8185,0.29,4,0
2757,CA-2015-155306,655,1332,787,1123,2,35,11.96,2,0.0,11.96,5.8604,0.49,4,0
2758,CA-2016-127775,302,658,726,901,1,46,239.97,3,0.0,239.97,71.991,0.3,2,0
2759,CA-2016-146171,656,1007,22,544,2,113,76.92,4,0.0,76.92,31.5372,0.41,4,0
2760,CA-2016-146171,656,773,22,544,2,113,481.32,4,0.0,481.32,125.1432,0.26,4,0
2761,CA-2014-129574,657,365,543,1323,3,409,48.4,5,0.0,48.4,23.232,0.48,3,0
2762,CA-2017-126536,72,1426,387,337,3,95,0.99,1,0.0,0.99,0.4356,0.44,2,0
2763,CA-2017-126536,72,987,387,337,3,95,101.84,5,0.2,127.3,36.917,0.3625,2,0
2764,CA-2017-165757,485,1427,739,1261,2,12,10.332,3,0.7,34.44,-7.5768,-0.7333333333333333,6,1
2765,CA-2017-165757,485,351,739,1261,2,12,31.155,5,0.7,103.85,-23.8855,-0.7666666666666666,6,1
2766,CA-2017-165757,485,1428,739,1261,2,12,8.928,2,0.2,11.16,0.6696,0.07499999999999998,6,0
2767,CA-2017-167752,356,1429,788,1352,3,64,34.384,1,0.2,42.98,3.8682,0.11249999999999999,3,0
2768,CA-2017-167752,356,228,788,1352,3,64,1924.16,8,0.2,2405.2,312.676,0.16249999999999998,3,0
2769,US-2015-122140,658,1430,789,1004,2,78,32.192,2,0.8,160.96000000000004,-80.48,-2.5,5,1
2770,US-2015-122140,658,1045,789,1004,2,78,50.12,7,0.2,62.64999999999999,-0.6265,-0.012499999999999999,5,0
2771,US-2015-122140,658,1236,789,1004,2,78,47.976,3,0.2,59.97,1.7991,0.0375,5,0
2772,CA-2016-163986,371,377,324,546,2,410,54.5,5,0.0,54.5,14.17,0.26,7,0
2773,CA-2017-158967,538,741,390,1260,3,3,19.104,3,0.2,23.88,5.7312,0.30000000000000004,2,0
2774,CA-2016-131576,362,92,442,492,2,186,49.44,3,0.0,49.44,24.2256,0.49000000000000005,4,0
2775,CA-2017-143455,530,499,344,552,2,158,10.368,2,0.2,12.959999999999999,3.6288,0.35,7,0
2776,CA-2016-144729,33,233,148,793,2,89,154.44,3,0.0,154.44,1.5444,0.01,4,0
2777,CA-2015-127019,46,931,380,708,2,98,60.984,7,0.2,76.23,4.5738,0.075,4,0
2778,CA-2015-138534,342,1122,790,491,1,411,195.466,2,0.15,229.96,-13.7976,-0.07058823529411765,2,0
2779,CA-2017-108322,165,346,505,1025,2,412,23.68,8,0.2,29.599999999999998,6.216,0.2625,5,0
2780,CA-2017-108322,165,1431,505,1025,2,412,2.376,3,0.2,2.9699999999999998,0.7425,0.31250000000000006,5,0
2781,CA-2017-167668,647,199,637,541,3,46,59.2,4,0.0,59.2,29.6,0.5,2,0
2782,CA-2017-146724,644,209,226,345,2,88,22.0,10,0.0,22.0,9.68,0.44,7,0
2783,CA-2016-139878,437,958,584,77,2,152,257.98,2,0.0,257.98,74.8142,0.29,5,0
2784,US-2016-106677,156,1432,733,339,2,64,23.988,2,0.4,39.980000000000004,-15.992,-0.6666666666666667,5,1
2785,CA-2016-116974,173,1137,791,681,2,413,23.976,4,0.4,39.96,-15.5844,-0.65,6,1
2786,CA-2015-149972,523,500,482,1353,3,2,601.536,4,0.2,751.9199999999998,0.0,0.0,2,0
2787,CA-2015-149972,523,1433,482,1353,3,2,7.9,2,0.0,7.9,2.528,0.32,2,0
2788,US-2014-117744,551,288,267,777,2,414,58.36,5,0.6,145.89999999999998,-24.803,-0.42500000000000004,4,1
2789,US-2014-117744,551,135,267,777,2,414,16.464,7,0.2,20.58,1.4406,0.08750000000000001,4,0
2790,US-2014-117744,551,562,267,777,2,414,39.96,5,0.6,99.89999999999999,-23.976,-0.6,4,1
2791,CA-2014-125514,313,96,159,359,3,199,25.96,2,0.0,25.96,7.5284,0.29,1,0
2792,CA-2014-125514,313,1205,159,359,3,199,36.27,3,0.0,36.27,10.881,0.3,1,0
2793,CA-2014-125514,313,816,159,359,3,199,6.48,1,0.0,6.48,3.1104,0.4799999999999999,1,0
2794,CA-2014-154599,635,665,792,1257,2,415,1075.088,14,0.2,1343.86,94.0702,0.08750000000000001,5,0
2795,CA-2014-154599,635,820,792,1257,2,415,438.368,4,0.2,547.9599999999999,38.3572,0.0875,5,0
2796,CA-2014-154599,635,508,792,1257,2,415,18.088,7,0.2,22.61,6.5569,0.3625,5,0
2797,CA-2014-154599,635,431,792,1257,2,415,308.499,3,0.15,362.94000000000005,-18.147,-0.0588235294117647,5,0
2798,CA-2017-158743,491,1217,180,856,2,367,13.36,4,0.0,13.36,4.1416,0.31000000000000005,7,0
2799,CA-2017-158743,491,682,180,856,2,367,39.96,2,0.0,39.96,18.7812,0.47,7,0
2800,CA-2017-158743,491,706,180,856,2,367,145.85,5,0.0,145.85,70.008,0.48,7,0
2801,CA-2016-153318,330,470,793,100,3,124,783.96,5,0.2,979.95,78.396,0.09999999999999999,3,0
2802,US-2015-110163,316,33,550,1259,3,161,7.88,1,0.2,9.85,1.773,0.22499999999999998,3,0
2803,CA-2017-143329,659,94,133,1184,2,405,41.37,3,0.0,41.37,17.3754,0.42,5,0
2804,CA-2015-159380,474,1118,794,496,2,35,12.84,3,0.0,12.84,5.778,0.44999999999999996,4,0
2805,CA-2015-159380,474,1434,794,496,2,35,25.68,6,0.0,25.68,11.556,0.44999999999999996,4,0
2806,CA-2015-122623,231,1273,68,862,2,295,47.516,2,0.3,67.88,-2.0364,-0.04285714285714286,4,1
2807,CA-2015-148635,660,1218,396,1098,1,61,9.42,2,0.0,9.42,0.471,0.049999999999999996,2,0
2808,CA-2015-148635,660,1435,396,1098,1,61,12.96,2,0.0,12.96,6.2208,0.4799999999999999,2,0
2809,CA-2015-148635,660,1249,396,1098,1,61,704.9,5,0.0,704.9,56.392,0.08,2,0
2810,CA-2015-148635,660,1132,396,1098,1,61,561.568,2,0.2,701.9599999999999,28.0784,0.049999999999999996,2,0
2811,CA-2015-135685,487,369,548,1354,1,202,179.82,9,0.0,179.82,84.5154,0.47000000000000003,2,0
2812,CA-2015-135685,487,1436,548,1354,1,202,185.58,6,0.0,185.58,76.0878,0.41,2,0
2813,CA-2015-135685,487,720,548,1354,1,202,214.11,3,0.0,214.11,36.3987,0.16999999999999998,2,0
2814,CA-2015-135685,487,1288,548,1354,1,202,999.96,4,0.0,999.96,229.9908,0.23,2,0
2815,CA-2015-135685,487,563,548,1354,1,202,653.55,3,0.0,653.55,111.1035,0.17,2,0
2816,CA-2015-104626,661,711,136,1015,2,118,114.6,5,0.0,114.6,51.57,0.45,7,0
2817,CA-2015-104626,661,164,136,1015,2,118,60.74,1,0.0,60.74,15.185,0.25,7,0
2818,CA-2015-104626,661,1293,136,1015,2,118,124.36,2,0.0,124.36,27.3592,0.22,7,0
2819,CA-2015-104626,661,246,136,1015,2,118,1088.76,6,0.0,1088.76,315.7404,0.29000000000000004,7,0
2820,CA-2016-160500,662,1339,466,542,3,236,6.72,5,0.2,8.399999999999999,2.352,0.35,3,0
2821,CA-2016-160500,662,210,466,542,3,236,298.776,3,0.2,373.46999999999997,7.4694,0.025,3,0
2822,CA-2017-100202,380,203,414,1355,2,159,302.376,3,0.2,377.96999999999997,22.6782,0.07500000000000001,5,0
2823,CA-2017-131016,420,312,66,1089,3,175,8.928,2,0.2,11.16,0.558,0.0625,2,0
2824,CA-2017-131016,420,1070,66,1089,3,175,47.584,2,0.2,59.480000000000004,-2.974,-0.0625,2,0
2825,US-2014-112914,193,1437,795,588,2,17,33.792,8,0.2,42.24,10.56,0.3125,5,0
2826,US-2014-112914,193,588,795,588,2,17,300.5328,2,0.32,441.96000000000004,-97.2312,-0.3235294117647059,5,1
2827,US-2014-112914,193,1283,795,588,2,17,2.724,2,0.8,13.620000000000005,-4.3584,-1.5999999999999996,5,1
2828,US-2014-112914,193,30,795,588,2,17,3.264,2,0.2,4.079999999999999,1.1016,0.3375,5,0
2829,CA-2016-124149,78,1438,132,994,3,404,108.336,6,0.2,135.42,37.9176,0.35000000000000003,3,0
2830,CA-2016-124149,78,5,132,994,3,404,55.92,5,0.2,69.89999999999999,6.291,0.1125,3,0
2831,CA-2016-124149,78,1439,132,994,3,404,78.304,2,0.2,97.88,29.364,0.375,3,0
2832,CA-2014-148915,445,1440,302,1128,2,41,443.92,5,0.2,554.9,-94.333,-0.2125,4,0
2833,CA-2014-148915,445,1418,302,1128,2,41,155.976,3,0.2,194.97,54.5916,0.35,4,0
2834,CA-2017-134649,663,148,796,1299,1,406,15.47,7,0.0,15.47,4.1769,0.26999999999999996,5,0
2835,CA-2017-134649,663,176,796,1299,1,406,7.16,2,0.0,7.16,3.4368,0.48,5,0
2836,CA-2017-110842,316,931,344,674,2,2,10.89,1,0.0,10.89,2.8314,0.25999999999999995,5,0
2837,CA-2017-110842,316,1441,344,674,2,2,19.44,3,0.0,19.44,9.3312,0.48000000000000004,5,0
2838,CA-2017-110842,316,1000,344,674,2,2,121.6,5,0.2,151.99999999999997,39.52,0.32500000000000007,5,0
2839,CA-2016-147368,647,947,633,2,3,395,695.7,2,0.5,1391.4,-27.828,-0.039999999999999994,3,1
2840,US-2015-104185,81,773,38,1015,1,30,120.33,1,0.0,120.33,31.2858,0.26,5,0
2841,US-2014-125521,279,464,620,1094,2,338,1139.92,4,0.0,1139.92,284.98,0.25,5,0
2842,US-2017-135062,211,840,516,508,1,307,229.544,7,0.2,286.93,83.2097,0.3625,4,0
2843,CA-2017-135650,664,436,722,997,2,144,143.728,2,0.2,179.66,-32.3388,-0.22499999999999998,4,0
2844,CA-2017-112865,4,1375,797,1054,2,12,36.048,3,0.2,45.06,-0.9012,-0.024999999999999998,4,0
2845,US-2016-162852,411,532,798,414,2,398,845.488,8,0.3,1207.8400000000001,-12.0784,-0.014285714285714285,4,1
2846,CA-2017-138163,191,208,702,226,3,290,50.94,3,0.0,50.94,14.2632,0.28,3,0
2847,CA-2017-152093,382,451,19,176,2,156,762.594,3,0.8,3812.970000000001,-1143.891,-1.5,5,1
2848,CA-2017-157854,665,1442,799,5,2,237,56.28,6,0.0,56.28,15.7584,0.27999999999999997,7,0
2849,CA-2017-157854,665,1177,799,5,2,237,2690.97,3,0.0,2690.97,1264.7559,0.4700000000000001,7,0
2850,CA-2016-123617,322,864,86,276,2,184,7.434,6,0.7,24.779999999999998,-5.6994,-0.7666666666666666,5,1
2851,US-2016-128293,347,460,800,411,3,75,64.784,1,0.2,80.98,-12.9568,-0.19999999999999998,3,0
2852,CA-2017-107342,666,729,95,67,2,135,28.16,4,0.0,28.16,13.2352,0.47000000000000003,5,0
2853,CA-2016-136371,604,1443,691,845,1,188,14.98,1,0.0,14.98,6.8908,0.45999999999999996,2,0
2854,CA-2016-136371,604,535,691,845,1,188,20.32,4,0.0,20.32,6.9088,0.34,2,0
2855,CA-2017-137344,614,1032,649,649,4,118,40.29,3,0.0,40.29,10.4754,0.26,0,0
2856,CA-2017-169810,182,1388,801,690,2,376,20.23,7,0.0,20.23,9.5081,0.47000000000000003,6,0
2857,CA-2016-128594,138,446,371,49,3,89,1603.136,4,0.2,2003.9199999999998,100.196,0.0625,3,0
2858,CA-2016-154690,667,1154,244,865,1,307,225.296,2,0.2,281.61999999999995,22.5296,0.09999999999999999,2,0
2859,CA-2017-138975,619,659,241,980,2,149,67.8,4,0.0,67.8,4.068,0.06,4,0
2860,CA-2017-138975,619,1444,241,980,2,149,377.97,3,0.0,377.97,98.2722,0.25999999999999995,4,0
2861,CA-2017-138975,619,200,241,980,2,149,1628.82,9,0.0,1628.82,374.6286,0.23,4,0
2862,CA-2017-138975,619,840,241,980,2,149,286.93,7,0.0,286.93,140.5957,0.49,4,0
2863,CA-2017-106537,303,1397,802,630,2,416,20.736,4,0.2,25.919999999999998,7.2576,0.35,5,0
2864,US-2017-103828,272,471,803,803,4,35,31.44,3,0.0,31.44,8.4888,0.26999999999999996,0,0
2865,US-2017-103828,272,361,803,803,4,35,83.79,7,0.0,83.79,22.6233,0.26999999999999996,0,0
2866,US-2017-103828,272,398,803,803,4,35,59.52,3,0.0,59.52,15.4752,0.25999999999999995,0,0
2867,US-2017-103828,272,1445,803,803,4,35,31.92,4,0.0,31.92,9.2568,0.29,0,0
2868,CA-2016-115588,315,328,339,397,1,214,14.72,5,0.2,18.4,-3.312,-0.22499999999999998,2,0
2869,CA-2016-115588,315,721,339,397,1,214,38.976,3,0.2,48.72,-2.436,-0.0625,2,0
2870,CA-2017-143861,63,1446,493,250,2,105,17.088,2,0.2,21.36,1.068,0.0625,7,0
2871,CA-2014-148040,668,1324,580,960,2,116,74.352,3,0.2,92.94,23.235,0.3125,4,0
2872,CA-2014-148040,668,542,580,960,2,116,314.352,3,0.2,392.93999999999994,-35.3646,-0.11250000000000002,4,0
2873,CA-2017-135167,562,320,141,309,2,2,4.26,1,0.0,4.26,1.7466,0.41000000000000003,5,0
2874,CA-2017-137022,350,538,674,904,2,189,811.28,8,0.0,811.28,24.3384,0.030000000000000002,6,0
2875,US-2017-102638,267,132,615,1347,3,46,6.03,3,0.0,6.03,2.9547,0.48999999999999994,2,0
2876,US-2016-167339,144,993,804,1157,1,89,153.568,2,0.2,191.96,-5.7588,-0.0375,2,0
2877,US-2016-167339,144,324,804,1157,1,89,1013.488,7,0.2,1266.86,76.0116,0.075,2,0
2878,CA-2016-152072,657,1250,805,1356,2,74,52.34,2,0.0,52.34,24.5998,0.4699999999999999,4,0
2879,CA-2016-152072,657,373,805,1356,2,74,4.66,2,0.0,4.66,1.3514,0.29,4,0
2880,CA-2016-152072,657,107,805,1356,2,74,254.97,3,0.0,254.97,91.7892,0.36,4,0
2881,CA-2016-102932,175,16,252,714,1,417,25.44,6,0.0,25.44,12.72,0.5,4,0
2882,CA-2016-102932,175,661,252,714,1,417,27.93,3,0.0,27.93,8.0997,0.29000000000000004,4,0
2883,CA-2014-165540,613,609,806,1357,2,398,8.85,5,0.8,44.25000000000001,-13.7175,-1.55,4,1
2884,CA-2016-130799,319,853,584,77,1,95,6.96,4,0.0,6.96,2.2272,0.32,5,0
2885,CA-2016-164483,224,635,807,1067,2,35,17.456,2,0.2,21.819999999999997,5.8914,0.3375,4,0
2886,US-2016-159856,213,390,808,333,2,287,307.92,5,0.2,384.9,-34.641,-0.11249999999999999,4,0
2887,CA-2017-102099,213,454,405,485,3,142,6.63,3,0.0,6.63,1.7901,0.27,1,0
2888,CA-2017-102099,213,861,405,485,3,142,12.96,2,0.0,12.96,6.2208,0.4799999999999999,1,0
2889,CA-2017-102099,213,731,405,485,3,142,32.4,5,0.0,32.4,15.552,0.48,1,0
2890,CA-2017-164049,176,1447,809,45,2,60,23.85,5,0.0,23.85,10.7325,0.44999999999999996,4,0
2891,CA-2014-142727,669,793,334,1358,1,418,51.96,2,0.0,51.96,12.99,0.25,2,0
2892,CA-2014-142727,669,953,334,1358,1,418,17.94,3,0.0,17.94,8.6112,0.48,2,0
2893,CA-2017-139913,37,1448,437,342,2,145,11.56,2,0.0,11.56,5.6644,0.48999999999999994,6,0
2894,CA-2017-139913,37,219,437,342,2,145,26.4,5,0.0,26.4,11.88,0.45000000000000007,6,0
2895,CA-2017-139913,37,1449,437,342,2,145,69.08,11,0.0,69.08,29.0136,0.42000000000000004,6,0
2896,CA-2017-139913,37,180,437,342,2,145,35.88,3,0.0,35.88,10.0464,0.27999999999999997,6,0
2897,CA-2014-169033,28,1069,810,1234,2,256,49.65,5,0.0,49.65,20.853,0.42000000000000004,4,0
2898,US-2016-164630,425,1328,811,851,2,44,959.968,4,0.2,1199.9599999999998,119.996,0.125,5,0
2899,US-2015-114839,618,285,34,29,2,67,408.422,2,0.3,583.46,-5.8346,-0.014285714285714285,4,1
2900,CA-2015-166464,39,1328,812,15,2,46,479.984,2,0.2,599.9799999999999,59.998,0.125,5,0
2901,CA-2015-166464,39,396,812,15,2,46,12.6,4,0.0,12.6,6.048,0.48000000000000004,5,0
2902,CA-2017-124898,627,780,221,176,2,113,184.66,7,0.0,184.66,84.9436,0.46,4,0
2903,CA-2016-164035,258,1216,2,27,2,27,23.12,5,0.2,28.9,8.381,0.3625,5,0
2904,CA-2016-153577,543,1071,813,950,2,419,37.464,7,0.2,46.83,12.1758,0.325,4,0
2905,CA-2016-153577,543,1190,813,950,2,419,539.658,3,0.3,770.94,-7.7094,-0.014285714285714285,4,1
2906,CA-2014-127586,38,1450,468,588,2,61,310.12,2,0.0,310.12,80.6312,0.26,4,0
2907,CA-2017-121615,352,1451,133,46,2,20,8.56,2,0.0,8.56,3.852,0.44999999999999996,6,0
2908,CA-2017-121615,352,471,133,46,2,20,52.4,5,0.0,52.4,14.148,0.27,6,0
2909,CA-2017-121615,352,1141,133,46,2,20,14.94,3,0.0,14.94,6.8724,0.46,6,0
2910,CA-2017-166415,251,1029,601,661,2,6,11.22,3,0.0,11.22,0.2244,0.019999999999999997,4,0
2911,CA-2015-118444,105,644,600,530,2,250,387.136,4,0.2,483.92,24.196,0.0625,4,0
2912,CA-2014-113929,238,1452,738,262,2,420,41.4,5,0.0,41.4,19.458,0.47,5,0
2913,CA-2014-113929,238,1453,738,262,2,420,35.0,4,0.0,35.0,10.5,0.3,5,0
2914,CA-2014-113929,238,92,738,262,2,420,39.552,3,0.2,49.44,14.3376,0.3625,5,0
2915,CA-2015-134747,352,1410,89,873,1,421,135.72,3,0.0,135.72,35.2872,0.26,5,0
2916,CA-2015-134747,352,1376,89,873,1,421,12.56,2,0.0,12.56,5.652,0.45,5,0
2917,CA-2015-134747,352,985,89,873,1,421,263.96,4,0.0,263.96,71.2692,0.27,5,0
2918,CA-2017-155047,340,1454,152,1319,3,78,5.952,1,0.2,7.4399999999999995,0.372,0.0625,3,0
2919,CA-2016-160129,625,1433,814,814,4,12,15.8,5,0.2,19.75,2.37,0.15,0,0
2920,CA-2016-160129,625,1105,814,814,4,12,14.368,2,0.2,17.96,3.9512,0.275,0,0
2921,CA-2016-160129,625,981,814,814,4,12,70.448,7,0.2,88.05999999999999,12.3284,0.17500000000000002,0,0
2922,CA-2017-164329,463,558,290,290,4,10,129.3,2,0.0,129.3,6.465,0.049999999999999996,0,0
2923,US-2015-141453,490,626,673,156,1,111,3.882,3,0.8,19.410000000000004,-5.823,-1.5,3,1
2924,CA-2014-156993,339,830,308,1130,2,152,6.08,1,0.0,6.08,3.04,0.5,6,0
2925,CA-2014-157721,595,942,815,743,3,291,19.9,1,0.0,19.9,8.955,0.45,3,0
2926,CA-2014-157721,595,1455,815,743,3,291,70.71,1,0.0,70.71,4.9497,0.07,3,0
2927,CA-2017-128629,670,1449,816,1164,1,113,18.84,3,0.0,18.84,7.9128,0.42,4,0
2928,CA-2017-158106,565,827,401,194,2,422,8.64,3,0.0,8.64,2.5056,0.29,6,0
2929,US-2017-120390,275,317,16,41,2,180,1633.188,4,0.7,5443.959999999999,-1306.5504,-0.8,7,1
2930,CA-2017-143434,468,628,552,222,2,81,19.76,4,0.0,19.76,8.2992,0.42,6,0
2931,CA-2015-168564,628,926,817,817,4,10,6.608,2,0.2,8.26,2.2302,0.3375,0,0
2932,CA-2015-168564,628,249,817,817,4,10,7.28,2,0.2,9.1,2.73,0.375,0,0
2933,CA-2015-168564,628,324,817,817,4,10,144.784,1,0.2,180.98,10.8588,0.07500000000000001,0,0
2934,US-2016-169040,219,967,410,940,2,60,156.792,1,0.2,195.98999999999998,13.7193,0.08750000000000001,6,0
2935,US-2016-169040,219,1401,410,940,2,60,431.976,3,0.2,539.9699999999999,26.9985,0.0625,6,0
2936,US-2016-169040,219,82,410,940,2,60,35.89,1,0.0,35.89,16.1505,0.45,6,0
2937,US-2016-169040,219,675,410,940,2,60,47.208,7,0.2,59.01,15.3426,0.325,6,0
2938,US-2016-169040,219,130,410,940,2,60,248.08,7,0.0,248.08,116.5976,0.47,6,0
2939,US-2016-169040,219,68,410,940,2,60,189.7,5,0.0,189.7,89.159,0.4700000000000001,6,0
2940,US-2016-169040,219,445,410,940,2,60,59.808,3,0.2,74.75999999999999,19.4376,0.325,6,0
2941,CA-2017-155880,252,1456,614,186,2,202,90.99,1,0.0,90.99,14.5584,0.16,6,0
2942,CA-2017-155880,252,636,614,186,2,202,1526.56,7,0.0,1526.56,427.4368,0.28,6,0
2943,CA-2017-155880,252,813,614,186,2,202,368.97,3,0.0,368.97,40.5867,0.10999999999999999,6,0
2944,CA-2017-126242,499,299,124,222,2,14,305.01,9,0.0,305.01,76.2525,0.25,5,0
2945,CA-2017-126242,499,1457,124,222,2,14,18.7,1,0.0,18.7,7.106,0.38,5,0
2946,CA-2016-166443,294,494,255,733,3,35,38.29,7,0.0,38.29,16.4647,0.43000000000000005,1,0
2947,CA-2017-169859,487,1458,818,405,2,143,26.25,3,0.0,26.25,11.025,0.42000000000000004,4,0
2948,CA-2017-169859,487,1459,818,405,2,143,64.96,14,0.2,81.19999999999999,22.736,0.35000000000000003,4,0
2949,CA-2017-169859,487,756,818,405,2,143,43.7,5,0.0,43.7,20.539,0.47000000000000003,4,0
2950,CA-2017-134915,671,198,106,106,4,277,41.6,4,0.2,52.0,13.0,0.3125,0,0
2951,CA-2017-134915,671,1216,106,106,4,277,23.12,5,0.2,28.9,8.381,0.3625,0,0
2952,CA-2017-134915,671,1460,106,106,4,277,113.888,2,0.2,142.35999999999999,9.9652,0.0875,0,0
2953,CA-2017-134915,671,1461,106,106,4,277,113.568,2,0.2,141.95999999999998,-5.6784,-0.05,0,0
2954,CA-2017-134915,671,501,106,106,4,277,7.92,2,0.2,9.899999999999999,0.693,0.0875,0,0
2955,CA-2017-134915,671,1462,106,106,4,277,671.984,2,0.2,839.98,50.3988,0.075,0,0
2956,CA-2016-153353,56,885,299,1359,2,46,39.99,1,0.0,39.99,11.5971,0.29,6,0
2957,CA-2017-123638,672,475,819,1288,2,291,191.646,3,0.1,212.93999999999997,31.941,0.16666666666666669,7,0
2958,CA-2017-168900,130,9,465,1189,2,158,2.313,1,0.7,7.709999999999999,-1.9275,-0.8333333333333333,5,1
2959,CA-2015-158456,447,800,101,1233,2,4,19.936,4,0.2,24.919999999999998,7.2268,0.3625,5,0
2960,CA-2015-158456,447,272,101,1233,2,4,45.92,4,0.0,45.92,21.5824,0.47,5,0
2961,CA-2017-143665,179,988,467,928,2,61,20.34,3,0.0,20.34,9.3564,0.46,5,0
2962,CA-2017-143665,179,1124,467,928,2,61,39.28,8,0.0,39.28,19.2472,0.49,5,0
2963,CA-2017-137428,673,24,820,203,1,219,81.568,2,0.2,101.96,9.1764,0.11249999999999999,5,0
2964,CA-2017-137428,673,164,820,203,1,219,97.184,2,0.2,121.47999999999999,6.074,0.0625,5,0
2965,CA-2017-137428,673,526,820,203,1,219,24.32,5,0.2,30.4,8.208,0.3375,5,0
2966,CA-2017-137428,673,1463,820,203,1,219,18.96,2,0.0,18.96,7.584,0.39999999999999997,5,0
2967,CA-2014-162866,477,1002,423,521,2,302,32.952,6,0.6,82.38,-19.7712,-0.6000000000000001,4,1
2968,CA-2014-162866,477,1191,423,521,2,302,30.016,4,0.2,37.519999999999996,3.0016,0.1,4,0
2969,CA-2017-167941,536,78,45,46,1,307,499.584,3,0.2,624.48,43.7136,0.0875,3,0
2970,CA-2017-167941,536,586,45,46,1,307,31.104,6,0.2,38.879999999999995,10.8864,0.35000000000000003,3,0
2971,CA-2017-167941,536,556,45,46,1,307,13.272,8,0.7,44.239999999999995,-10.6176,-0.7999999999999999,3,1
2972,CA-2017-167941,536,1382,45,46,1,307,28.272,2,0.2,35.339999999999996,6.3612,0.225,3,0
2973,CA-2017-167941,536,460,45,46,1,307,259.136,4,0.2,323.92,-51.8272,-0.19999999999999998,3,0
2974,CA-2017-111808,240,871,820,699,2,313,10.8,5,0.0,10.8,5.184,0.48,4,0
2975,CA-2015-137512,166,617,821,794,2,294,244.006,2,0.3,348.58000000000004,-31.3722,-0.12857142857142856,5,1
2976,CA-2015-137512,166,1464,821,794,2,294,15.936,4,0.2,19.919999999999998,5.3784,0.3375,5,0
2977,CA-2017-139773,2,1465,770,770,4,106,188.552,7,0.3,269.36,-2.6936,-0.014285714285714287,0,1
2978,CA-2017-134607,333,1012,622,1049,1,145,22.58,2,0.0,22.58,5.8708,0.26,5,0
2979,CA-2014-109232,445,1456,287,361,1,423,545.94,6,0.0,545.94,87.3504,0.15999999999999998,3,0
2980,CA-2015-139850,674,1466,822,1360,2,64,20.736,4,0.2,25.919999999999998,7.2576,0.35,5,0
2981,CA-2015-139850,674,1252,822,1360,2,64,43.296,2,0.2,54.12,4.3296,0.1,5,0
2982,CA-2014-131310,53,1465,137,668,2,61,123.136,4,0.2,153.92,13.8528,0.1125,6,0
2983,CA-2014-131310,53,654,137,668,2,61,11.264,4,0.2,14.079999999999998,3.8016,0.3375,6,0
2984,US-2014-112872,54,331,777,1361,1,331,53.424,3,0.2,66.78,4.6746,0.0875,5,0
2985,US-2014-112872,54,1259,777,1361,1,331,275.49,1,0.5,550.98,-170.8038,-0.62,5,1
2986,CA-2016-139269,675,1467,823,199,2,113,24.96,4,0.0,24.96,6.24,0.25,5,0
2987,CA-2016-139269,675,365,823,199,2,113,19.36,2,0.0,19.36,9.2928,0.48,5,0
2988,CA-2016-139269,675,427,823,199,2,113,1267.65,9,0.0,1267.65,152.118,0.11999999999999998,5,0
2989,CA-2016-139010,638,1422,824,1362,1,4,12.99,1,0.0,12.99,0.7794,0.06,5,0
2990,CA-2016-139010,638,1459,824,1362,1,4,18.56,4,0.2,23.199999999999996,6.496,0.35000000000000003,5,0
2991,CA-2016-139010,638,436,824,1362,1,4,449.15,5,0.0,449.15,8.983,0.020000000000000004,5,0
2992,CA-2016-139010,638,79,824,1362,1,4,31.248,7,0.2,39.06,10.9368,0.35,5,0
2993,CA-2016-134376,641,565,825,1100,2,24,61.44,3,0.0,61.44,16.5888,0.27,4,0
2994,CA-2017-147291,78,1189,826,295,2,84,895.92,4,0.0,895.92,421.0824,0.47000000000000003,6,0
2995,CA-2016-112893,248,69,370,1161,1,353,55.36,4,0.2,69.19999999999999,18.684,0.3375,4,0
2996,US-2014-150532,172,5,687,610,2,52,55.92,5,0.2,69.89999999999999,6.291,0.1125,7,0
2997,CA-2014-138317,509,838,262,403,2,75,24.896,4,0.2,31.12,8.4024,0.33749999999999997,4,0
2998,CA-2014-138317,509,1468,262,403,2,75,3.984,1,0.2,4.9799999999999995,0.6474,0.1625,4,0
2999,CA-2014-138317,509,247,262,403,2,75,95.968,4,0.2,119.96,28.7904,0.3,4,0
3000,CA-2014-138317,509,1469,262,403,2,75,206.991,3,0.7,689.9699999999999,-172.4925,-0.8333333333333333,4,1
3001,CA-2014-138317,509,1110,262,403,2,75,44.416,2,0.2,55.519999999999996,3.8864,0.08750000000000001,4,0
3002,CA-2014-138317,509,492,262,403,2,75,9.006,2,0.7,30.019999999999996,-7.2048,-0.7999999999999999,4,1
3003,CA-2015-130610,164,1470,762,849,2,424,19.0,5,0.0,19.0,8.93,0.47,5,0
3004,CA-2017-104381,280,1125,820,332,2,145,33.376,4,0.2,41.71999999999999,10.43,0.3125,7,0
3005,CA-2016-131499,676,1471,163,546,3,165,207.48,1,0.0,207.48,62.244,0.3,2,0
3006,CA-2014-148761,51,998,827,372,2,425,91.68,3,0.0,91.68,45.84,0.5,4,0
3007,CA-2017-116519,258,1108,120,454,3,30,904.9,5,0.0,904.9,253.372,0.28,2,0
3008,CA-2014-130729,212,277,746,195,2,350,34.272,3,0.2,42.839999999999996,11.1384,0.325,5,0
3009,CA-2016-124772,507,1269,6,410,3,264,191.82,3,0.0,191.82,74.8098,0.39,1,0
3010,CA-2016-115525,646,1307,198,876,2,214,243.88,5,0.2,304.84999999999997,27.4365,0.1125,4,0
3011,CA-2017-134845,677,386,828,757,2,128,12.03,5,0.7,40.099999999999994,-9.223,-0.7666666666666667,6,1
3012,CA-2017-134845,677,156,828,757,2,128,2549.985,5,0.7,8499.949999999999,-3399.98,-1.3333333333333333,6,1
3013,CA-2017-134845,677,380,828,757,2,128,21.594,2,0.7,71.97999999999999,-15.8356,-0.7333333333333333,6,1
3014,CA-2017-134845,677,592,828,757,2,128,8.964,6,0.7,29.879999999999995,-6.5736,-0.7333333333333333,6,1
3015,CA-2017-134845,677,511,828,757,2,128,20.736,4,0.2,25.919999999999998,7.2576,0.35,6,0
3016,US-2015-138919,61,739,15,482,2,46,344.22,2,0.4,573.7,-103.266,-0.3,4,1
3017,US-2016-160528,415,419,829,134,2,426,727.296,8,0.2,909.12,-172.7328,-0.2375,7,0
3018,US-2016-160528,415,1156,829,134,2,426,22.608,3,0.6,56.519999999999996,-10.1736,-0.45,7,1
3019,US-2016-160528,415,1201,829,134,2,426,666.4,7,0.2,832.9999999999999,-33.32,-0.05,7,0
3020,CA-2015-123568,184,1472,628,718,2,9,5.04,3,0.0,5.04,0.2016,0.04,6,0
3021,CA-2015-123568,184,1031,628,718,2,9,92.94,3,0.0,92.94,41.823,0.45,6,0
3022,CA-2015-123568,184,643,628,718,2,9,66.69,3,0.0,66.69,22.0077,0.33,6,0
3023,CA-2015-123568,184,711,628,718,2,9,91.68,5,0.2,114.60000000000001,28.65,0.31249999999999994,6,0
3024,CA-2017-124674,678,1276,702,52,2,231,327.7328,2,0.32,481.96000000000004,-14.4588,-0.04411764705882353,6,1
3025,CA-2015-164441,550,306,628,51,2,165,52.272,11,0.2,65.33999999999999,17.6418,0.3375,5,0
3026,CA-2015-164441,550,458,628,51,2,165,17.94,3,0.0,17.94,8.073,0.45,5,0
3027,CA-2017-169054,247,1061,301,467,2,12,254.352,3,0.2,317.94,0.0,0.0,4,0
3028,CA-2014-106719,517,1473,830,830,4,427,8.288,2,0.2,10.36,2.6936,0.325,0,0
3029,CA-2017-116855,483,932,95,203,2,338,504.9,5,0.0,504.9,80.784,0.16000000000000003,4,0
3030,US-2016-164189,113,1420,831,464,2,428,403.168,4,0.2,503.96,25.198,0.0625,4,0
3031,CA-2015-168480,679,1196,482,875,2,368,194.32,4,0.0,194.32,31.0912,0.16,6,0
3032,CA-2015-168480,679,1063,482,875,2,368,25.99,1,0.0,25.99,7.5371,0.29,6,0
3033,US-2016-114293,424,1226,832,492,2,428,195.136,4,0.2,243.92,-12.196,-0.0625,5,0
3034,CA-2017-134173,145,1115,119,297,2,106,20.736,4,0.2,25.919999999999998,7.2576,0.35,5,0
3035,US-2015-123960,206,1045,833,383,2,69,53.7,6,0.0,53.7,10.203,0.18999999999999997,5,0
3036,US-2015-123960,206,1473,833,383,2,69,36.26,7,0.0,36.26,16.6796,0.46,5,0
3037,US-2015-123960,206,1474,833,383,2,69,56.3,2,0.0,56.3,15.764,0.28,5,0
3038,US-2015-123960,206,499,833,383,2,69,32.4,5,0.0,32.4,15.552,0.48,5,0
3039,US-2015-123960,206,1475,833,383,2,69,29.16,2,0.0,29.16,10.7892,0.37,5,0
3040,CA-2017-101749,443,720,622,1049,2,55,171.288,3,0.2,214.11,-6.4233,-0.0375,5,0
3041,US-2016-147991,10,1007,466,196,2,429,16.72,5,0.2,20.9,3.344,0.2,4,0
3042,CA-2017-149559,581,861,221,511,4,107,12.96,2,0.0,12.96,6.2208,0.4799999999999999,1,0
3043,CA-2017-149559,581,1476,221,511,4,107,22.18,2,0.0,22.18,10.8682,0.49,1,0
3044,CA-2017-149559,581,1477,221,511,4,107,2054.272,8,0.2,2567.8399999999997,256.784,0.125,1,0
3045,CA-2015-135174,547,639,29,943,1,413,1022.97,5,0.4,1704.95,-255.7425,-0.25,2,1
3046,CA-2017-125290,255,1478,45,469,1,40,13.9,5,0.0,13.9,3.614,0.26,4,0
3047,CA-2017-125290,255,814,45,469,1,40,26.38,1,0.0,26.38,12.1348,0.46,4,0
3048,CA-2014-137351,141,9,588,778,2,60,43.176,7,0.2,53.97,13.4925,0.3125,4,0
3049,CA-2017-121419,680,122,460,1096,3,113,411.8,2,0.0,411.8,70.006,0.16999999999999998,2,0
3050,CA-2017-121419,680,294,460,1096,3,113,360.0,4,0.0,360.0,129.6,0.36,2,0
3051,US-2017-148054,126,1479,834,1345,2,430,41.96,2,0.0,41.96,2.9372,0.06999999999999999,5,0
3052,US-2017-148054,126,1052,834,1345,2,430,227.84,4,0.0,227.84,66.0736,0.29,5,0
3053,US-2017-148054,126,1238,834,1345,2,430,37.94,2,0.0,37.94,18.2112,0.4800000000000001,5,0
3054,CA-2016-128517,681,1368,527,168,1,84,517.9,2,0.0,517.9,134.654,0.26,5,0
3055,CA-2016-128517,681,447,527,168,1,84,5.28,2,0.0,5.28,2.4288,0.45999999999999996,5,0
3056,US-2015-100377,478,891,835,136,2,37,2799.96,5,0.2,3499.95,874.9875,0.3125,4,0
3057,CA-2017-131492,512,1344,16,1201,1,95,8.96,2,0.0,8.96,4.3008,0.4799999999999999,5,0
3058,CA-2017-131492,512,1043,16,1201,1,95,31.5,10,0.0,31.5,15.12,0.48,5,0
3059,CA-2017-131492,512,678,16,1201,1,95,30.56,2,0.0,30.56,10.3904,0.34,5,0
3060,CA-2017-131492,512,1480,16,1201,1,95,24.368,2,0.2,30.459999999999997,-3.3506,-0.1375,5,0
3061,CA-2016-144554,665,1234,78,397,2,56,119.976,3,0.2,149.97,22.4955,0.1875,5,0
3062,CA-2017-127621,682,795,449,470,2,177,26.88,8,0.2,33.599999999999994,9.744,0.3625,4,0
3063,CA-2015-145184,252,1481,155,240,3,286,83.97,3,0.0,83.97,23.5116,0.28,2,0
3064,CA-2015-145184,252,1482,155,240,3,286,104.97,3,0.0,104.97,7.3479,0.07,2,0
3065,CA-2017-106859,683,76,678,258,1,384,90.8,8,0.0,90.8,25.424,0.28,5,0
3066,CA-2017-106859,683,723,678,258,1,384,140.736,8,0.2,175.92,49.2576,0.35,5,0
3067,CA-2017-106859,683,1483,678,258,1,384,214.95,5,0.0,214.95,88.1295,0.41,5,0
3068,CA-2017-106859,683,1484,678,258,1,384,45.36,7,0.0,45.36,21.7728,0.48,5,0
3069,CA-2017-106859,683,1416,678,258,1,384,288.24,6,0.0,288.24,138.3552,0.48,5,0
3070,US-2017-120089,530,1471,330,330,4,214,663.936,4,0.2,829.92,82.992,0.125,0,0
3071,CA-2014-119375,290,1075,665,755,2,286,2934.33,7,0.0,2934.33,792.2691,0.27,5,0
3072,CA-2014-119375,290,1485,665,755,2,286,124.41,3,0.0,124.41,14.9292,0.12,5,0
3073,CA-2014-119375,290,685,665,755,2,286,57.75,5,0.0,57.75,26.565,0.46,5,0
3074,CA-2016-125206,236,1278,836,320,3,63,114.46,2,0.0,114.46,28.615,0.25,2,0
3075,CA-2015-126137,95,632,293,1050,2,4,120.666,2,0.15,141.96,18.4548,0.15294117647058822,5,0
3076,CA-2014-143903,455,385,837,1363,2,163,342.864,3,0.2,428.5799999999999,38.5722,0.11250000000000002,4,0
3077,CA-2014-143903,455,905,837,1363,2,163,16.74,5,0.6,41.849999999999994,-14.229,-0.85,4,1
3078,CA-2014-143903,455,484,837,1363,2,163,981.372,2,0.3,1401.96,-140.196,-0.14285714285714285,4,1
3079,CA-2014-104780,405,182,372,595,2,89,31.84,8,0.0,31.84,10.5072,0.32999999999999996,4,0
3080,CA-2017-101182,684,586,508,529,3,431,12.96,2,0.0,12.96,6.2208,0.4799999999999999,1,0
3081,CA-2017-101182,684,832,508,529,3,431,43.176,3,0.2,53.97,15.1116,0.35,1,0
3082,US-2017-132297,109,706,838,456,2,176,58.34,2,0.0,58.34,28.0032,0.48,6,0
3083,US-2017-132297,109,1401,838,456,2,176,539.97,3,0.0,539.97,134.9925,0.25,6,0
3084,CA-2014-100328,210,186,839,512,2,24,3.928,1,0.2,4.909999999999999,1.3257,0.3375,6,0
3085,CA-2017-118773,600,383,840,1303,2,33,252.784,4,0.8,1263.9200000000003,-417.0936,-1.65,5,1
3086,CA-2017-118773,600,658,840,1303,2,33,127.984,2,0.2,159.98,15.998,0.125,5,0
3087,CA-2017-118773,600,1468,840,1303,2,33,3.984,2,0.6,9.959999999999999,-2.6892,-0.675,5,1
3088,CA-2017-118773,600,792,840,1303,2,33,12.992,2,0.8,64.96000000000002,-32.48,-2.4999999999999996,5,1
3089,US-2017-159205,627,1123,186,460,1,1,61.0,5,0.0,61.0,25.62,0.42000000000000004,2,0
3090,US-2017-159205,627,1486,186,460,1,1,671.93,7,0.0,671.93,188.1404,0.28,2,0
3091,CA-2016-112123,4,670,841,388,2,286,447.86,7,0.0,447.86,219.4514,0.49,5,0
3092,CA-2016-112123,4,665,841,388,2,286,479.95,5,0.0,479.95,129.5865,0.27,5,0
3093,CA-2016-112123,4,1487,841,388,2,286,166.44,3,0.0,166.44,79.8912,0.48,5,0
3094,CA-2015-114468,144,559,842,842,4,432,31.68,4,0.2,39.599999999999994,2.772,0.0875,0,0
3095,CA-2015-114468,144,1146,842,842,4,432,10.368,2,0.2,12.959999999999999,3.6288,0.35,0,0
3096,CA-2015-114468,144,1015,842,842,4,432,12.032,8,0.2,15.04,2.256,0.18749999999999997,0,0
3097,CA-2015-114468,144,337,842,842,4,432,5.768,2,0.8,28.840000000000007,-13.5548,-2.35,0,1
3098,CA-2017-135692,52,323,843,928,2,7,33.12,4,0.2,41.39999999999999,11.592,0.35000000000000003,4,0
3099,CA-2017-135692,52,318,843,928,2,7,220.2656,4,0.32,323.92,-42.1096,-0.19117647058823528,4,1
3100,CA-2017-131233,395,1367,350,1364,2,24,10.776,3,0.2,13.469999999999999,3.5022,0.325,5,0
3101,CA-2017-131233,395,714,350,1364,2,24,242.352,3,0.2,302.94,9.0882,0.0375,5,0
3102,CA-2017-119578,685,414,67,754,1,260,695.16,6,0.0,695.16,34.758,0.05,5,0
3103,CA-2017-119578,685,1488,67,754,1,260,220.98,1,0.0,220.98,50.8254,0.23,5,0
3104,CA-2016-124562,656,1489,17,940,2,48,12.957,7,0.7,43.19,-9.5018,-0.7333333333333333,4,1
3105,US-2017-140074,686,1490,722,1066,2,24,25.68,6,0.0,25.68,11.556,0.44999999999999996,6,0
3106,CA-2016-103037,176,523,198,876,2,33,15.712,4,0.2,19.639999999999997,5.6956,0.3625,4,0
3107,CA-2017-127460,436,822,816,1164,2,174,298.464,6,0.2,373.08,26.1156,0.08750000000000001,4,0
3108,CA-2016-121671,5,1491,20,406,2,335,21.93,3,0.0,21.93,10.0878,0.45999999999999996,5,0
3109,CA-2016-121671,5,872,20,406,2,335,242.94,3,0.0,242.94,4.8588,0.019999999999999997,5,0
3110,CA-2016-121671,5,828,20,406,2,335,7.64,1,0.0,7.64,3.7436,0.49,5,0
3111,CA-2016-121671,5,549,20,406,2,335,51.84,8,0.0,51.84,25.4016,0.48999999999999994,5,0
3112,CA-2016-121671,5,1245,20,406,2,335,265.17,1,0.0,265.17,47.7306,0.18,5,0
3113,CA-2016-150350,475,1492,829,134,2,60,837.6,3,0.2,1047.0,62.82,0.075,7,0
3114,CA-2016-150350,475,114,829,134,2,60,135.9,5,0.0,135.9,63.873,0.47,7,0
3115,CA-2016-150350,475,1216,829,134,2,60,34.68,6,0.0,34.68,16.9932,0.49000000000000005,7,0
3116,CA-2016-150350,475,914,829,134,2,60,532.704,6,0.2,665.8799999999999,-39.9528,-0.07500000000000001,7,0
3117,CA-2016-150350,475,23,829,134,2,60,43.1,5,0.0,43.1,11.206,0.25999999999999995,7,0
3118,CA-2016-150350,475,169,829,134,2,60,15.88,4,0.0,15.88,0.1588,0.009999999999999998,7,0
3119,CA-2015-121720,532,300,833,822,3,153,1123.92,5,0.2,1404.9,-182.637,-0.16249999999999998,1,0
3120,CA-2015-121720,532,496,833,822,3,153,249.584,2,0.2,311.97999999999996,31.198,0.125,1,0
3121,CA-2015-121720,532,1493,833,822,3,153,48.672,3,0.2,60.839999999999996,7.3008,0.15,1,0
3122,CA-2015-121720,532,109,833,822,3,153,60.768,2,0.2,75.96,7.596,0.125,1,0
3123,CA-2015-121720,532,271,833,822,3,153,78.6,5,0.7,261.99999999999994,-62.88,-0.8,1,1
3124,CA-2015-121720,532,1376,833,822,3,153,3.768,2,0.7,12.559999999999997,-3.14,-0.8333333333333334,1,1
3125,CA-2015-121720,532,487,833,822,3,153,1036.624,2,0.2,1295.78,51.8312,0.05,1,0
3126,CA-2015-121720,532,719,833,822,3,153,563.808,4,0.2,704.76,21.1428,0.037500000000000006,1,0
3127,CA-2017-149895,687,884,566,511,2,64,258.528,2,0.4,430.88000000000005,-47.3968,-0.18333333333333332,4,1
3128,CA-2017-147564,670,1494,281,834,2,165,49.12,4,0.0,49.12,23.0864,0.47000000000000003,4,0
3129,CA-2014-136399,386,643,758,507,3,14,44.46,2,0.0,44.46,14.6718,0.32999999999999996,1,0
3130,CA-2014-136399,386,292,758,507,3,14,241.568,2,0.2,301.96,18.1176,0.075,1,0
3131,CA-2014-136399,386,553,758,507,3,14,395.0,5,0.0,395.0,39.5,0.1,1,0
3132,CA-2014-136399,386,35,758,507,3,14,627.168,4,0.2,783.9599999999999,70.5564,0.11249999999999999,1,0
3133,CA-2014-107916,688,1495,830,87,3,188,13.28,2,0.0,13.28,6.3744,0.48,2,0
3134,CA-2014-107916,688,1086,830,87,3,188,12.672,3,0.2,15.84,4.4352,0.35,2,0
3135,CA-2017-164168,61,998,106,552,2,177,30.56,5,0.8,152.80000000000004,-45.84,-1.5000000000000002,6,1
3136,CA-2017-164168,61,572,106,552,2,177,77.952,3,0.2,97.44,-15.5904,-0.2,6,0
3137,CA-2017-164168,61,1496,106,552,2,177,67.992,1,0.2,84.99,8.499,0.125,6,0
3138,CA-2017-164168,61,589,106,552,2,177,12.224,2,0.2,15.28,4.4312,0.36249999999999993,6,0
3139,CA-2017-164168,61,1131,106,552,2,177,44.784,2,0.2,55.98,-0.5598,-0.012499999999999999,6,0
3140,CA-2017-164168,61,286,106,552,2,177,22.848,3,0.6,57.12,-17.7072,-0.775,6,1
3141,CA-2015-112557,140,15,335,153,3,46,206.43,3,0.0,206.43,90.8292,0.44,3,0
3142,US-2014-122959,389,116,433,433,4,66,210.392,2,0.8,1051.9600000000003,-336.6272,-1.6,0,1
3143,CA-2017-162572,182,247,146,1292,1,94,119.96,5,0.2,149.95,35.988,0.3,2,0
3144,CA-2017-162572,182,148,146,1292,1,94,10.608,6,0.2,13.26,0.9282,0.0875,2,0
3145,US-2016-148110,256,475,65,109,2,111,347.802,7,0.3,496.86000000000007,-24.843,-0.07142857142857142,6,1
3146,CA-2017-131828,689,1497,513,779,1,60,963.136,4,0.2,1203.9199999999998,108.3528,0.1125,2,0
3147,CA-2017-131828,689,688,513,779,1,60,88.776,3,0.2,110.96999999999998,7.7679,0.08750000000000001,2,0
3148,CA-2014-109218,256,314,480,1365,1,26,32.4,5,0.0,32.4,10.368,0.32,3,0
3149,CA-2016-120558,280,491,844,225,3,46,32.4,5,0.0,32.4,15.552,0.48,3,0
3150,US-2014-109036,169,255,415,1262,2,6,31.05,3,0.0,31.05,14.904,0.48,5,0
3151,CA-2015-147830,174,696,84,218,3,56,2025.36,6,0.2,2531.7,607.608,0.3,3,0
3152,CA-2015-147830,174,1498,84,218,3,56,1799.994,2,0.7,5999.979999999999,-2639.9912,-1.4666666666666668,3,1
3153,CA-2015-147830,174,1496,84,218,3,56,101.988,2,0.4,169.98000000000002,-16.998,-0.16666666666666669,3,1
3154,CA-2015-147830,174,268,84,218,3,56,262.864,7,0.2,328.5799999999999,69.0018,0.2625,3,0
3155,CA-2017-150497,417,1499,229,1139,2,433,735.98,2,0.0,735.98,331.191,0.44999999999999996,4,0
3156,CA-2014-128986,690,969,94,80,1,277,93.024,3,0.2,116.28,33.7212,0.36250000000000004,2,0
3157,CA-2015-139584,614,11,253,835,2,30,284.364,2,0.4,473.94,-75.8304,-0.26666666666666666,4,1
3158,CA-2015-139584,614,198,253,835,2,30,26.0,2,0.0,26.0,11.7,0.44999999999999996,4,0
3159,US-2016-162677,204,1037,254,1197,3,223,67.64,5,0.2,84.55,5.9185,0.0875,1,0
3160,US-2016-162677,204,960,254,1197,3,223,119.976,3,0.2,149.97,-17.9964,-0.15000000000000002,1,0
3161,US-2014-150924,691,1500,172,1102,1,33,5.18,5,0.8,25.900000000000006,-8.029,-1.55,4,1
3162,CA-2014-153969,521,838,159,795,2,10,15.56,2,0.0,15.56,7.3132,0.47,4,0
3163,CA-2014-153969,521,1359,159,795,2,10,78.35,5,0.0,78.35,36.8245,0.47000000000000003,4,0
3164,CA-2014-153969,521,1501,159,795,2,10,59.52,3,0.0,59.52,15.4752,0.25999999999999995,4,0
3165,CA-2014-153969,521,1451,159,795,2,10,38.52,9,0.0,38.52,17.334,0.44999999999999996,4,0
3166,CA-2014-153969,521,1502,159,795,2,10,239.984,2,0.2,299.98,23.9984,0.09999999999999999,4,0
3167,CA-2014-153969,521,1409,159,795,2,10,19.35,3,0.0,19.35,9.4815,0.49,4,0
3168,CA-2016-146682,148,279,518,732,3,243,67.0,5,0.0,67.0,32.16,0.4799999999999999,2,0
3169,CA-2016-138695,170,1226,317,1235,2,395,390.272,8,0.2,487.84,-24.392,-0.0625,6,0
3170,CA-2016-138695,170,458,317,1235,2,395,62.192,13,0.2,77.74,19.435,0.3125,6,0
3171,CA-2017-107461,8,1407,203,378,1,38,23.88,6,0.0,23.88,11.2236,0.47,5,0
3172,US-2016-133879,447,742,845,464,2,37,3.168,2,0.8,15.840000000000003,-4.752,-1.4999999999999998,7,1
3173,US-2016-133879,447,663,845,464,2,37,528.43,5,0.3,754.9,0.0,0.0,7,1
3174,US-2016-133879,447,1261,845,464,2,37,13.392,3,0.2,16.74,1.5066,0.1125,7,0
3175,CA-2017-157483,213,1503,344,552,2,84,181.86,7,0.0,181.86,50.9208,0.27999999999999997,7,0
3176,US-2017-132059,276,790,398,366,2,377,180.588,2,0.7,601.9599999999999,-240.784,-1.3333333333333333,6,1
3177,US-2017-132059,276,1049,398,366,2,377,47.984,2,0.2,59.98,0.5998,0.012499999999999999,6,0
3178,CA-2017-122280,130,946,19,19,4,24,18.76,2,0.0,18.76,9.0048,0.4799999999999999,0,0
3179,CA-2017-105235,417,6,257,158,2,165,20.94,3,0.0,20.94,6.0726,0.29,6,0
3180,CA-2017-105235,417,139,257,158,2,165,58.68,2,0.0,58.68,18.1908,0.31,6,0
3181,CA-2017-105235,417,474,257,158,2,165,254.9,5,0.0,254.9,68.823,0.26999999999999996,6,0
3182,CA-2017-152912,313,545,46,106,1,210,9.64,2,0.0,9.64,4.4344,0.45999999999999996,3,0
3183,CA-2017-152912,313,718,46,106,1,210,826.62,3,0.0,826.62,355.4466,0.43,3,0
3184,CA-2017-152912,313,246,46,106,1,210,1633.14,9,0.0,1633.14,473.6106,0.29,3,0
3185,CA-2017-152912,313,246,46,106,1,210,544.38,3,0.0,544.38,157.8702,0.29000000000000004,3,0
3186,CA-2014-123498,569,1312,846,188,3,17,26.046,3,0.8,130.23000000000002,-44.2782,-1.7,2,1
3187,CA-2014-123498,569,1504,846,188,3,17,74.352,3,0.2,92.94,26.9526,0.3625,2,0
3188,CA-2017-159352,11,858,847,295,2,112,69.93,7,0.0,69.93,32.1678,0.45999999999999996,5,0
3189,US-2017-146416,69,1172,180,761,1,434,3.75,1,0.0,3.75,1.8,0.48000000000000004,2,0
3190,US-2017-146416,69,1505,180,761,1,434,20.928,4,0.2,26.16,7.5864,0.3625,2,0
3191,US-2015-163783,661,1506,18,1366,2,27,12.672,3,0.2,15.84,-3.168,-0.25,5,0
3192,CA-2017-123981,339,804,281,1049,2,46,65.99,1,0.0,65.99,17.1574,0.26,6,0
3193,CA-2017-158953,615,249,401,111,2,435,6.37,7,0.8,31.85000000000001,-9.555,-1.5,4,1
3194,CA-2014-165428,692,526,417,1367,3,67,3.648,3,0.8,18.240000000000006,-6.0192,-1.65,3,1
3195,CA-2014-165428,692,261,417,1367,3,67,31.104,6,0.2,38.879999999999995,10.8864,0.35000000000000003,3,0
3196,CA-2016-169026,476,1507,591,573,2,130,23.34,3,0.0,23.34,0.2334,0.01,5,0
3197,CA-2017-109750,93,313,848,689,2,30,29.97,3,0.0,29.97,14.0859,0.47000000000000003,6,0
3198,CA-2015-149384,14,1391,849,849,4,287,3.366,3,0.7,11.219999999999999,-2.244,-0.6666666666666667,0,1
3199,CA-2014-131527,510,1508,589,1036,2,223,95.968,4,0.2,119.96,9.5968,0.09999999999999999,6,0
3200,CA-2017-164000,693,1413,405,67,2,64,18.704,7,0.2,23.38,2.338,0.125,4,0
3201,CA-2014-164224,75,1293,599,672,1,76,149.232,3,0.2,186.54,3.7308,0.024999999999999998,2,0
3202,CA-2014-164224,75,1051,599,672,1,76,15.936,4,0.2,19.919999999999998,5.7768,0.3625,2,0
3203,CA-2014-158372,77,540,850,913,2,89,601.536,8,0.2,751.9199999999998,60.1536,0.1,6,0
3204,CA-2014-158372,77,917,850,913,2,89,10.99,1,0.0,10.99,4.2861,0.39,6,0
3205,CA-2014-158372,77,64,850,913,2,89,39.88,2,0.0,39.88,11.1664,0.27999999999999997,6,0
3206,CA-2014-158372,77,566,850,913,2,89,62.24,8,0.0,62.24,28.008,0.44999999999999996,6,0
3207,CA-2014-158372,77,883,850,913,2,89,53.2,5,0.0,53.2,14.896,0.28,6,0
3208,CA-2014-158372,77,1509,850,913,2,89,39.84,8,0.0,39.84,18.3264,0.45999999999999996,6,0
3209,CA-2016-108882,157,1510,851,805,2,254,349.95,5,0.0,349.95,118.983,0.34,6,0
3210,CA-2016-108882,157,67,851,805,2,254,377.928,9,0.2,472.40999999999997,141.723,0.37500000000000006,6,0
3211,US-2017-108245,65,408,586,1292,2,436,13.392,3,0.2,16.74,5.022,0.37500000000000006,5,0
3212,US-2017-108245,65,386,586,1292,2,436,11.228,7,0.8,56.140000000000015,-18.5262,-1.65,5,1
3213,CA-2014-142314,228,552,852,130,2,239,207.24,11,0.0,207.24,58.0272,0.27999999999999997,5,0
3214,CA-2016-132409,261,869,440,1265,2,64,1.504,1,0.2,1.88,0.1692,0.11249999999999999,6,0
3215,CA-2016-132409,261,1113,440,1265,2,64,34.848,2,0.2,43.559999999999995,6.534,0.1875,6,0
3216,CA-2017-150189,365,50,142,816,3,437,75.18,6,0.0,75.18,35.3346,0.47,2,0
3217,CA-2014-114433,269,1234,9,827,2,233,149.97,3,0.0,149.97,52.4895,0.35,4,0
3218,CA-2017-104640,396,761,469,674,2,24,931.176,3,0.2,1163.97,314.2719,0.3375,6,0
3219,CA-2017-104640,396,884,469,674,2,24,430.88,2,0.0,430.88,124.9552,0.29000000000000004,6,0
3220,US-2015-137008,688,1238,654,1050,2,101,94.85,5,0.0,94.85,45.528,0.48000000000000004,6,0
3221,US-2015-137008,688,119,654,1050,2,101,51.12,4,0.0,51.12,23.004,0.45000000000000007,6,0
3222,US-2015-137008,688,294,654,1050,2,101,90.0,1,0.0,90.0,32.4,0.36,6,0
3223,CA-2014-108189,21,1018,853,1083,3,287,9.408,2,0.2,11.759999999999998,3.4104,0.36250000000000004,3,0
3224,CA-2014-108189,21,849,853,1083,3,287,4.672,2,0.2,5.839999999999999,1.46,0.3125,3,0
3225,CA-2014-108189,21,257,853,1083,3,287,318.4,2,0.2,397.99999999999994,107.46,0.3375,3,0
3226,CA-2014-108189,21,1511,853,1083,3,287,12.768,6,0.2,15.96,4.6284,0.3625,3,0
3227,CA-2014-108189,21,1512,853,1083,3,287,15.36,2,0.2,19.2,-3.264,-0.2125,3,0
3228,CA-2014-108189,21,665,853,1083,3,287,230.376,3,0.2,287.96999999999997,20.1579,0.08750000000000001,3,0
3229,CA-2014-108189,21,1045,853,1083,3,287,7.16,1,0.2,8.95,-0.0895,-0.012499999999999999,3,0
3230,CA-2014-154641,108,459,431,560,2,46,375.34,1,0.0,375.34,18.767,0.05,5,0
3231,CA-2017-131625,203,936,854,529,1,30,114.9,5,0.0,114.9,39.066,0.34,4,0
3232,US-2017-156356,445,1312,514,301,2,15,26.046,3,0.8,130.23000000000002,-44.2782,-1.7,6,1
3233,US-2017-156356,445,498,514,301,2,15,2.896,1,0.8,14.480000000000002,-4.7784,-1.6500000000000001,6,1
3234,US-2017-156356,445,1513,514,301,2,15,32.544,2,0.2,40.67999999999999,-7.7292,-0.23750000000000002,6,0
3235,CA-2016-138933,692,592,424,1254,3,216,3.984,1,0.2,4.9799999999999995,1.3944,0.35000000000000003,3,0
3236,CA-2016-140746,117,258,805,805,4,70,181.797,1,0.3,259.71000000000004,-15.5826,-0.08571428571428572,0,1
3237,CA-2016-146836,694,356,441,441,4,24,44.94,3,0.0,44.94,12.5832,0.28,0,0
3238,CA-2016-146836,694,413,441,441,4,24,45.576,3,0.2,56.97,15.9516,0.35,0,0
3239,US-2016-127971,695,1210,74,582,2,15,318.43,5,0.3,454.90000000000003,-77.333,-0.24285714285714285,7,1
3240,US-2016-127971,695,1514,74,582,2,15,122.92,7,0.2,153.65,46.095,0.375,7,0
3241,US-2016-127971,695,326,74,582,2,15,7.068,3,0.6,17.669999999999998,-2.8272,-0.4,7,1
3242,US-2016-140809,317,1012,855,1067,3,102,56.45,5,0.0,56.45,14.677,0.25999999999999995,2,0
3243,CA-2017-114524,284,1473,186,1335,1,37,13.468,13,0.8,67.34000000000002,-22.8956,-1.7000000000000002,5,1
3244,CA-2017-113355,696,1515,97,257,2,71,219.8,5,0.2,274.75,24.7275,0.11249999999999999,4,0
3245,CA-2017-113355,696,292,97,257,2,71,317.058,3,0.3,452.94,-18.1176,-0.05714285714285714,4,1
3246,US-2017-140907,131,961,390,1260,1,6,49.08,3,0.0,49.08,4.908,0.1,2,0
3247,US-2017-140907,131,392,390,1260,1,6,324.9,5,0.0,324.9,38.988,0.12000000000000001,2,0
3248,US-2017-140907,131,1516,390,1260,1,6,18.24,3,0.0,18.24,5.2896,0.29000000000000004,2,0
3249,CA-2016-159730,320,1460,43,1332,2,6,113.888,2,0.2,142.35999999999999,9.9652,0.0875,4,0
3250,CA-2016-159730,320,666,43,1332,2,6,105.584,2,0.2,131.98,7.9188,0.075,4,0
3251,CA-2016-157868,566,1054,444,724,2,438,24.85,7,0.0,24.85,11.6795,0.47000000000000003,6,0
3252,CA-2017-119389,697,1002,828,1364,3,75,60.312,3,0.2,75.38999999999999,5.2773,0.08750000000000001,2,0
3253,CA-2017-110373,16,426,856,506,1,27,7.056,3,0.2,8.82,2.205,0.3125,3,0
3254,CA-2017-110373,16,1260,856,506,1,27,27.184,2,0.2,33.98,2.0388,0.075,3,0
3255,CA-2016-155474,418,234,631,217,2,60,107.984,1,0.2,134.98,9.4486,0.08750000000000001,6,0
3256,CA-2016-155474,418,1233,631,217,2,60,19.296,3,0.2,24.119999999999997,6.03,0.3125,6,0
3257,CA-2015-155453,20,746,102,1368,2,134,4.608,2,0.2,5.759999999999999,1.6704,0.36250000000000004,5,0
3258,US-2016-161844,461,973,11,883,1,79,79.974,3,0.4,133.29000000000002,-29.3238,-0.36666666666666664,5,1
3259,US-2016-161844,461,697,11,883,1,79,2.946,2,0.7,9.819999999999999,-2.0622,-0.6999999999999998,5,1
3260,US-2016-162103,698,461,374,1020,2,419,3.136,2,0.8,15.680000000000003,-4.704,-1.4999999999999998,4,1
3261,CA-2014-151554,699,1517,688,648,3,90,20.736,4,0.2,25.919999999999998,7.2576,0.35,1,0
3262,CA-2014-140662,132,960,665,85,3,10,99.98,2,0.0,99.98,7.9984,0.08,2,0
3263,CA-2014-140662,132,657,665,85,3,10,733.95,7,0.0,733.95,352.296,0.48,2,0
3264,CA-2014-140662,132,1430,665,85,3,10,241.44,3,0.0,241.44,72.432,0.3,2,0
3265,CA-2016-122518,576,1043,759,388,1,124,10.08,4,0.2,12.6,3.528,0.35,4,0
3266,US-2014-126571,536,719,857,772,2,75,281.904,2,0.2,352.38,10.5714,0.037500000000000006,4,0
3267,US-2014-126571,536,557,857,772,2,75,201.432,3,0.2,251.78999999999996,67.9833,0.3375,4,0
3268,CA-2014-143840,700,705,858,1323,2,34,135.98,2,0.0,135.98,33.995,0.25,7,0
3269,CA-2014-143840,700,1518,858,1323,2,34,44.95,1,0.0,44.95,12.586,0.27999999999999997,7,0
3270,CA-2014-115980,101,1426,859,867,2,376,2.97,3,0.0,2.97,1.3068,0.43999999999999995,4,0
3271,CA-2014-115980,101,53,859,867,2,376,6.54,3,0.0,6.54,2.6814,0.41,4,0
3272,CA-2015-155145,635,1426,18,1233,1,439,7.92,8,0.0,7.92,3.4848,0.44,2,0
3273,CA-2015-146038,696,24,98,1131,2,14,203.92,5,0.2,254.89999999999998,22.941,0.1125,7,0
3274,CA-2017-133865,391,891,541,606,2,4,3359.952,6,0.2,4199.94,1049.985,0.31249999999999994,4,0
3275,CA-2017-116358,367,830,809,45,2,440,18.24,3,0.0,18.24,9.12,0.5,4,0
3276,CA-2017-116358,367,183,809,45,2,440,27.78,6,0.0,27.78,9.1674,0.33,4,0
3277,CA-2014-102988,621,347,268,1306,1,213,22.96,7,0.0,22.96,7.5768,0.33,4,0
3278,CA-2014-102988,621,1130,268,1306,1,213,28.99,1,0.0,28.99,8.4071,0.29000000000000004,4,0
3279,CA-2014-102988,621,220,268,1306,1,213,12.96,2,0.0,12.96,6.3504,0.48999999999999994,4,0
3280,CA-2014-102988,621,1211,268,1306,1,213,22.96,7,0.0,22.96,6.6584,0.29,4,0
3281,CA-2014-102988,621,466,268,1306,1,213,4164.05,5,0.0,4164.05,83.281,0.02,4,0
3282,US-2014-117170,447,1017,329,147,2,315,47.984,2,0.2,59.98,13.1956,0.275,7,0
3283,US-2014-117170,447,875,329,147,2,315,4.624,1,0.2,5.779999999999999,1.6762,0.3625,7,0
3284,CA-2014-159478,187,535,588,192,2,46,15.24,3,0.0,15.24,5.1816,0.34,6,0
3285,CA-2014-103702,315,472,172,329,2,324,63.924,7,0.7,213.07999999999996,-46.8776,-0.7333333333333334,5,1
3286,CA-2017-150525,656,837,298,907,2,316,6.56,2,0.0,6.56,1.9024,0.29000000000000004,5,0
3287,CA-2017-150525,656,1519,298,907,2,316,13.11,3,0.0,13.11,3.4086,0.26,5,0
3288,CA-2015-157770,362,639,351,84,3,441,494.376,3,0.2,617.9699999999999,49.4376,0.1,2,0
3289,CA-2015-157770,362,348,351,84,3,441,29.2,5,0.2,36.5,9.855,0.3375,2,0
3290,CA-2015-157770,362,101,351,84,3,441,248.85,5,0.0,248.85,27.3735,0.11,2,0
3291,CA-2015-157770,362,1520,351,84,3,441,36.24,1,0.0,36.24,15.2208,0.42,2,0
3292,CA-2016-167290,640,513,860,255,2,424,11.68,2,0.0,11.68,3.504,0.3,5,0
3293,CA-2014-106264,243,169,59,126,2,143,11.91,3,0.0,11.91,0.1191,0.01,4,0
3294,CA-2014-106264,243,853,59,126,2,143,3.48,2,0.0,3.48,1.1136,0.32,4,0
3295,CA-2014-138023,169,613,861,1369,3,177,30.96,8,0.8,154.80000000000004,-52.632,-1.7,3,1
3296,CA-2017-113418,476,1521,173,622,3,46,1704.89,11,0.0,1704.89,767.2005,0.45,2,0
3297,US-2015-110569,13,625,294,1052,2,52,19.194,7,0.7,63.97999999999999,-12.796,-0.6666666666666666,7,1
3298,US-2015-110569,13,514,294,1052,2,52,121.792,4,0.2,152.23999999999998,13.7016,0.11249999999999999,7,0
3299,CA-2017-136308,361,1151,674,674,4,35,1919.976,3,0.2,2399.97,215.9973,0.11249999999999999,0,0
3300,US-2014-159926,230,14,729,755,2,12,50.997,1,0.7,169.98999999999998,-40.7976,-0.8,4,1
3301,US-2014-159926,230,83,729,755,2,12,76.792,1,0.2,95.99,-16.3183,-0.2125,4,0
3302,US-2014-159926,230,1522,729,755,2,12,539.964,6,0.4,899.9400000000002,-107.9928,-0.19999999999999998,4,1
3303,US-2014-159926,230,1002,729,755,2,12,60.312,3,0.2,75.38999999999999,5.2773,0.08750000000000001,4,0
3304,US-2014-159926,230,871,729,755,2,12,1.944,3,0.7,6.479999999999999,-1.4256,-0.7333333333333334,4,1
3305,CA-2014-104738,408,898,126,1370,1,162,12.984,3,0.2,16.23,4.7067,0.3625,2,0
3306,CA-2014-104738,408,1237,126,1370,1,162,217.584,2,0.2,271.97999999999996,19.0386,0.0875,2,0
3307,CA-2014-104738,408,820,126,1370,1,162,328.776,3,0.2,410.96999999999997,28.7679,0.0875,2,0
3308,CA-2014-104738,408,316,126,1370,1,162,2.286,3,0.8,11.430000000000003,-3.6576,-1.5999999999999999,2,1
3309,CA-2014-104738,408,247,126,1370,1,162,47.984,2,0.2,59.98,14.3952,0.3,2,0
3310,CA-2015-144386,266,1086,600,1216,2,30,25.344,6,0.2,31.68,8.8704,0.35,6,0
3311,CA-2016-111416,561,921,43,898,2,46,232.4,5,0.2,290.5,78.435,0.3375,5,0
3312,CA-2016-162747,693,894,232,870,1,253,86.45,7,0.0,86.45,38.038,0.43999999999999995,5,0
3313,US-2014-133130,514,292,128,1202,2,89,603.92,5,0.2,754.8999999999999,45.294,0.075,4,0
3314,US-2014-133130,514,1128,128,1202,2,89,81.98,2,0.0,81.98,40.1702,0.49,4,0
3315,CA-2017-169978,644,292,166,117,2,188,271.764,2,0.1,301.96,48.3136,0.17777777777777778,4,0
3316,CA-2017-169978,644,1121,166,117,2,188,14.376,3,0.2,17.97,4.8519,0.33749999999999997,4,0
3317,CA-2017-161739,495,1305,469,941,1,218,341.96,5,0.6,854.8999999999999,-427.45,-1.25,5,1
3318,CA-2015-165057,57,627,862,427,2,72,181.35,9,0.0,181.35,48.9645,0.27,4,0
3319,CA-2015-165057,57,1187,862,427,2,72,8.64,3,0.0,8.64,4.2336,0.49,4,0
3320,CA-2014-134551,701,1038,415,1262,2,85,43.512,7,0.2,54.39,3.8073,0.08750000000000001,5,0
3321,CA-2014-134551,701,158,415,1262,2,85,662.88,3,0.2,828.5999999999999,74.574,0.1125,5,0
3322,CA-2014-134551,701,1077,415,1262,2,85,25.92,5,0.2,32.4,9.072,0.3499999999999999,5,0
3323,CA-2015-120810,275,10,863,1098,2,30,68.94,3,0.0,68.94,20.682,0.3,4,0
3324,CA-2015-120810,275,593,863,1098,2,30,128.82,3,0.0,128.82,50.2398,0.39,4,0
3325,CA-2014-165309,31,1177,8,648,2,15,896.99,5,0.8,4484.950000000001,-1480.0335,-1.65,4,1
3326,CA-2014-165309,31,1489,8,648,2,15,1.234,1,0.8,6.170000000000002,-1.9744,-1.5999999999999999,4,1
3327,CA-2014-165309,31,1474,8,648,2,15,67.56,3,0.2,84.45,6.756,0.1,4,0
3328,CA-2014-165309,31,363,8,648,2,15,21.72,5,0.2,27.15,7.8735,0.3625,4,0
3329,CA-2014-165309,31,1523,8,648,2,15,262.336,8,0.2,327.92,95.0968,0.3625,4,0
3330,CA-2014-165309,31,919,8,648,2,15,148.48,2,0.2,185.59999999999997,16.704,0.11250000000000002,4,0
3331,CA-2014-165309,31,1162,8,648,2,15,241.176,3,0.2,301.46999999999997,15.0735,0.0625,4,0
3332,CA-2017-122595,40,1524,818,699,2,156,227.976,3,0.2,284.96999999999997,28.497,0.125,6,0
3333,CA-2017-122595,40,1514,818,699,2,156,52.68,3,0.2,65.85,19.755,0.375,6,0
3334,CA-2017-122595,40,1525,818,699,2,156,2.032,1,0.6,5.08,-1.3208,-0.65,6,1
3335,US-2017-109253,702,787,171,1030,3,233,17.12,4,0.0,17.12,4.9648,0.29,1,0
3336,US-2017-109253,702,525,171,1030,3,233,431.968,4,0.2,539.96,37.7972,0.0875,1,0
3337,US-2017-109253,702,1526,171,1030,3,233,129.92,4,0.0,129.92,10.3936,0.08,1,0
3338,US-2017-109253,702,11,171,1030,3,233,568.728,3,0.2,710.9099999999999,28.4364,0.05,1,0
3339,US-2017-109253,702,1527,171,1030,3,233,117.144,9,0.2,146.43,42.4647,0.3625,1,0
3340,US-2017-109253,702,1528,171,1030,3,233,203.52,3,0.0,203.52,54.9504,0.27,1,0
3341,US-2017-109253,702,323,171,1030,3,233,51.75,5,0.0,51.75,24.84,0.48,1,0
3342,CA-2016-145982,27,1128,279,143,1,360,122.97,3,0.0,122.97,60.2553,0.49,5,0
3343,CA-2016-145982,27,1111,279,143,1,360,244.615,1,0.3,349.45000000000005,20.967,0.0857142857142857,5,1
3344,CA-2016-145982,27,223,279,143,1,360,59.97,3,0.0,59.97,28.7856,0.48,5,0
3345,CA-2016-145982,27,188,279,143,1,360,81.54,9,0.0,81.54,36.693,0.44999999999999996,5,0
3346,CA-2016-145982,27,849,279,143,1,360,11.68,4,0.0,11.68,5.256,0.45,5,0
3347,CA-2016-145982,27,1459,279,143,1,360,29.0,5,0.0,29.0,13.92,0.48,5,0
3348,CA-2015-112014,22,401,864,1371,2,442,50.8,5,0.0,50.8,13.208,0.26,7,0
3349,CA-2017-154732,125,28,61,660,3,37,16.03,5,0.8,80.15000000000002,-25.648,-1.5999999999999999,2,1
3350,US-2016-157308,393,697,865,1037,2,60,15.712,4,0.2,19.639999999999997,5.6956,0.3625,4,0
3351,CA-2016-147536,240,1049,483,414,2,24,89.97,3,0.0,89.97,18.8937,0.21,5,0
3352,US-2014-134733,313,1529,866,451,2,89,435.999,3,0.15,512.94,20.5176,0.047058823529411764,5,0
3353,US-2014-134733,313,67,866,451,2,89,83.984,2,0.2,104.97999999999999,31.494,0.375,5,0
3354,US-2014-150434,120,1150,867,1363,2,320,359.98,2,0.0,359.98,93.5948,0.26,5,0
3355,US-2014-150434,120,1530,867,1363,2,320,70.56,1,0.3,100.80000000000001,-4.032,-0.05714285714285714,5,1
3356,US-2014-150434,120,865,867,1363,2,320,20.88,2,0.0,20.88,9.6048,0.45999999999999996,5,0
3357,US-2014-150434,120,316,867,1363,2,320,3.81,1,0.0,3.81,1.8288,0.48,5,0
3358,CA-2017-100335,377,886,211,1169,2,27,73.008,9,0.2,91.25999999999999,26.4654,0.3625,6,0
3359,CA-2016-139234,579,386,716,1121,2,27,3.208,2,0.8,16.040000000000006,-5.2932,-1.65,4,1
3360,CA-2016-139234,579,961,716,1121,2,27,26.176,2,0.2,32.72,-3.272,-0.125,4,0
3361,US-2015-142020,427,230,594,1214,1,24,30.44,4,0.0,30.44,14.3068,0.47000000000000003,4,0
3362,US-2015-142020,427,1531,594,1214,1,24,35.28,3,0.0,35.28,11.9952,0.34,4,0
3363,CA-2015-139962,657,499,351,140,2,443,19.44,3,0.0,19.44,9.3312,0.48000000000000004,7,0
3364,CA-2015-139962,657,93,351,140,2,443,37.88,2,0.0,37.88,18.94,0.5,7,0
3365,CA-2016-130050,467,741,88,428,1,67,9.552,3,0.6,23.88,-3.8208,-0.4,2,1
3366,CA-2014-115161,703,1107,868,564,3,169,290.666,2,0.15,341.96,3.4196,0.011764705882352941,2,0
3367,CA-2014-165379,313,935,869,859,2,163,10.368,2,0.2,12.959999999999999,3.6288,0.35,6,0
3368,CA-2014-165379,313,1358,869,859,2,163,14.352,3,0.2,17.939999999999998,4.485,0.3125,6,0
3369,CA-2015-115511,509,1532,83,666,2,122,141.96,2,0.0,141.96,41.1684,0.29,4,0
3370,CA-2015-115511,509,341,83,666,2,122,66.048,4,0.2,82.56,23.1168,0.35000000000000003,4,0
3371,CA-2016-134887,510,218,870,870,4,137,1287.45,5,0.0,1287.45,244.6155,0.19,0,0
3372,CA-2017-123778,95,974,398,1034,2,35,25.824,6,0.2,32.28,9.0384,0.35,7,0
3373,CA-2017-123778,95,1430,398,1034,2,35,160.96,2,0.0,160.96,48.288,0.3,7,0
3374,CA-2015-161718,3,1463,785,896,2,420,28.44,3,0.0,28.44,11.376,0.39999999999999997,6,0
3375,CA-2015-161718,3,395,785,896,2,420,364.41,5,0.1,404.90000000000003,8.098,0.022222222222222223,6,0
3376,CA-2015-161718,3,434,785,896,2,420,39.96,4,0.0,39.96,10.3896,0.26,6,0
3377,CA-2015-161718,3,229,785,896,2,420,361.764,2,0.1,401.96,68.3332,0.18888888888888888,6,0
3378,CA-2016-100671,704,1019,475,255,3,444,111.672,9,0.2,139.58999999999997,6.9795,0.0625,3,0
3379,CA-2017-142867,179,1427,295,709,2,15,13.776,6,0.8,68.88000000000001,-22.0416,-1.5999999999999999,4,1
3380,CA-2017-142867,179,1533,295,709,2,15,10.272,3,0.2,12.84,3.21,0.3125,4,0
3381,CA-2017-103156,144,1534,52,222,3,75,24.048,9,0.2,30.059999999999995,7.2144,0.30000000000000004,1,0
3382,US-2017-162208,408,136,152,1319,3,86,2.896,1,0.2,3.6199999999999997,0.9774,0.3375,3,0
3383,CA-2015-130659,334,1304,785,365,1,46,17.94,3,0.0,17.94,8.7906,0.48999999999999994,5,0
3384,CA-2015-130659,334,1535,785,365,1,46,384.174,7,0.1,426.85999999999996,29.8802,0.07777777777777778,5,0
3385,CA-2015-130659,334,908,785,365,1,46,1799.75,5,0.0,1799.75,539.925,0.3,5,0
3386,CA-2017-148404,657,246,567,1345,2,44,580.672,4,0.2,725.84,65.3256,0.11249999999999999,4,0
3387,CA-2017-148404,657,551,567,1345,2,44,18.936,3,0.2,23.669999999999998,5.9175,0.3125,4,0
3388,CA-2017-148404,657,873,567,1345,2,44,222.384,2,0.2,277.97999999999996,16.6788,0.075,4,0
3389,CA-2017-148404,657,913,567,1345,2,44,50.454,6,0.7,168.17999999999998,-33.636,-0.6666666666666667,4,1
3390,CA-2017-148404,657,978,567,1345,2,44,154.764,3,0.4,257.94000000000005,-36.1116,-0.23333333333333334,4,1
3391,CA-2017-101077,552,1434,614,984,1,177,6.848,2,0.2,8.559999999999999,2.14,0.3125,5,0
3392,CA-2014-166471,378,639,129,1372,2,6,1091.168,4,0.2,1363.9599999999998,68.198,0.0625,4,0
3393,CA-2014-166471,378,1076,129,1372,2,6,219.168,2,0.2,273.96,-43.8336,-0.19999999999999998,4,0
3394,CA-2014-105340,700,1003,755,642,3,90,6.928,1,0.8,34.64000000000001,-11.0848,-1.5999999999999999,3,1
3395,US-2017-131583,489,1306,194,194,4,106,40.032,6,0.2,50.03999999999999,15.012,0.37500000000000006,0,0
3396,US-2017-148362,581,1440,871,142,2,305,443.92,4,0.0,443.92,13.3176,0.03,7,0
3397,US-2017-148362,581,14,871,142,2,305,169.99,1,0.0,169.99,78.1954,0.46,7,0
3398,US-2017-148362,581,491,871,142,2,305,25.92,4,0.0,25.92,12.4416,0.4799999999999999,7,0
3399,CA-2014-102274,705,688,872,36,2,127,36.99,1,0.0,36.99,9.9873,0.26999999999999996,5,0
3400,CA-2014-102274,705,1079,872,36,2,127,629.1,6,0.0,629.1,301.968,0.48000000000000004,5,0
3401,CA-2014-102274,705,558,872,36,2,127,193.95,3,0.0,193.95,9.6975,0.05,5,0
3402,CA-2014-102274,705,7,872,36,2,127,5.46,3,0.0,5.46,1.4742,0.27,5,0
3403,CA-2015-129700,157,741,125,1241,3,445,22.288,7,0.6,55.72,-8.9152,-0.4,1,1
3404,CA-2017-168739,522,1536,149,930,2,15,65.424,4,0.6,163.56,-52.3392,-0.7999999999999999,7,1
3405,CA-2015-152527,497,42,873,873,4,26,77.88,2,0.0,77.88,3.894,0.05,0,0
3406,US-2014-150119,698,229,489,1373,2,48,281.372,2,0.3,401.96000000000004,-12.0588,-0.04285714285714286,4,1
3407,US-2014-150119,698,229,489,1373,2,48,281.372,2,0.3,401.96000000000004,-12.0588,-0.04285714285714286,4,1
3408,US-2014-150119,698,745,489,1373,2,48,7.488,8,0.7,24.959999999999997,-5.2416,-0.7,4,1
3409,US-2014-150119,698,771,489,1373,2,48,22.336,4,0.2,27.919999999999998,7.8176,0.35000000000000003,4,0
3410,US-2017-150847,224,499,505,637,2,48,10.368,2,0.2,12.959999999999999,3.6288,0.35,6,0
3411,CA-2016-100244,621,1491,874,447,2,35,65.79,9,0.0,65.79,30.2634,0.45999999999999996,4,0
3412,CA-2016-100244,621,14,874,447,2,35,271.984,2,0.2,339.97999999999996,88.3948,0.325,4,0
3413,CA-2016-100244,621,135,874,447,2,35,11.76,4,0.0,11.76,3.1752,0.26999999999999996,4,0
3414,CA-2016-100244,621,1414,874,447,2,35,77.52,2,0.0,77.52,37.9848,0.49000000000000005,4,0
3415,CA-2016-100244,621,1000,874,447,2,35,48.64,2,0.2,60.8,15.808,0.325,4,0
3416,CA-2016-116540,197,1089,477,477,4,8,1.81,1,0.0,1.81,0.6516,0.36,0,0
3417,CA-2016-116540,197,926,477,477,4,8,8.26,2,0.0,8.26,3.8822,0.47000000000000003,0,0
3418,CA-2015-151841,680,931,382,943,2,43,43.56,5,0.2,54.45,3.267,0.075,5,0
3419,CA-2015-151841,680,504,382,943,2,43,5.84,2,0.2,7.3,0.73,0.125,5,0
3420,CA-2015-150791,255,663,685,1024,2,24,271.764,2,0.1,301.96,60.392,0.22222222222222224,7,0
3421,CA-2016-134803,53,165,317,1235,2,26,262.24,2,0.0,262.24,78.672,0.3,6,0
3422,CA-2016-134803,53,1275,317,1235,2,26,182.72,8,0.0,182.72,84.0512,0.45999999999999996,6,0
3423,CA-2016-134803,53,1203,317,1235,2,26,131.6,7,0.0,131.6,7.896,0.060000000000000005,6,0
3424,CA-2016-134803,53,21,317,1235,2,26,22.72,4,0.2,28.4,7.384,0.325,6,0
3425,CA-2016-134803,53,1492,317,1235,2,26,558.4,2,0.2,697.9999999999999,41.88,0.07500000000000001,6,0
3426,CA-2015-153381,369,32,497,695,2,446,15.24,4,0.0,15.24,6.858,0.44999999999999996,4,0
3427,CA-2015-153381,369,1154,497,695,2,446,1408.1,10,0.0,1408.1,394.268,0.27999999999999997,4,0
3428,US-2017-111024,450,1537,446,92,1,404,32.896,4,0.2,41.12,11.1024,0.33749999999999997,3,0
3429,US-2017-111024,450,364,446,92,1,404,215.148,2,0.4,358.58,-103.9882,-0.4833333333333334,3,1
3430,US-2017-111024,450,1409,446,92,1,404,30.96,6,0.2,38.699999999999996,11.223,0.3625,3,0
3431,CA-2017-148264,167,338,167,35,3,96,29.79,3,0.0,29.79,8.6391,0.29,1,0
3432,CA-2017-148264,167,1538,167,35,3,96,128.9,2,0.0,128.9,15.468,0.12,1,0
3433,CA-2017-148264,167,653,167,35,3,96,60.12,9,0.0,60.12,28.8576,0.48000000000000004,1,0
3434,CA-2017-131212,270,1340,257,35,2,293,24.816,3,0.2,31.019999999999996,8.3754,0.3375,4,0
3435,CA-2017-131212,270,745,257,35,2,293,14.976,6,0.2,18.72,5.4288,0.3625,4,0
3436,US-2015-100531,393,444,875,1311,3,27,15.08,2,0.8,75.40000000000002,-22.62,-1.5,2,1
3437,US-2015-100531,393,527,875,1311,3,27,24.288,3,0.6,60.72,-12.7512,-0.525,2,1
3438,CA-2017-152583,363,527,506,506,4,163,16.192,2,0.6,40.48,-8.5008,-0.525,0,1
3439,CA-2017-152583,363,364,506,506,4,163,251.006,2,0.3,358.58000000000004,-68.1302,-0.27142857142857146,0,1
3440,CA-2017-152583,363,1012,506,506,4,163,54.192,6,0.2,67.74,4.0644,0.075,0,0
3441,CA-2015-144099,286,62,240,673,4,35,4.304,1,0.2,5.38,1.5602,0.3625,1,0
3442,CA-2014-158337,568,566,519,620,1,24,108.92,14,0.0,108.92,49.014,0.45,3,0
3443,CA-2017-168858,252,408,124,52,2,165,16.74,3,0.0,16.74,8.37,0.5,4,0
3444,CA-2017-168858,252,848,124,52,2,165,2504.74,7,0.0,2504.74,626.185,0.25,4,0
3445,CA-2016-116344,706,46,876,1031,2,12,84.784,2,0.2,105.98,-16.9568,-0.2,4,0
3446,CA-2015-131779,98,1199,822,1360,2,286,29.9,5,0.0,29.9,5.083,0.17,5,0
3447,CA-2016-158869,707,259,877,1122,3,24,70.88,2,0.0,70.88,33.3136,0.47000000000000003,1,0
3448,CA-2017-102554,608,869,533,141,2,342,3.76,2,0.0,3.76,1.0904,0.29000000000000004,4,0
3449,CA-2016-162614,622,823,878,64,2,14,27.264,2,0.2,34.08,8.8608,0.325,6,0
3450,CA-2014-168592,504,1202,79,81,2,95,56.65,5,0.0,56.65,24.3595,0.43000000000000005,6,0
3451,CA-2014-168592,504,329,79,81,2,95,14.97,1,0.0,14.97,4.1916,0.28,6,0
3452,CA-2014-168592,504,132,79,81,2,95,4.02,2,0.0,4.02,1.9698,0.49000000000000005,6,0
3453,CA-2014-157609,608,1539,879,91,1,315,471.92,2,0.2,589.9,29.495,0.0625,5,0
3454,CA-2015-153325,462,909,880,57,1,258,58.72,4,0.0,58.72,27.0112,0.45999999999999996,1,0
3455,CA-2015-153626,13,1540,585,1178,2,396,5.16,3,0.2,6.45,0.8385,0.1625,5,0
3456,CA-2016-166485,118,1541,881,536,2,396,16.496,2,0.2,20.619999999999997,5.5674,0.3375,7,0
3457,CA-2017-136448,549,1017,119,66,3,106,71.976,3,0.2,89.97,19.7934,0.27499999999999997,2,0
3458,CA-2017-136448,549,1442,119,66,3,106,22.512,3,0.2,28.14,2.2512,0.09999999999999999,2,0
3459,CA-2017-136448,549,1213,119,66,3,106,3.444,2,0.7,11.479999999999999,-2.7552,-0.7999999999999999,2,1
3460,CA-2017-136448,549,1177,119,66,3,106,538.194,2,0.7,1793.9799999999996,-412.6154,-0.7666666666666667,2,1
3461,CA-2017-136448,549,247,119,66,3,106,47.984,2,0.2,59.98,14.3952,0.3,2,0
3462,CA-2017-114258,606,349,61,469,1,177,492.768,4,0.2,615.9599999999999,55.4364,0.1125,5,0
3463,CA-2015-152611,568,895,764,1203,1,348,286.79,7,0.0,286.79,74.5654,0.25999999999999995,3,0
3464,CA-2016-165470,708,70,882,886,2,134,5.08,1,0.2,6.35,1.651,0.325,5,0
3465,CA-2017-128699,445,877,735,257,1,134,47.992,1,0.2,59.989999999999995,7.1988,0.15000000000000002,2,0
3466,US-2015-147242,554,1272,230,472,2,443,61.96,2,0.0,61.96,16.1096,0.26,4,0
3467,US-2015-147242,554,200,230,472,2,443,361.96,2,0.0,361.96,83.2508,0.23,4,0
3468,US-2015-147242,554,335,230,472,2,443,278.82,9,0.0,278.82,125.469,0.45,4,0
3469,CA-2016-146143,267,1381,883,1055,2,130,133.38,6,0.0,133.38,58.6872,0.44,5,0
3470,CA-2015-100888,709,682,745,890,2,223,47.952,3,0.2,59.94,16.1838,0.3375,4,0
3471,US-2016-150035,489,905,50,6,2,35,16.74,2,0.0,16.74,4.3524,0.26000000000000006,4,0
3472,CA-2017-122644,246,988,106,702,2,48,10.848,2,0.2,13.56,3.5256,0.32499999999999996,5,0
3473,CA-2017-122644,246,568,106,702,2,48,18.544,2,0.2,23.18,3.0134,0.16249999999999998,5,0
3474,CA-2017-111815,213,324,449,435,2,447,180.98,1,0.0,180.98,47.0548,0.26,7,0
3475,CA-2017-111815,213,1136,449,435,2,447,99.98,2,0.0,99.98,42.9914,0.43,7,0
3476,CA-2016-144911,339,61,582,886,3,440,34.95,5,0.0,34.95,15.378,0.43999999999999995,3,0
3477,CA-2016-144911,339,1000,582,886,3,440,152.0,5,0.0,152.0,69.92,0.46,3,0
3478,CA-2014-143385,82,1387,884,743,2,448,92.52,9,0.0,92.52,18.504,0.2,5,0
3479,CA-2016-131289,408,19,17,883,2,95,8.56,2,0.0,8.56,2.4824,0.29,6,0
3480,CA-2016-131289,408,1542,17,883,2,95,45.36,7,0.0,45.36,21.7728,0.48,6,0
3481,CA-2016-131289,408,1235,17,883,2,95,1421.664,6,0.2,1777.08,-195.4788,-0.1375,6,0
3482,CA-2014-124023,308,1074,885,1277,3,273,8.96,2,0.0,8.96,2.7776,0.31,3,0
3483,CA-2014-124688,567,1134,10,551,3,29,579.95,5,0.0,579.95,168.1855,0.29,2,0
3484,CA-2014-124688,567,1028,10,551,3,29,29.12,4,0.0,29.12,12.5216,0.42999999999999994,2,0
3485,CA-2014-124688,567,1383,10,551,3,29,1202.94,3,0.0,1202.94,300.735,0.25,2,0
3486,CA-2016-151169,502,923,148,1374,2,286,7.92,4,0.0,7.92,3.564,0.45,5,0
3487,US-2016-134761,204,1410,886,886,4,449,36.192,1,0.2,45.239999999999995,2.7144,0.075,0,0
3488,CA-2017-120705,676,197,529,221,2,3,147.184,2,0.2,183.98,-29.4368,-0.2,6,0
3489,CA-2015-157322,585,285,741,381,2,450,408.422,2,0.3,583.46,-5.8346,-0.014285714285714285,4,1
3490,CA-2015-157322,585,1210,741,381,2,450,382.116,6,0.3,545.88,-92.7996,-0.24285714285714285,4,1
3491,CA-2015-157322,585,457,741,381,2,450,68.6,5,0.2,85.74999999999999,6.0025,0.08750000000000001,4,0
3492,CA-2015-157322,585,246,741,381,2,450,435.504,3,0.2,544.38,48.9942,0.11249999999999999,4,0
3493,CA-2015-157322,585,162,741,381,2,450,11.168,2,0.2,13.959999999999999,3.7692,0.3375,4,0
3494,CA-2017-142034,209,1543,242,395,2,451,72.0,4,0.0,72.0,12.96,0.18000000000000002,4,0
3495,CA-2017-142034,209,1544,242,395,2,451,655.9,5,0.0,655.9,275.478,0.42000000000000004,4,0
3496,CA-2017-142034,209,663,242,395,2,451,603.92,4,0.0,603.92,181.176,0.3,4,0
3497,CA-2016-107328,403,856,591,244,2,2,513.024,2,0.2,641.28,12.8256,0.024999999999999998,7,0
3498,CA-2016-107328,403,724,591,244,2,2,487.92,6,0.0,487.92,136.6176,0.28,7,0
3499,CA-2016-107328,403,316,591,244,2,2,15.24,5,0.2,19.05,5.334,0.35,7,0
3500,CA-2016-108616,301,1510,322,340,2,273,209.97,3,0.0,209.97,71.3898,0.33999999999999997,4,0
3501,CA-2016-108616,301,543,322,340,2,273,62.94,3,0.0,62.94,30.2112,0.48000000000000004,4,0
3502,CA-2016-108616,301,131,322,340,2,273,25.92,9,0.0,25.92,7.776,0.3,4,0
3503,CA-2017-125115,710,512,319,319,4,111,10.368,2,0.2,12.959999999999999,3.6288,0.35,0,0
3504,CA-2017-125115,710,686,319,319,4,111,95.736,3,0.2,119.67,20.3439,0.2125,0,0
3505,CA-2016-150945,452,907,123,888,1,30,900.08,4,0.0,900.08,117.0104,0.13,2,0
3506,CA-2014-166863,711,1371,887,1219,2,303,201.584,2,0.2,251.98,20.1584,0.1,4,0
3507,CA-2014-166863,711,16,887,1219,2,303,3.392,4,0.8,16.960000000000004,-5.088,-1.5,4,1
3508,CA-2014-166863,711,1545,887,1219,2,303,193.0656,4,0.32,283.92,-19.8744,-0.10294117647058824,4,1
3509,CA-2014-166863,711,779,887,1219,2,303,15.552,3,0.2,19.439999999999998,5.4432,0.35000000000000003,4,0
3510,CA-2014-166863,711,58,887,1219,2,303,11.648,2,0.2,14.559999999999999,4.0768,0.35000000000000003,4,0
3511,CA-2014-166863,711,1492,887,1219,2,303,418.8,2,0.4,698.0,-97.72,-0.23333333333333334,4,1
3512,CA-2014-166863,711,73,887,1219,2,303,509.488,7,0.2,636.86,-127.372,-0.25,4,0
3513,CA-2017-140326,305,1546,508,1280,3,156,825.174,9,0.3,1178.82,-117.882,-0.14285714285714288,2,1
3514,CA-2017-140326,305,957,508,1280,3,156,17.76,3,0.2,22.2,5.55,0.31249999999999994,2,0
3515,CA-2017-140326,305,131,508,1280,3,156,6.912,3,0.2,8.639999999999999,0.864,0.125,2,0
3516,CA-2016-168536,562,177,888,436,2,130,66.3,3,0.0,66.3,8.619,0.13,4,0
3517,US-2016-113649,67,1013,889,400,3,307,30.816,9,0.2,38.519999999999996,9.63,0.31250000000000006,3,0
3518,US-2016-113649,67,1481,889,400,3,307,44.784,2,0.2,55.98,4.4784,0.09999999999999999,3,0
3519,US-2016-113649,67,160,889,400,3,307,569.536,4,0.2,711.9199999999998,64.0728,0.11250000000000002,3,0
3520,CA-2015-124975,676,1338,138,609,3,174,796.425,7,0.5,1592.85,-525.6405,-0.66,3,1
3521,CA-2015-168767,679,386,890,1279,2,380,12.832,2,0.2,16.04,4.3308,0.33749999999999997,5,0
3522,CA-2016-114482,665,372,832,882,1,194,40.46,7,0.0,40.46,19.8254,0.48999999999999994,4,0
3523,CA-2016-114482,665,234,832,882,1,194,404.94,3,0.0,404.94,109.3338,0.27,4,0
3524,CA-2016-137673,505,175,65,546,2,189,116.0,8,0.0,116.0,29.0,0.25,5,0
3525,CA-2016-132731,655,1547,391,86,2,177,657.552,6,0.2,821.9399999999999,49.3164,0.075,4,0
3526,CA-2017-148922,712,652,390,935,1,130,599.97,3,0.0,599.97,257.9871,0.43,5,0
3527,CA-2017-148922,712,781,390,935,1,130,38.97,3,0.0,38.97,0.7794,0.02,5,0
3528,CA-2017-148922,712,1548,390,935,1,130,45.84,8,0.0,45.84,22.0032,0.48,5,0
3529,CA-2016-130680,218,1379,891,623,2,143,38.24,4,0.2,47.8,-9.56,-0.25,5,0
3530,CA-2015-141145,592,478,15,1353,2,416,87.168,3,0.2,108.96000000000001,10.896,0.125,6,0
3531,US-2016-152835,533,19,289,455,2,378,21.4,5,0.0,21.4,6.206,0.29000000000000004,4,0
3532,CA-2016-155565,554,134,317,317,4,46,54.9,5,0.0,54.9,15.372,0.28,0,0
3533,CA-2014-110849,253,1549,892,489,2,14,287.968,4,0.2,359.96,97.1892,0.33749999999999997,5,0
3534,CA-2014-110849,253,837,892,489,2,14,13.12,4,0.0,13.12,3.8048,0.29000000000000004,5,0
3535,CA-2014-110849,253,1540,892,489,2,14,10.75,5,0.0,10.75,3.5475,0.33,5,0
3536,CA-2014-110849,253,196,892,489,2,14,11.62,2,0.0,11.62,3.6022,0.31,5,0
3537,CA-2016-145842,249,1034,27,24,1,24,40.74,3,0.0,40.74,0.4074,0.009999999999999998,3,0
3538,CA-2014-158771,116,18,310,310,4,1,83.25,3,0.0,83.25,14.985,0.18,0,0
3539,CA-2014-158771,116,1043,310,310,4,1,9.45,3,0.0,9.45,4.536,0.48,0,0
3540,CA-2014-158771,116,1009,310,310,4,1,20.65,5,0.0,20.65,9.499,0.4600000000000001,0,0
3541,CA-2014-158771,116,1077,310,310,4,1,45.36,7,0.0,45.36,21.7728,0.48,0,0
3542,CA-2016-157511,278,1349,32,874,3,48,5.352,3,0.2,6.69,1.6056,0.3,2,0
3543,CA-2016-157511,278,475,32,874,3,48,99.372,2,0.3,141.96,-7.098,-0.07142857142857142,2,1
3544,CA-2016-157511,278,1217,32,874,3,48,2.672,1,0.2,3.34,0.3674,0.13749999999999998,2,0
3545,CA-2017-121216,463,1057,332,54,1,358,28.672,8,0.2,35.839999999999996,10.3936,0.3625,2,0
3546,CA-2017-121216,463,1550,332,54,1,358,29.312,8,0.8,146.56000000000003,-74.7456,-2.55,2,1
3547,CA-2017-155292,280,465,506,753,3,127,105.98,7,0.0,105.98,4.2392,0.04,2,0
3548,CA-2017-155292,280,355,506,753,3,127,35.06,2,0.0,35.06,10.518,0.3,2,0
3549,CA-2017-155292,280,1273,506,753,3,127,33.94,1,0.0,33.94,9.1638,0.27,2,0
3550,CA-2017-155292,280,1551,506,753,3,127,30.0,8,0.0,30.0,14.4,0.48000000000000004,2,0
3551,CA-2016-152555,468,1238,893,1198,1,156,45.528,3,0.2,56.91,15.9348,0.35,4,0
3552,CA-2016-152555,468,229,893,1198,1,156,844.116,6,0.3,1205.88,-36.1764,-0.04285714285714286,4,1
3553,CA-2016-152555,468,144,893,1198,1,156,812.736,8,0.2,1015.92,60.9552,0.075,4,0
3554,CA-2017-107832,396,445,52,201,1,75,7.476,1,0.7,24.919999999999995,-5.9808,-0.8,3,1
3555,CA-2014-120838,23,547,894,960,1,2,330.4,2,0.0,330.4,85.904,0.26,3,0
3556,CA-2014-120838,23,1552,894,960,1,2,604.752,6,0.2,755.9399999999999,37.797,0.0625,3,0
3557,CA-2017-118542,143,833,97,257,2,142,45.36,7,0.0,45.36,21.7728,0.48,4,0
3558,CA-2017-118542,143,859,97,257,2,142,10.128,2,0.2,12.66,3.6714,0.36250000000000004,4,0
3559,CA-2017-152737,701,1283,660,106,2,35,21.792,4,0.2,27.240000000000002,7.6272,0.35,5,0
3560,CA-2017-152737,701,990,660,106,2,35,439.8,4,0.0,439.8,145.134,0.32999999999999996,5,0
3561,CA-2017-109757,199,680,508,429,1,76,8.256,4,0.2,10.32,0.6192,0.075,5,0
3562,CA-2017-109757,199,823,508,429,1,76,25.56,5,0.7,85.19999999999999,-20.448,-0.8,5,1
3563,CA-2017-109757,199,25,508,429,1,76,4.368,2,0.7,14.559999999999999,-3.0576,-0.7,5,1
3564,CA-2017-109757,199,1553,508,429,1,76,11.52,4,0.2,14.399999999999999,3.744,0.325,5,0
3565,CA-2016-130029,151,1554,895,1375,3,14,12.96,2,0.0,12.96,6.2208,0.4799999999999999,3,0
3566,CA-2016-130029,151,1080,895,1375,3,14,3.96,2,0.0,3.96,0.0792,0.02,3,0
3567,CA-2017-103877,373,116,211,33,2,54,1577.94,3,0.0,1577.94,757.4112,0.48,7,0
3568,CA-2016-137176,627,1442,370,750,1,78,15.008,4,0.6,37.519999999999996,-12.0064,-0.8,5,1
3569,CA-2017-168109,83,247,446,446,4,60,59.98,2,0.0,59.98,26.3912,0.44000000000000006,0,0
3570,CA-2017-168109,83,207,446,446,4,60,2395.2,6,0.2,2993.9999999999995,209.58,0.08750000000000001,0,0
3571,CA-2017-168109,83,696,446,446,4,60,1687.8,4,0.0,1687.8,742.632,0.44,0,0
3572,CA-2017-168109,83,313,446,446,4,60,7.992,1,0.2,9.99,2.6973,0.33749999999999997,0,0
3573,US-2017-126081,713,645,223,1288,2,352,5.184,1,0.2,6.4799999999999995,1.8144,0.35,5,0
3574,CA-2017-117023,528,242,784,802,2,256,11.68,2,0.0,11.68,5.4896,0.47000000000000003,5,0
3575,CA-2017-117023,528,1555,784,802,2,256,104.8,10,0.0,104.8,26.2,0.25,5,0
3576,CA-2015-143532,420,671,532,540,2,452,14.496,3,0.2,18.12,4.8924,0.3375,5,0
3577,CA-2016-103163,87,571,844,726,2,411,4.784,1,0.2,5.9799999999999995,1.5548,0.325,4,0
3578,CA-2016-103163,87,205,844,726,2,411,4.73,1,0.0,4.73,2.3177,0.48999999999999994,4,0
3579,CA-2016-104157,364,1556,198,876,2,130,7.89,1,0.0,7.89,0.3156,0.04,4,0
3580,CA-2016-104157,364,1403,198,876,2,130,65.5,5,0.0,65.5,32.095,0.49,4,0
3581,CA-2016-104157,364,336,198,876,2,130,2430.08,8,0.0,2430.08,388.8128,0.16,4,0
3582,CA-2017-117807,55,922,173,567,2,11,104.85,1,0.0,104.85,50.328,0.48000000000000004,6,0
3583,CA-2015-121650,471,131,896,1136,2,31,3.9,2,0.0,3.9,1.521,0.38999999999999996,6,0
3584,CA-2015-121650,471,1383,896,1136,2,31,801.96,2,0.0,801.96,200.49,0.25,6,0
3585,CA-2015-121650,471,993,896,1136,2,31,191.96,2,0.0,191.96,32.6332,0.17,6,0
3586,CA-2015-121650,471,710,896,1136,2,31,2.61,1,0.0,2.61,1.2006,0.45999999999999996,6,0
3587,CA-2017-161823,637,80,214,566,2,35,5.96,2,0.0,5.96,1.6688,0.28,5,0
3588,CA-2017-121839,415,1149,242,395,2,404,1169.694,3,0.4,1949.49,-253.4337,-0.21666666666666667,4,1
3589,CA-2017-158729,550,466,485,203,3,300,1665.62,2,0.0,1665.62,33.3124,0.02,2,0
3590,CA-2017-146535,87,615,222,330,2,127,2.88,1,0.0,2.88,1.4112,0.49000000000000005,6,0
3591,CA-2017-146535,87,773,222,330,2,127,1443.96,12,0.0,1443.96,375.4296,0.26,6,0
3592,CA-2014-154186,268,504,737,535,1,33,2.92,1,0.2,3.65,0.365,0.125,2,0
3593,CA-2016-108434,507,1450,6,1287,1,24,465.18,3,0.0,465.18,120.9468,0.26,2,0
3594,CA-2016-164154,126,445,109,43,2,214,22.428,3,0.7,74.75999999999999,-17.9424,-0.7999999999999999,6,1
3595,CA-2016-164154,126,1191,109,43,2,214,37.52,5,0.2,46.9,3.752,0.09999999999999999,6,0
3596,CA-2017-148012,367,347,35,935,2,106,2.624,1,0.2,3.28,0.4264,0.1625,6,0
3597,CA-2014-102869,96,740,341,81,1,12,15.552,3,0.2,19.439999999999998,5.4432,0.35000000000000003,5,0
3598,CA-2014-102869,96,1557,341,81,1,12,64.704,6,0.2,80.87999999999998,-4.8528,-0.07500000000000001,5,0
3599,CA-2014-102869,96,1028,341,81,1,12,17.472,3,0.2,21.84,5.0232,0.2875,5,0
3600,CA-2014-102869,96,945,341,81,1,12,135.516,1,0.4,225.85999999999999,-31.6204,-0.23333333333333334,5,1
3601,CA-2017-138310,414,877,336,161,2,77,431.928,9,0.2,539.91,64.7892,0.15,4,0
3602,CA-2014-159835,714,566,665,157,2,106,12.448,2,0.2,15.56,3.89,0.3125,7,0
3603,CA-2014-159835,714,500,665,157,2,106,657.93,5,0.3,939.9,-93.99,-0.14285714285714285,7,1
3604,CA-2017-112956,275,448,171,152,2,210,277.4,5,0.0,277.4,133.152,0.48,6,0
3605,CA-2017-112956,275,981,171,152,2,210,25.16,2,0.0,25.16,8.5544,0.33999999999999997,6,0
3606,CA-2017-112956,275,936,171,152,2,210,91.92,4,0.0,91.92,31.2528,0.34,6,0
3607,CA-2016-119683,243,707,300,1245,1,24,29.34,3,0.0,29.34,13.4964,0.45999999999999996,4,0
3608,CA-2014-163559,462,921,866,451,1,46,139.44,3,0.2,174.29999999999998,47.061,0.3375,5,0
3609,CA-2014-140228,335,746,583,524,2,56,6.912,3,0.2,8.639999999999999,2.5056,0.3625,5,0
3610,CA-2014-140228,335,1012,583,524,2,56,27.096,3,0.2,33.87,2.0322,0.075,5,0
3611,CA-2014-140228,335,1440,583,524,2,56,177.568,2,0.2,221.96,-37.7332,-0.21249999999999997,5,0
3612,US-2016-131674,715,1313,897,50,1,163,58.416,2,0.2,73.02,16.7946,0.2875,2,0
3613,CA-2015-110093,438,1537,156,576,2,64,16.448,2,0.2,20.56,5.5512,0.33749999999999997,5,0
3614,CA-2015-110093,438,44,156,576,2,64,36.784,2,0.2,45.98,10.5754,0.28750000000000003,5,0
3615,CA-2017-112529,35,976,124,611,3,66,718.116,6,0.3,1025.88,-71.8116,-0.1,2,1
3616,CA-2017-112529,35,1069,124,611,3,66,31.776,4,0.2,39.72,8.7384,0.275,2,0
3617,CA-2016-154536,210,49,65,370,2,75,9.555,5,0.7,31.849999999999994,-7.3255,-0.7666666666666667,4,1
3618,CA-2017-141929,268,570,508,566,2,26,487.984,2,0.2,609.9799999999999,152.495,0.3125,4,0
3619,CA-2017-141929,268,1092,508,566,2,26,5.56,1,0.2,6.949999999999999,1.7375,0.31250000000000006,4,0
3620,CA-2017-141929,268,124,508,566,2,26,217.85,5,0.0,217.85,65.355,0.30000000000000004,4,0
3621,CA-2016-109743,65,1386,898,322,2,298,40.776,3,0.2,50.97,4.5873,0.11249999999999999,7,0
3622,CA-2016-109743,65,1558,898,322,2,298,63.936,8,0.2,79.92,5.5944,0.08750000000000001,7,0
3623,CA-2014-159184,548,1147,81,112,2,258,142.4,5,0.0,142.4,52.688,0.37,5,0
3624,CA-2014-159184,548,176,81,112,2,258,7.16,2,0.0,7.16,3.4368,0.48,5,0
3625,CA-2017-113530,605,475,241,368,1,10,681.408,12,0.2,851.76,42.588,0.0625,2,0
3626,CA-2017-113530,605,1040,241,368,1,10,3.52,2,0.0,3.52,1.0208,0.29,2,0
3627,CA-2017-113530,605,312,241,368,1,10,5.58,1,0.0,5.58,1.395,0.25,2,0
3628,CA-2017-113530,605,478,241,368,1,10,36.32,1,0.0,36.32,10.896,0.30000000000000004,2,0
3629,CA-2014-169726,99,1499,129,1372,2,6,2060.744,7,0.2,2575.93,643.9825,0.31249999999999994,4,0
3630,CA-2017-155957,567,1113,201,330,2,48,52.272,3,0.2,65.33999999999999,9.801,0.1875,4,0
3631,CA-2017-155957,567,514,201,330,2,48,213.136,7,0.2,266.41999999999996,23.9778,0.11249999999999999,4,0
3632,CA-2017-132178,716,1157,899,541,1,26,69.52,2,0.0,69.52,19.4656,0.27999999999999997,5,0
3633,CA-2017-132178,716,622,899,541,1,26,763.44,8,0.0,763.44,45.8064,0.05999999999999999,5,0
3634,CA-2016-145177,453,746,339,697,2,158,9.216,4,0.2,11.519999999999998,3.3408,0.36250000000000004,4,0
3635,CA-2016-145177,453,434,339,697,2,158,41.958,7,0.4,69.93,-9.7902,-0.23333333333333336,4,1
3636,CA-2016-145177,453,1559,339,697,2,158,89.568,2,0.2,111.96,32.4684,0.36250000000000004,4,0
3637,CA-2016-145177,453,1287,339,697,2,158,22.248,3,0.2,27.81,7.5087,0.33749999999999997,4,0
3638,CA-2016-145177,453,550,339,697,2,158,334.88,4,0.2,418.59999999999997,29.302,0.0875,4,0
3639,CA-2016-145177,453,1093,339,697,2,158,148.288,7,0.2,185.36,29.6576,0.19999999999999998,4,0
3640,CA-2016-145177,453,875,339,697,2,158,4.624,1,0.2,5.779999999999999,1.6762,0.3625,4,0
3641,CA-2016-145177,453,1366,339,697,2,158,178.92,7,0.2,223.64999999999998,-29.0745,-0.1625,4,0
3642,CA-2016-145177,453,1198,339,697,2,158,69.888,7,0.7,232.95999999999998,-46.592,-0.6666666666666666,4,1
3643,CA-2014-156594,267,570,415,852,1,142,487.984,2,0.2,609.9799999999999,152.495,0.3125,3,0
3644,CA-2014-156594,267,1560,415,852,1,142,47.3,2,0.0,47.3,12.298,0.26,3,0
3645,CA-2014-156594,267,1561,415,852,1,142,4.13,1,0.0,4.13,1.1564,0.28,3,0
3646,CA-2014-156594,267,1562,415,852,1,142,155.12,5,0.2,193.9,50.414,0.325,3,0
3647,CA-2014-146528,666,728,740,924,1,63,6.48,1,0.0,6.48,3.1752,0.48999999999999994,2,0
3648,CA-2014-146528,666,1563,740,924,1,63,15.52,4,0.0,15.52,4.5008,0.29,2,0
3649,CA-2015-168459,508,697,7,155,2,32,2.946,2,0.7,9.819999999999999,-2.0622,-0.6999999999999998,5,1
3650,CA-2015-168459,508,272,7,155,2,32,55.104,6,0.2,68.88,18.5976,0.3375,5,0
3651,CA-2017-109960,204,1564,35,158,1,152,104.88,6,0.0,104.88,41.952,0.4,2,0
3652,CA-2017-109960,204,925,35,158,1,152,34.7,5,0.0,34.7,12.492,0.36,2,0
3653,CA-2017-109960,204,675,35,158,1,152,33.72,4,0.0,33.72,15.5112,0.46,2,0
3654,CA-2017-109960,204,812,35,158,1,152,14.94,3,0.0,14.94,7.0218,0.47000000000000003,2,0
3655,CA-2017-133004,220,555,516,529,2,453,638.73,9,0.0,638.73,166.0698,0.25999999999999995,5,0
3656,CA-2017-168102,292,1044,559,505,2,134,113.568,2,0.2,141.95999999999998,-21.294,-0.1875,6,0
3657,CA-2017-158036,588,1565,566,33,2,83,9.096,1,0.2,11.37,1.7055,0.1875,6,0
3658,CA-2015-128083,495,136,900,752,2,454,8.688,3,0.2,10.86,2.9322,0.33749999999999997,5,0
3659,CA-2015-128083,495,77,900,752,2,454,30.88,4,0.2,38.599999999999994,3.86,0.125,5,0
3660,CA-2015-128083,495,1566,900,752,2,454,6.408,3,0.2,8.01,1.4418,0.22499999999999998,5,0
3661,CA-2016-161676,688,1567,428,311,2,277,33.8,5,0.2,42.24999999999999,4.225,0.125,5,0
3662,CA-2016-155005,338,1552,901,1086,1,31,377.97,3,0.0,377.97,94.4925,0.25,2,0
3663,US-2017-129777,87,1114,446,363,2,360,258.9,10,0.0,258.9,93.204,0.36,6,0
3664,US-2017-129777,87,315,446,363,2,360,24.56,2,0.0,24.56,11.5432,0.47000000000000003,6,0
3665,CA-2014-129364,622,640,590,737,2,161,27.888,7,0.2,34.86,9.0636,0.32499999999999996,5,0
3666,CA-2014-129364,622,637,590,737,2,161,6.456,4,0.7,21.52,-4.5192,-0.7,5,1
3667,CA-2014-129364,622,1514,590,737,2,161,52.68,3,0.2,65.85,19.755,0.375,5,0
3668,CA-2014-129364,622,1568,590,737,2,161,13.88,5,0.2,17.35,-2.6025,-0.1875,5,0
3669,CA-2014-129364,622,1422,590,737,2,161,103.92,10,0.2,129.9,-18.186,-0.175,5,0
3670,CA-2014-129364,622,1569,590,737,2,161,11.52,5,0.2,14.399999999999999,3.744,0.325,5,0
3671,CA-2014-129364,622,56,590,737,2,161,10.368,2,0.2,12.959999999999999,3.6288,0.35,5,0
3672,CA-2014-129364,622,1570,590,737,2,161,39.072,3,0.2,48.84,2.9304,0.075,5,0
3673,CA-2016-104969,259,1476,144,168,2,413,8.872,1,0.2,11.09,3.2161,0.3625,6,0
3674,CA-2016-104969,259,1081,144,168,2,413,121.104,6,0.7,403.67999999999995,-100.92,-0.8333333333333334,6,1
3675,CA-2017-154109,587,1210,45,344,2,106,127.372,2,0.3,181.96,-30.9332,-0.24285714285714285,5,1
3676,CA-2017-154109,587,369,45,344,2,106,47.952,3,0.2,59.94,16.1838,0.3375,5,0
3677,CA-2015-156440,589,643,902,365,2,189,44.46,2,0.0,44.46,14.6718,0.32999999999999996,4,0
3678,CA-2015-132626,538,1433,585,1178,2,235,15.8,4,0.0,15.8,5.056,0.32,5,0
3679,CA-2015-132626,538,1521,585,1178,2,235,464.97,3,0.0,464.97,209.2365,0.45,5,0
3680,CA-2015-132626,538,270,585,1178,2,235,181.96,2,0.0,181.96,20.0156,0.10999999999999999,5,0
3681,CA-2015-132626,538,1571,585,1178,2,235,12.39,3,0.0,12.39,5.6994,0.45999999999999996,5,0
3682,CA-2015-132626,538,913,585,1178,2,235,84.09,3,0.0,84.09,42.045,0.5,5,0
3683,CA-2015-132626,538,1572,585,1178,2,235,79.36,4,0.0,79.36,32.5376,0.41,5,0
3684,CA-2015-132626,538,823,585,1178,2,235,153.36,9,0.0,153.36,70.5456,0.4599999999999999,5,0
3685,CA-2015-132626,538,25,585,1178,2,235,43.68,6,0.0,43.68,21.4032,0.48999999999999994,5,0
3686,CA-2015-132626,538,769,585,1178,2,235,98.21,7,0.0,98.21,28.4809,0.29,5,0
3687,CA-2016-102792,210,347,181,1055,2,216,9.84,3,0.0,9.84,3.2472,0.33,6,0
3688,CA-2016-108567,204,308,245,1013,2,455,2.694,2,0.7,8.979999999999999,-2.245,-0.8333333333333334,4,1
3689,CA-2017-140760,158,219,456,930,1,155,25.344,6,0.2,31.68,7.92,0.3125,3,0
3690,CA-2017-140760,158,599,456,930,1,155,43.92,5,0.2,54.9,15.921,0.3625,3,0
3691,US-2015-131359,136,1314,629,122,1,77,59.994,2,0.7,199.97999999999996,-45.9954,-0.7666666666666666,3,1
3692,US-2015-131359,136,1573,629,122,1,77,439.992,1,0.2,549.99,164.997,0.375,3,0
3693,US-2015-131359,136,723,629,122,1,77,87.96,5,0.2,109.94999999999999,30.786,0.35000000000000003,3,0
3694,US-2015-131359,136,1574,629,122,1,77,15.488,4,0.2,19.36,3.6784,0.2375,3,0
3695,CA-2016-142097,426,1198,681,202,2,29,232.96,7,0.0,232.96,116.48,0.5,5,0
3696,CA-2016-142097,426,1476,681,202,2,29,66.54,6,0.0,66.54,32.6046,0.48999999999999994,5,0
3697,CA-2016-142097,426,337,681,202,2,29,43.26,3,0.0,43.26,14.2758,0.33,5,0
3698,CA-2015-151680,680,1461,903,83,1,61,141.96,2,0.0,141.96,22.7136,0.15999999999999998,2,0
3699,CA-2014-140039,22,1575,104,329,2,287,79.4,5,0.2,99.25,5.955,0.075,4,0
3700,CA-2017-160416,58,375,39,552,1,232,163.96,4,0.0,163.96,70.5028,0.42999999999999994,5,0
3701,CA-2017-169411,557,768,166,615,2,145,37.93,1,0.0,37.93,6.8274,0.18,5,0
3702,CA-2016-126543,717,1463,851,1284,1,214,15.168,2,0.2,18.959999999999997,3.792,0.25,4,0
3703,CA-2015-104941,705,1561,386,975,2,34,24.78,6,0.0,24.78,6.9384,0.27999999999999997,6,0
3704,CA-2015-104941,705,1207,386,975,2,34,19.14,3,0.0,19.14,8.8044,0.45999999999999996,6,0
3705,CA-2015-104941,705,852,386,975,2,34,899.97,3,0.0,899.97,314.9895,0.35000000000000003,6,0
3706,CA-2015-104941,705,1542,386,975,2,34,32.4,5,0.0,32.4,15.552,0.48,6,0
3707,CA-2017-160087,634,1069,258,1346,2,78,23.832,3,0.2,29.79,6.5538,0.27499999999999997,4,0
3708,CA-2014-120544,165,741,534,502,2,352,6.368,2,0.6,15.92,-2.5472,-0.4,4,1
3709,CA-2014-120544,165,1052,534,502,2,352,34.176,3,0.8,170.88000000000005,-87.1488,-2.55,4,1
3710,CA-2014-120544,165,1426,534,502,2,352,5.544,7,0.2,6.929999999999999,1.6632,0.30000000000000004,4,0
3711,CA-2017-113670,277,215,454,162,3,63,510.24,3,0.2,637.8,6.378,0.0125,2,0
3712,CA-2017-113670,277,1128,454,162,3,63,204.95,5,0.0,204.95,100.4255,0.49000000000000005,2,0
3713,CA-2017-166198,528,1576,82,559,3,6,11.54,1,0.0,11.54,3.462,0.30000000000000004,3,0
3714,CA-2017-166198,528,798,82,559,3,6,162.6,3,0.0,162.6,34.146,0.21000000000000002,3,0
3715,CA-2014-135608,601,601,590,326,1,225,45.68,2,0.0,45.68,21.0128,0.45999999999999996,2,0
3716,CA-2014-135608,601,292,590,326,1,225,603.92,5,0.2,754.8999999999999,45.294,0.075,2,0
3717,CA-2017-144568,271,1218,149,456,2,199,23.55,5,0.0,23.55,1.1775,0.049999999999999996,4,0
3718,CA-2016-142370,237,1577,252,714,2,113,5.04,2,0.0,5.04,0.1512,0.03,4,0
3719,CA-2016-142370,237,1136,252,714,2,113,249.95,5,0.0,249.95,107.4785,0.43,4,0
3720,CA-2016-105900,30,159,43,714,2,135,33.4,5,0.0,33.4,12.358,0.37000000000000005,6,0
3721,CA-2016-151155,438,284,888,436,2,130,18.92,4,0.0,18.92,7.3788,0.38999999999999996,4,0
3722,CA-2016-151155,438,9,888,436,2,130,15.42,2,0.0,15.42,6.939,0.45,4,0
3723,CA-2017-144036,384,312,904,201,2,33,35.712,8,0.2,44.64,2.232,0.0625,4,0
3724,US-2014-169789,717,1499,126,1039,2,52,551.985,5,0.7,1839.9499999999998,-459.9875,-0.8333333333333334,5,1
3725,CA-2017-127264,194,426,356,1335,3,156,7.056,3,0.2,8.82,2.205,0.3125,2,0
3726,CA-2016-151512,65,1268,483,461,2,77,18.72,2,0.2,23.4,3.51,0.1875,7,0
3727,CA-2016-165169,539,735,411,726,2,286,360.38,2,0.0,360.38,93.6988,0.26,6,0
3728,CA-2016-165169,539,312,411,726,2,286,11.16,2,0.0,11.16,2.79,0.25,6,0
3729,CA-2016-165169,539,1509,411,726,2,286,14.94,3,0.0,14.94,6.8724,0.46,6,0
3730,CA-2015-109575,176,1019,228,1353,2,235,41.96,2,0.0,41.96,7.9724,0.19,5,0
3731,CA-2015-109575,176,73,228,1353,2,235,636.86,7,0.0,636.86,0.0,0.0,5,0
3732,CA-2015-109575,176,1578,228,1353,2,235,499.99,1,0.0,499.99,129.9974,0.26,5,0
3733,CA-2015-109575,176,1150,228,1353,2,235,1259.93,7,0.0,1259.93,327.5818,0.25999999999999995,5,0
3734,CA-2015-109575,176,1527,228,1353,2,235,65.08,4,0.0,65.08,31.8892,0.49,5,0
3735,CA-2017-168193,718,146,905,826,1,165,26.38,1,0.0,26.38,12.1348,0.46,5,0
3736,CA-2017-168193,718,929,905,826,1,165,71.97,3,0.0,71.97,16.5531,0.23,5,0
3737,CA-2016-115476,719,1418,717,717,4,286,129.98,2,0.0,129.98,62.3904,0.48000000000000004,0,0
3738,CA-2016-115476,719,1527,717,717,4,286,32.54,2,0.0,32.54,15.9446,0.49,0,0
3739,CA-2016-133340,110,48,11,181,2,31,10.9,1,0.0,10.9,3.052,0.27999999999999997,4,0
3740,CA-2016-133340,110,1017,11,181,2,31,59.98,2,0.0,59.98,25.1916,0.42000000000000004,4,0
3741,CA-2016-133340,110,15,11,181,2,31,61.929,1,0.1,68.81,23.3954,0.37777777777777777,4,0
3742,CA-2016-137848,577,319,805,804,2,165,16.52,4,0.0,16.52,7.5992,0.46,6,0
3743,CA-2016-137848,577,1284,805,804,2,165,60.12,9,0.0,60.12,28.8576,0.48000000000000004,6,0
3744,CA-2016-137848,577,341,805,804,2,165,49.536,3,0.2,61.92,17.3376,0.35,6,0
3745,CA-2014-113047,276,1433,746,746,4,456,11.85,3,0.0,11.85,3.792,0.32,0,0
3746,CA-2016-149979,155,393,714,151,1,113,118.25,5,0.0,118.25,34.2925,0.29,5,0
3747,CA-2016-149979,155,1266,714,151,1,113,368.97,3,0.0,368.97,81.1734,0.21999999999999997,5,0
3748,CA-2017-161956,113,1072,152,636,1,96,198.46,2,0.0,198.46,99.23,0.5,2,0
3749,CA-2017-161956,113,1430,152,636,1,96,321.92,4,0.0,321.92,96.576,0.3,2,0
3750,CA-2017-161956,113,1573,152,636,1,96,879.984,2,0.2,1099.98,329.994,0.375,2,0
3751,CA-2017-161956,113,676,152,636,1,96,28.4,5,0.0,28.4,8.236,0.29000000000000004,2,0
3752,CA-2017-161956,113,371,152,636,1,96,230.28,3,0.2,287.84999999999997,23.028,0.09999999999999999,2,0
3753,CA-2017-161956,113,969,152,636,1,96,116.28,3,0.0,116.28,56.9772,0.49000000000000005,2,0
3754,CA-2017-161956,113,116,152,636,1,96,841.568,2,0.2,1051.9599999999998,294.5488,0.35000000000000003,2,0
3755,CA-2017-161956,113,1044,152,636,1,96,354.9,5,0.0,354.9,17.745,0.05,2,0
3756,CA-2016-116799,685,828,841,1194,3,457,42.784,7,0.2,53.48,15.5092,0.3625,3,0
3757,CA-2016-116799,685,1579,841,1194,3,457,563.43,5,0.3,804.9,-56.343,-0.10000000000000002,3,1
3758,CA-2016-111283,49,1501,906,759,2,56,111.104,7,0.2,138.88,8.3328,0.07500000000000001,4,0
3759,CA-2015-167745,335,242,228,1353,2,14,11.68,2,0.0,11.68,5.4896,0.47000000000000003,5,0
3760,CA-2015-167745,335,1567,228,1353,2,14,16.9,2,0.0,16.9,5.07,0.30000000000000004,5,0
3761,CA-2015-167745,335,1123,228,1353,2,14,24.4,2,0.0,24.4,10.248,0.42,5,0
3762,CA-2017-104577,238,162,606,1349,2,290,87.6,5,0.0,87.6,42.048,0.48000000000000004,5,0
3763,CA-2016-156251,379,431,573,299,1,458,241.96,2,0.0,241.96,24.196,0.1,5,0
3764,CA-2016-156251,379,799,573,299,1,458,8.52,3,0.0,8.52,4.1748,0.49000000000000005,5,0
3765,CA-2017-125878,660,99,907,581,2,37,1.788,3,0.8,8.940000000000001,-3.0396,-1.7,5,1
3766,CA-2016-163153,679,1170,845,870,2,67,99.372,2,0.3,141.96,-1.4196,-0.014285714285714285,4,1
3767,CA-2016-163153,679,60,845,870,2,67,1.344,1,0.2,1.68,0.504,0.375,4,0
3768,CA-2015-103205,343,174,576,896,1,67,119.96,5,0.2,149.95,11.996,0.1,2,0
3769,CA-2014-153913,11,1154,758,415,1,187,1013.832,9,0.2,1267.29,101.3832,0.1,4,0
3770,CA-2014-153913,11,311,758,415,1,187,1.984,2,0.2,2.48,0.6696,0.33749999999999997,4,0
3771,CA-2016-155530,381,490,908,1376,2,35,2003.52,6,0.2,2504.3999999999996,-325.572,-0.1625,4,0
3772,US-2016-101196,525,233,537,625,2,12,82.368,2,0.2,102.96,-19.5624,-0.23750000000000002,5,0
3773,CA-2014-115357,289,918,909,431,1,38,62.91,3,0.0,62.91,22.6476,0.36000000000000004,5,0
3774,US-2014-102715,272,1580,910,139,1,124,6.912,3,0.2,8.639999999999999,2.3328,0.3375,2,0
3775,US-2014-102715,272,266,910,139,1,124,383.976,3,0.2,479.96999999999997,81.5949,0.2125,2,0
3776,US-2014-102715,272,816,910,139,1,124,10.368,2,0.2,12.959999999999999,3.6288,0.35,2,0
3777,US-2014-102715,272,1581,910,139,1,124,335.944,7,0.2,419.93,41.993,0.125,2,0
3778,CA-2015-107937,675,1320,911,413,2,459,665.88,6,0.0,665.88,106.5408,0.16,5,0
3779,US-2017-148768,44,994,330,575,1,124,71.976,3,0.2,89.97,8.997,0.125,2,0
3780,CA-2017-118521,167,424,912,298,2,46,37.94,2,0.0,37.94,18.2112,0.4800000000000001,4,0
3781,CA-2014-149643,564,1076,913,1165,2,460,273.96,2,0.0,273.96,10.9584,0.04,4,0
3782,CA-2015-135314,431,1335,585,1178,1,75,269.982,3,0.4,449.9700000000001,40.4973,0.15,5,1
3783,CA-2017-165204,439,1102,39,674,1,32,8.904,3,0.2,11.129999999999999,3.339,0.375,3,0
3784,CA-2017-165204,439,907,39,674,1,32,720.064,4,0.2,900.0799999999999,-63.0056,-0.08750000000000001,3,0
3785,CA-2017-125752,259,1114,690,1019,2,3,41.424,2,0.2,51.779999999999994,8.2848,0.2,4,0
3786,CA-2017-112487,427,1582,378,248,2,48,3.132,2,0.7,10.44,-2.61,-0.8333333333333333,4,1
3787,CA-2016-144218,64,1450,732,255,2,63,1085.42,7,0.0,1085.42,282.2092,0.26,4,0
3788,CA-2016-169971,583,283,914,370,2,17,3.912,1,0.2,4.89,1.0269,0.2625,5,0
3789,CA-2016-169971,583,1063,914,370,2,17,62.376,3,0.2,77.97,7.0173,0.1125,5,0
3790,US-2016-133508,681,196,765,439,2,199,29.05,5,0.0,29.05,9.0055,0.31,4,0
3791,CA-2014-107139,504,444,261,385,2,26,180.96,6,0.2,226.2,67.86,0.375,6,0
3792,CA-2015-111325,388,186,915,103,3,461,4.419,3,0.7,14.729999999999997,-3.3879,-0.7666666666666667,1,1
3793,CA-2015-111325,388,1217,915,103,3,461,16.032,6,0.2,20.04,2.2044,0.1375,1,0
3794,CA-2015-163762,189,1069,155,495,2,24,29.79,3,0.0,29.79,12.5118,0.42,4,0
3795,US-2014-117163,720,1278,916,564,2,89,57.23,1,0.0,57.23,14.3075,0.25,6,0
3796,US-2014-117163,720,1583,916,564,2,89,333.0,3,0.2,416.25,-16.65,-0.049999999999999996,6,0
3797,US-2014-117163,720,1584,916,564,2,89,36.44,4,0.0,36.44,12.0252,0.33,6,0
3798,CA-2017-121314,649,657,398,987,3,329,251.64,3,0.2,314.54999999999995,88.074,0.35000000000000003,3,0
3799,CA-2017-147760,127,310,260,61,3,308,523.764,3,0.4,872.94,-192.0468,-0.36666666666666664,1,1
3800,CA-2017-147760,127,1195,260,61,3,308,1359.96,5,0.2,1699.95,118.9965,0.0875,1,0
3801,CA-2016-156503,721,1585,501,202,2,223,102.592,1,0.2,128.23999999999998,10.2592,0.1,6,0
3802,CA-2016-156503,721,722,501,202,2,223,22.704,1,0.2,28.38,5.9598,0.2625,6,0
3803,CA-2016-156503,721,1414,501,202,2,223,93.024,3,0.2,116.28,33.7212,0.36250000000000004,6,0
3804,CA-2016-156503,721,1445,501,202,2,223,12.768,2,0.2,15.96,1.4364,0.11249999999999999,6,0
3805,CA-2016-156503,721,467,501,202,2,223,35.008,4,0.2,43.76,13.128,0.375,6,0
3806,CA-2016-156503,721,127,501,202,2,223,39.152,1,0.2,48.94,14.682,0.375,6,0
3807,CA-2015-113628,707,455,769,903,2,454,11.76,5,0.2,14.7,1.323,0.1125,7,0
3808,CA-2015-113628,707,45,769,903,2,454,5.238,2,0.7,17.459999999999997,-4.0158,-0.7666666666666665,7,1
3809,CA-2015-113628,707,1473,769,903,2,454,4.662,3,0.7,15.539999999999997,-3.7296,-0.8,7,1
3810,CA-2015-113628,707,1586,769,903,2,454,523.92,5,0.2,654.8999999999999,-72.039,-0.1375,7,0
3811,CA-2015-113628,707,1067,769,903,2,454,100.792,1,0.2,125.99,10.0792,0.1,7,0
3812,CA-2015-113628,707,213,769,903,2,454,146.136,3,0.2,182.67,16.4403,0.1125,7,0
3813,CA-2017-147753,8,1587,917,917,4,202,25.06,2,0.0,25.06,11.7782,0.47000000000000003,0,0
3814,CA-2015-103961,160,618,600,530,2,117,19.824,6,0.2,24.78,6.4428,0.32499999999999996,4,0
3815,CA-2016-152471,10,1165,631,631,4,134,823.96,5,0.2,1029.95,51.4975,0.0625,0,0
3816,CA-2016-152471,10,113,631,631,4,134,15.984,2,0.2,19.98,4.995,0.3125,0,0
3817,CA-2015-102582,509,1383,427,445,2,273,801.96,2,0.0,801.96,200.49,0.25,4,0
3818,CA-2015-102582,509,1432,427,445,2,273,59.97,3,0.0,59.97,0.0,0.0,4,0
3819,CA-2015-102582,509,532,427,445,2,273,1056.86,7,0.0,1056.86,306.4894,0.29000000000000004,4,0
3820,CA-2017-141873,669,881,450,337,2,24,12.816,3,0.2,16.02,4.3254,0.33749999999999997,5,0
3821,CA-2017-141873,669,1220,450,337,2,24,314.352,3,0.2,392.93999999999994,-15.7176,-0.05,5,0
3822,CA-2017-141873,669,1588,450,337,2,24,18.98,2,0.0,18.98,8.9206,0.47000000000000003,5,0
3823,CA-2017-141873,669,1470,450,337,2,24,18.24,6,0.2,22.799999999999997,6.156,0.3375,5,0
3824,CA-2015-140984,531,547,472,228,2,165,991.2,6,0.0,991.2,257.712,0.25999999999999995,4,0
3825,CA-2015-140984,531,1573,472,228,2,165,879.984,2,0.2,1099.98,329.994,0.375,4,0
3826,CA-2015-140984,531,752,472,228,2,165,12.96,9,0.2,16.2,4.536,0.3499999999999999,4,0
3827,CA-2014-132801,190,231,274,37,2,163,107.44,10,0.2,134.29999999999998,10.744,0.1,5,0
3828,CA-2017-141733,460,285,918,944,2,152,1458.65,5,0.0,1458.65,423.0085,0.29,4,0
3829,CA-2017-141733,460,1392,918,944,2,152,26.64,1,0.0,26.64,7.4592,0.27999999999999997,4,0
3830,CA-2017-141733,460,468,918,944,2,152,476.8,2,0.0,476.8,119.2,0.25,4,0
3831,CA-2017-141733,460,536,918,944,2,152,87.444,2,0.1,97.16,18.4604,0.2111111111111111,4,0
3832,US-2015-111927,722,217,718,903,2,22,76.14,3,0.0,76.14,26.649,0.35000000000000003,5,0
3833,US-2015-111927,722,1231,718,903,2,22,19.96,2,0.0,19.96,9.3812,0.47,5,0
3834,CA-2014-105984,502,755,157,157,4,48,1049.97,5,0.4,1749.95,-209.994,-0.19999999999999998,0,1
3835,CA-2014-105984,502,1004,157,157,4,48,611.058,3,0.3,872.94,-34.9176,-0.05714285714285714,0,1
3836,CA-2014-100363,488,1085,919,1167,2,277,2.368,2,0.2,2.9599999999999995,0.8288,0.35000000000000003,7,0
3837,CA-2014-100363,488,1589,919,1167,2,277,19.008,3,0.2,23.759999999999998,6.8904,0.3625,7,0
3838,CA-2014-126760,28,433,712,1095,2,284,911.984,2,0.2,1139.98,113.998,0.125,7,0
3839,CA-2014-126760,28,300,712,1095,2,284,674.352,3,0.2,842.9399999999999,-109.5822,-0.1625,7,0
3840,CA-2014-126760,28,944,712,1095,2,284,134.01,9,0.0,134.01,36.1827,0.27,7,0
3841,CA-2014-126760,28,1590,712,1095,2,284,170.97,3,0.0,170.97,70.0977,0.41000000000000003,7,0
3842,US-2014-109162,723,475,786,1377,2,49,170.352,3,0.2,212.94,10.647,0.0625,4,0
3843,CA-2014-101931,478,308,920,657,3,14,7.184,2,0.2,8.98,2.245,0.3125,3,0
3844,CA-2014-101931,478,1591,920,657,3,14,6.28,2,0.0,6.28,0.0628,0.009999999999999998,3,0
3845,CA-2014-101931,478,263,920,657,3,14,480.74,2,0.0,480.74,14.4222,0.03,3,0
3846,CA-2014-101931,478,431,920,657,3,14,616.998,6,0.15,725.8800000000001,-36.294,-0.0588235294117647,3,0
3847,CA-2014-101931,478,87,920,657,3,14,141.4,5,0.0,141.4,38.178,0.26999999999999996,3,0
3848,CA-2017-129000,450,750,921,345,1,131,501.81,3,0.0,501.81,0.0,0.0,2,0
3849,CA-2017-161053,33,1592,586,398,3,146,691.96,4,0.0,691.96,318.3016,0.45999999999999996,1,0
3850,CA-2017-161053,33,61,586,398,3,146,34.95,5,0.0,34.95,15.378,0.43999999999999995,1,0
3851,CA-2015-142377,100,315,785,365,2,335,85.96,7,0.0,85.96,40.4012,0.4700000000000001,5,0
3852,CA-2015-127593,724,102,482,482,4,360,85.3,2,0.0,85.3,14.501,0.17,0,0
3853,CA-2017-130526,151,302,201,1162,3,229,33.568,8,0.8,167.84000000000003,-53.7088,-1.6,3,1
3854,US-2017-131849,690,1593,922,194,2,35,4.95,1,0.0,4.95,2.178,0.43999999999999995,4,0
3855,US-2017-131849,690,1506,922,194,2,35,26.4,5,0.0,26.4,0.0,0.0,4,0
3856,US-2017-105389,662,991,437,961,1,66,3.564,3,0.8,17.820000000000004,-6.237,-1.75,5,1
3857,US-2017-105389,662,1165,437,961,1,66,823.96,5,0.2,1029.95,51.4975,0.0625,5,0
3858,US-2017-105389,662,1006,437,961,1,66,10.272,3,0.2,12.84,0.8988,0.08750000000000001,5,0
3859,CA-2014-140816,647,1594,415,415,4,462,447.944,7,0.2,559.93,89.5888,0.2,0,0
3860,CA-2017-154039,452,856,923,1378,2,156,480.96,3,0.5,961.92,-269.3376,-0.56,5,1
3861,CA-2017-154039,452,1595,923,1378,2,156,124.792,1,0.2,155.98999999999998,10.9193,0.0875,5,0
3862,CA-2014-135755,721,1596,524,1026,2,232,40.176,3,0.2,50.22,14.5638,0.3625,7,0
3863,CA-2014-135755,721,110,524,1026,2,232,10.896,3,0.2,13.620000000000001,3.9498,0.3625,7,0
3864,CA-2017-123246,196,1597,162,16,1,89,10.64,4,0.0,10.64,2.7664,0.26,2,0
3865,CA-2015-157133,63,1598,110,156,2,463,151.96,5,0.6,379.9,-182.352,-1.2,5,1
3866,CA-2014-124709,544,1201,924,1379,1,35,238.0,2,0.0,238.0,38.08,0.16,2,0
3867,CA-2017-146360,254,1114,757,1017,1,453,155.34,6,0.0,155.34,55.9224,0.36,2,0
3868,CA-2015-132486,283,679,925,1380,1,189,148.32,9,0.0,148.32,63.7776,0.43,4,0
3869,CA-2015-132486,283,1497,925,1380,1,189,240.784,1,0.2,300.97999999999996,27.0882,0.1125,4,0
3870,CA-2015-132486,283,878,925,1380,1,189,191.968,7,0.2,239.95999999999998,16.7972,0.08750000000000001,4,0
3871,CA-2015-132486,283,610,925,1380,1,189,11.56,2,0.0,11.56,5.6644,0.48999999999999994,4,0
3872,CA-2015-132486,283,112,925,1380,1,189,11.8,4,0.0,11.8,5.664,0.4799999999999999,4,0
3873,CA-2015-132486,283,1132,925,1380,1,189,842.352,3,0.2,1052.9399999999998,42.1176,0.05,4,0
3874,CA-2016-136231,662,707,65,1244,1,341,23.472,3,0.2,29.34,7.6284,0.325,2,0
3875,CA-2016-136231,662,801,65,1244,1,341,86.058,7,0.7,286.85999999999996,-63.1092,-0.7333333333333333,2,1
3876,CA-2016-136231,662,705,65,1244,1,341,108.784,2,0.2,135.98,6.799,0.0625,2,0
3877,CA-2016-136231,662,1451,65,1244,1,341,10.272,3,0.2,12.84,3.21,0.3125,2,0
3878,CA-2016-140641,213,987,100,1263,2,86,38.19,5,0.7,127.29999999999997,-26.733,-0.7000000000000001,5,1
3879,CA-2014-151001,190,171,268,885,3,68,49.632,4,0.2,62.03999999999999,3.7224,0.075,2,0
3880,CA-2014-151001,190,1570,268,885,3,68,52.096,4,0.2,65.11999999999999,3.9072,0.07500000000000001,2,0
3881,CA-2015-129896,725,1358,926,783,2,28,9.568,2,0.2,11.959999999999999,2.99,0.31250000000000006,5,0
3882,CA-2015-129896,725,233,926,783,2,28,82.368,2,0.2,102.96,-19.5624,-0.23750000000000002,5,0
3883,CA-2015-129896,725,1598,926,783,2,28,364.704,6,0.2,455.88,-36.4704,-0.09999999999999999,5,0
3884,CA-2015-129896,725,1599,926,783,2,28,40.256,4,0.2,50.32,11.0704,0.27499999999999997,5,0
3885,CA-2014-152849,695,7,261,137,2,366,4.368,3,0.2,5.46,0.3822,0.0875,7,0
3886,US-2017-127341,243,281,927,63,2,156,12.128,4,0.8,60.640000000000015,-20.6176,-1.7,4,1
3887,CA-2016-167759,114,1518,841,388,1,464,134.85,3,0.0,134.85,37.758,0.28,5,0
3888,CA-2014-100895,648,1254,271,572,2,237,8.56,2,0.0,8.56,2.6536,0.31,4,0
3889,CA-2014-100895,648,517,271,572,2,237,239.97,3,0.0,239.97,67.1916,0.27999999999999997,4,0
3890,CA-2014-100895,648,519,271,572,2,237,356.94,2,0.0,356.94,107.082,0.3,4,0
3891,US-2016-163881,134,765,391,886,2,2,659.9,2,0.0,659.9,217.767,0.33,6,0
3892,US-2016-163881,134,655,391,886,2,2,1684.752,6,0.2,2105.9399999999996,210.594,0.125,6,0
3893,US-2016-163881,134,1510,391,886,2,2,559.92,8,0.0,559.92,190.3728,0.34,6,0
3894,US-2016-144547,475,649,339,697,2,67,279.944,7,0.2,349.93,48.9902,0.175,4,0
3895,US-2014-112200,680,1231,755,684,2,432,9.98,5,0.8,49.90000000000001,-16.467,-1.65,6,1
3896,CA-2017-110212,320,1600,928,1025,2,465,48.9,5,0.0,48.9,18.093,0.37,4,0
3897,CA-2017-134285,104,1085,227,1260,2,66,3.552,3,0.2,4.4399999999999995,1.2432,0.35000000000000003,5,0
3898,CA-2017-134285,104,89,227,1260,2,66,15.552,3,0.2,19.439999999999998,5.4432,0.35000000000000003,5,0
3899,CA-2017-102267,562,1085,330,770,2,466,2.368,2,0.2,2.9599999999999995,0.8288,0.35000000000000003,4,0
3900,CA-2017-157980,130,429,227,35,3,214,127.984,2,0.2,159.98,25.5968,0.2,2,0
3901,CA-2015-121097,246,290,929,1381,2,467,10.368,2,0.2,12.959999999999999,3.6288,0.35,5,0
3902,CA-2015-151043,68,1601,718,313,2,106,47.984,2,0.2,59.98,-1.1996,-0.024999999999999998,6,0
3903,US-2015-119312,38,1221,654,1293,1,63,270.34,14,0.0,270.34,75.6952,0.28,5,0
3904,CA-2015-167010,726,1298,58,890,2,106,98.112,7,0.2,122.63999999999999,18.396,0.18750000000000003,5,0
3905,CA-2015-167010,726,719,58,890,2,106,563.808,4,0.2,704.76,21.1428,0.037500000000000006,5,0
3906,CA-2015-167010,726,845,58,890,2,106,10.428,4,0.7,34.76,-6.952,-0.6666666666666666,5,1
3907,CA-2015-167010,726,1305,58,890,2,106,547.136,4,0.2,683.92,-68.392,-0.125,5,0
3908,CA-2015-167010,726,501,58,890,2,106,14.85,5,0.4,24.75,-3.2175,-0.21666666666666665,5,1
3909,CA-2015-167010,726,105,58,890,2,106,41.988,2,0.4,69.98,-9.7972,-0.23333333333333334,5,1
3910,CA-2015-167010,726,1184,58,890,2,106,7.584,1,0.2,9.479999999999999,2.37,0.31250000000000006,5,0
3911,CA-2015-167010,726,1602,58,890,2,106,352.45,5,0.5,704.9,-211.47,-0.6,5,1
3912,CA-2017-126788,456,1603,930,922,3,436,470.376,3,0.2,587.9699999999999,52.9173,0.1125,1,0
3913,CA-2017-148068,153,989,66,146,2,46,19.44,3,0.0,19.44,9.3312,0.48000000000000004,7,0
3914,CA-2017-148068,153,876,66,146,2,46,9.82,2,0.0,9.82,3.2406,0.33,7,0
3915,US-2017-142573,587,856,931,284,2,52,801.6,5,0.5,1603.2,-448.896,-0.56,5,1
3916,US-2017-142573,587,39,931,284,2,52,161.568,2,0.2,201.96,10.098,0.0625,5,0
3917,US-2017-142573,587,1604,931,284,2,52,16.096,2,0.2,20.119999999999997,5.2312,0.325,5,0
3918,US-2017-142573,587,850,931,284,2,52,7.656,4,0.7,25.519999999999996,-6.1248,-0.7999999999999999,5,1
3919,US-2017-142573,587,71,931,284,2,52,311.976,3,0.2,389.96999999999997,-42.8967,-0.1375,5,0
3920,US-2015-148817,471,422,495,215,2,338,61.68,4,0.0,61.68,16.6536,0.27,6,0
3921,US-2015-148817,471,1400,495,215,2,338,63.96,4,0.0,63.96,30.7008,0.48,6,0
3922,CA-2016-110044,289,1502,932,416,1,27,359.976,3,0.2,449.96999999999997,35.9976,0.09999999999999999,4,0
3923,CA-2017-146920,254,219,736,854,2,37,25.344,6,0.2,31.68,7.92,0.3125,4,0
3924,CA-2017-146920,254,1605,736,854,2,37,26.72,5,0.2,33.4,9.352,0.35000000000000003,4,0
3925,CA-2014-103940,203,465,329,159,2,6,30.28,2,0.0,30.28,1.2112,0.04,4,0
3926,CA-2014-103940,203,1221,329,159,2,6,57.93,3,0.0,57.93,16.2204,0.28,4,0
3927,CA-2014-103940,203,1382,329,159,2,6,35.34,2,0.0,35.34,13.4292,0.37999999999999995,4,0
3928,CA-2014-103940,203,142,329,159,2,6,137.24,5,0.2,171.55,46.3185,0.33749999999999997,4,0
3929,CA-2016-162082,366,632,561,717,3,115,241.332,5,0.32,354.90000000000003,-14.196,-0.058823529411764705,3,1
3930,CA-2016-162082,366,549,561,717,3,115,5.184,1,0.2,6.4799999999999995,1.8792,0.3625,3,0
3931,CA-2016-162082,366,1063,561,717,3,115,145.544,7,0.2,181.93,16.3737,0.11249999999999999,3,0
3932,CA-2016-132094,501,1606,371,477,2,12,5.472,3,0.2,6.84,1.6416,0.3,7,0
3933,CA-2016-132094,501,1017,371,477,2,12,47.984,2,0.2,59.98,13.1956,0.275,7,0
3934,CA-2017-123001,498,869,265,566,2,411,9.4,5,0.0,9.4,2.726,0.29,6,0
3935,CA-2017-123001,498,199,265,566,2,411,74.0,5,0.0,74.0,37.0,0.5,6,0
3936,CA-2017-123001,498,1552,265,566,2,411,201.584,2,0.2,251.98,12.599,0.0625,6,0
3937,CA-2015-118955,722,1607,383,783,2,71,28.752,3,0.2,35.94,9.3444,0.325,4,0
3938,CA-2015-118955,722,753,383,783,2,71,27.216,3,0.2,34.019999999999996,9.8658,0.3625,4,0
3939,CA-2015-118955,722,902,383,783,2,71,197.372,2,0.3,281.96000000000004,-25.3764,-0.12857142857142856,4,1
3940,US-2016-143448,709,464,108,108,4,468,1424.9,5,0.0,1424.9,356.225,0.25,0,0
3941,CA-2017-117863,359,1028,797,980,2,24,14.56,2,0.0,14.56,6.2608,0.42999999999999994,5,0
3942,CA-2017-117863,359,537,797,980,2,24,3.048,1,0.2,3.81,1.0287,0.33749999999999997,5,0
3943,CA-2017-160458,14,779,838,149,1,32,25.92,5,0.2,32.4,9.072,0.3499999999999999,2,0
3944,US-2016-142685,727,1421,662,1187,2,251,835.17,7,0.0,835.17,16.7034,0.02,7,0
3945,CA-2016-133144,158,610,459,207,1,2,17.34,3,0.0,17.34,8.4966,0.49000000000000005,5,0
3946,CA-2017-167871,579,1487,552,52,2,241,44.384,1,0.2,55.48,15.5344,0.35,5,0
3947,CA-2017-167871,579,328,552,52,2,241,2.944,1,0.2,3.6799999999999997,-0.6624,-0.225,5,0
3948,CA-2016-119963,18,182,742,442,2,90,6.368,2,0.2,7.96,1.0348,0.16249999999999998,4,0
3949,CA-2016-119963,18,581,742,442,2,90,48.848,2,0.2,61.059999999999995,15.8756,0.325,4,0
3950,CA-2016-119963,18,315,742,442,2,90,19.648,2,0.2,24.56,6.6312,0.33749999999999997,4,0
3951,CA-2016-119963,18,164,742,442,2,90,255.108,6,0.3,364.44000000000005,-18.222,-0.07142857142857144,4,1
3952,CA-2014-121167,374,829,684,954,1,266,17.248,2,0.2,21.56,6.0368,0.35,2,0
3953,US-2016-151862,22,1608,399,388,2,77,159.984,2,0.2,199.98,13.9986,0.0875,7,0
3954,CA-2017-152961,184,70,788,618,2,360,12.7,2,0.0,12.7,5.842,0.46,4,0
3955,CA-2014-133228,385,494,528,1306,2,186,5.47,1,0.0,5.47,2.3521,0.43000000000000005,5,0
3956,CA-2014-133228,385,1042,528,1306,2,186,79.36,4,0.0,79.36,23.808,0.3,5,0
3957,CA-2016-114951,36,1257,191,895,2,10,22.14,3,0.0,22.14,6.4206,0.29,7,0
3958,CA-2016-156573,182,1096,212,800,2,396,11.277,3,0.7,37.58999999999999,-8.6457,-0.7666666666666667,4,1
3959,CA-2016-156573,182,325,212,800,2,396,4.448,2,0.2,5.5600000000000005,0.3336,0.075,4,0
3960,CA-2016-156573,182,1609,212,800,2,396,44.76,3,0.2,55.949999999999996,14.547,0.325,4,0
3961,CA-2015-113901,469,1207,325,1041,2,84,38.28,6,0.0,38.28,17.6088,0.45999999999999996,5,0
3962,CA-2015-113901,469,994,325,1041,2,84,149.95,5,0.0,149.95,44.985,0.30000000000000004,5,0
3963,CA-2017-134838,526,1006,601,298,3,63,12.84,3,0.0,12.84,3.4668,0.27,1,0
3964,CA-2017-134838,526,944,601,298,3,63,44.67,3,0.0,44.67,12.0609,0.27,1,0
3965,CA-2016-120257,618,1610,898,151,2,12,7.872,3,0.2,9.84,0.8856,0.1125,6,0
3966,CA-2014-164910,665,280,608,665,1,197,7.872,3,0.2,9.84,0.8856,0.1125,5,0
3967,CA-2016-149902,387,667,179,1204,2,24,88.04,4,0.0,88.04,22.8904,0.25999999999999995,5,0
3968,CA-2016-146010,259,613,245,455,3,98,40.635,7,0.7,135.44999999999996,-32.508,-0.8000000000000002,3,1
3969,US-2015-163685,723,176,933,1118,2,66,5.728,8,0.8,28.640000000000004,-9.1648,-1.6,4,1
3970,US-2015-163685,723,1611,933,1118,2,66,42.24,10,0.2,52.8,13.2,0.31249999999999994,4,0
3971,CA-2014-135090,728,1358,755,36,2,2,53.82,9,0.0,53.82,24.219,0.45,4,0
3972,CA-2015-132374,391,1501,934,1382,1,424,79.36,4,0.0,79.36,20.6336,0.26,2,0
3973,CA-2016-167556,50,950,893,1198,2,30,13.48,2,0.0,13.48,6.74,0.5,4,0
3974,CA-2016-167556,50,986,893,1198,2,30,29.8,5,0.2,37.25,9.3125,0.3125,4,0
3975,CA-2016-167556,50,29,893,1198,2,30,414.0,8,0.0,414.0,124.2,0.3,4,0
3976,CA-2016-167556,50,778,893,1198,2,30,41.328,7,0.2,51.660000000000004,14.9814,0.3625,4,0
3977,US-2016-116400,519,1612,333,1058,3,196,39.92,4,0.0,39.92,11.1776,0.27999999999999997,2,0
3978,CA-2017-101308,436,128,281,567,2,60,8.94,3,0.0,8.94,4.1124,0.46,5,0
3979,CA-2017-101308,436,510,281,567,2,60,84.784,2,0.2,105.98,-20.1362,-0.23749999999999996,5,0
3980,CA-2014-114517,261,973,852,423,2,24,53.316,2,0.4,88.86000000000001,-19.5492,-0.36666666666666664,4,1
3981,CA-2014-114517,261,552,852,423,2,24,56.52,3,0.0,56.52,15.8256,0.27999999999999997,4,0
3982,CA-2017-119564,485,561,935,699,2,61,22.77,3,0.0,22.77,9.7911,0.43,5,0
3983,CA-2016-135265,667,52,275,479,1,63,287.968,4,0.2,359.96,-3.5996,-0.012499999999999999,2,0
3984,CA-2016-135265,667,1294,275,479,1,63,2799.96,5,0.2,3499.95,944.9865,0.33749999999999997,2,0
3985,CA-2016-135265,667,1439,275,479,1,63,48.94,1,0.0,48.94,24.47,0.5,2,0
3986,CA-2016-108735,342,714,765,439,2,469,257.499,3,0.15,302.94000000000005,24.2352,0.09411764705882351,4,0
3987,CA-2017-112333,581,487,799,350,2,171,2591.56,4,0.0,2591.56,621.9744,0.24,6,0
3988,CA-2017-112333,581,1613,799,350,2,171,41.95,5,0.0,41.95,10.4875,0.25,6,0
3989,US-2016-159415,729,1614,765,184,2,85,79.12,5,0.2,98.9,13.846,0.175,5,0
3990,CA-2014-122588,482,751,642,502,1,470,52.96,2,0.0,52.96,20.1248,0.38,2,0
3991,CA-2014-137589,475,1421,936,1069,2,208,286.344,3,0.2,357.92999999999995,-64.4274,-0.22500000000000003,5,0
3992,CA-2015-161998,107,751,490,1241,2,86,63.552,3,0.2,79.44,14.2992,0.225,4,0
3993,CA-2015-161998,107,611,490,1241,2,86,41.376,3,0.2,51.71999999999999,4.6548,0.1125,4,0
3994,CA-2015-161998,107,916,490,1241,2,86,172.704,6,0.2,215.88,10.794,0.0625,4,0
3995,CA-2015-105627,730,1529,937,900,2,310,512.94,3,0.0,512.94,97.4586,0.18999999999999997,4,0
3996,CA-2015-105627,730,1266,937,900,2,310,860.93,7,0.0,860.93,189.4046,0.22,4,0
3997,CA-2015-105627,730,349,937,900,2,310,769.95,5,0.0,769.95,223.2855,0.29,4,0
3998,CA-2015-105627,730,1615,937,900,2,310,14.98,1,0.0,14.98,4.494,0.3,4,0
3999,CA-2015-105627,730,1293,937,900,2,310,373.08,6,0.0,373.08,82.0776,0.22000000000000003,4,0
4000,US-2015-149629,173,267,790,604,1,455,231.92,5,0.2,289.9,5.798,0.025,3,0
4001,CA-2014-116834,657,1138,857,1080,2,61,63.47,11,0.0,63.47,19.041,0.3,5,0
4002,CA-2014-116834,657,1616,857,1080,2,61,345.0,5,0.0,345.0,58.65,0.16999999999999998,5,0
4003,CA-2016-145730,418,336,841,388,2,66,637.896,3,0.3,911.28,-127.5792,-0.2,5,1
4004,CA-2016-145730,418,1617,841,388,2,66,287.91,3,0.4,479.8500000000001,33.5895,0.11666666666666665,5,1
4005,CA-2016-145730,418,374,841,388,2,66,36.6,3,0.2,45.75,11.895,0.32499999999999996,5,0
4006,US-2015-168732,731,1326,896,1136,2,237,1.78,1,0.0,1.78,0.4984,0.28,6,0
4007,US-2015-168732,731,1441,896,1136,2,237,25.92,4,0.0,25.92,12.4416,0.4799999999999999,6,0
4008,US-2015-168732,731,1618,896,1136,2,237,101.94,6,0.0,101.94,21.4074,0.21,6,0
4009,CA-2015-107468,150,1006,218,938,2,128,6.848,2,0.2,8.559999999999999,0.5992,0.0875,4,0
4010,CA-2017-144463,57,1619,315,1355,2,2,474.43,11,0.0,474.43,199.2606,0.42000000000000004,4,0
4011,CA-2017-100811,694,524,611,222,3,106,8.448,2,0.2,10.56,2.64,0.3125,3,0
4012,CA-2017-100811,694,577,611,222,3,106,39.296,4,0.2,49.12,3.9296,0.1,3,0
4013,CA-2015-153612,458,787,938,18,2,471,17.12,4,0.0,17.12,4.9648,0.29,5,0
4014,CA-2015-165624,652,1108,842,835,2,149,542.94,3,0.0,542.94,152.0232,0.27999999999999997,5,0
4015,CA-2015-165624,652,1187,842,835,2,149,8.64,3,0.0,8.64,4.2336,0.49,5,0
4016,CA-2015-165624,652,1414,842,835,2,149,193.8,5,0.0,193.8,94.962,0.49,5,0
4017,CA-2015-165624,652,1118,842,835,2,149,21.4,5,0.0,21.4,9.63,0.45000000000000007,5,0
4018,CA-2015-165624,652,1620,842,835,2,149,97.88,2,0.0,97.88,48.94,0.5,5,0
4019,CA-2015-165624,652,1131,842,835,2,149,251.91,9,0.0,251.91,47.8629,0.19,5,0
4020,CA-2015-165624,652,23,842,835,2,149,25.86,3,0.0,25.86,6.7236,0.26,5,0
4021,CA-2014-154963,732,168,170,701,2,182,170.058,3,0.3,242.94,-4.8588,-0.02857142857142857,5,1
4022,CA-2014-154963,732,41,170,701,2,182,82.782,3,0.4,137.97,-15.1767,-0.18333333333333335,5,1
4023,CA-2014-154963,732,2,170,701,2,182,853.93,5,0.3,1219.9,0.0,0.0,5,1
4024,CA-2017-130764,706,1220,856,961,3,95,556.665,5,0.15,654.9,6.549,0.011764705882352943,1,0
4025,CA-2017-130764,706,1621,856,961,3,95,95.84,4,0.2,119.8,34.742,0.36249999999999993,1,0
4026,CA-2017-139311,246,1287,939,803,3,472,29.664,4,0.2,37.08,10.0116,0.33749999999999997,2,0
4027,CA-2017-139311,246,1200,939,803,3,472,9.184,7,0.2,11.479999999999999,2.87,0.31250000000000006,2,0
4028,CA-2017-139311,246,665,939,803,3,472,153.584,2,0.2,191.98,13.4386,0.0875,2,0
4029,CA-2017-139311,246,1233,939,803,3,472,12.864,8,0.8,64.32000000000002,-22.512,-1.75,2,1
4030,CA-2017-124296,395,959,166,117,2,300,479.97,3,0.0,479.97,239.985,0.5,4,0
4031,CA-2017-124296,395,1341,166,117,2,300,232.88,4,0.0,232.88,60.5488,0.26,4,0
4032,CA-2016-169957,18,644,183,956,2,473,236.88,6,0.0,236.88,66.3264,0.28,4,0
4033,CA-2016-169957,18,100,183,956,2,473,29.9,5,0.0,29.9,14.651,0.49,4,0
4034,CA-2016-169957,18,1073,183,956,2,473,100.0,4,0.0,100.0,21.0,0.21,4,0
4035,US-2016-108777,488,351,940,940,4,204,18.693,3,0.7,62.309999999999995,-14.3313,-0.7666666666666666,0,1
4036,US-2016-108777,488,429,940,940,4,204,383.952,6,0.2,479.94,76.7904,0.2,0,0
4037,CA-2015-148859,652,1019,76,1366,2,37,24.816,2,0.2,31.019999999999996,1.551,0.0625,4,0
4038,CA-2014-110786,296,1468,283,99,2,95,24.9,5,0.0,24.9,8.217,0.33,4,0
4039,CA-2014-110786,296,1158,283,99,2,95,21.12,4,0.0,21.12,9.504,0.44999999999999996,4,0
4040,CA-2014-110786,296,959,283,99,2,95,767.952,6,0.2,959.9399999999999,287.982,0.37500000000000006,4,0
4041,CA-2014-110786,296,571,283,99,2,95,14.352,3,0.2,17.939999999999998,4.6644,0.32499999999999996,4,0
4042,CA-2014-110786,296,517,283,99,2,95,191.976,3,0.2,239.97,19.1976,0.1,4,0
4043,CA-2014-110786,296,934,283,99,2,95,274.77,9,0.0,274.77,126.3942,0.46,4,0
4044,CA-2014-110786,296,1531,283,99,2,95,70.56,6,0.0,70.56,23.9904,0.34,4,0
4045,CA-2015-137750,536,515,609,1274,2,95,204.85,5,0.0,204.85,57.358,0.27999999999999997,5,0
4046,CA-2015-136378,689,786,789,1004,2,33,9.156,3,0.8,45.780000000000015,-13.734,-1.5,5,1
4047,CA-2017-100356,728,811,209,1297,2,156,23.992,2,0.8,119.96000000000004,-62.3792,-2.5999999999999996,4,1
4048,US-2015-166520,723,983,748,491,3,46,80.88,3,0.0,80.88,39.6312,0.49000000000000005,3,0
4049,US-2015-166520,723,877,748,491,3,46,599.9,10,0.0,599.9,191.968,0.32,3,0
4050,CA-2017-136350,655,738,93,336,1,165,276.69,3,0.0,276.69,49.8042,0.18,2,0
4051,CA-2017-136350,655,269,93,336,1,165,172.764,2,0.1,191.96,32.6332,0.18888888888888888,2,0
4052,CA-2014-122931,417,1274,412,463,2,64,4.224,3,0.2,5.28,1.4784,0.35,4,0
4053,CA-2014-122931,417,1169,412,463,2,64,409.272,2,0.4,682.12,-81.8544,-0.2,4,1
4054,CA-2014-122931,417,1622,412,463,2,64,55.44,11,0.2,69.3,18.018,0.325,4,0
4055,CA-2014-122931,417,1222,412,463,2,64,20.928,4,0.2,26.16,6.8016,0.32499999999999996,4,0
4056,CA-2014-122931,417,459,412,463,2,64,1801.632,6,0.2,2252.04,-337.806,-0.18749999999999997,4,0
4057,CA-2014-122931,417,824,412,463,2,64,67.176,1,0.4,111.96000000000001,-20.1528,-0.3,4,1
4058,CA-2014-163034,214,766,157,684,2,27,646.2,5,0.2,807.75,-8.0775,-0.0125,4,0
4059,CA-2015-124058,63,715,313,28,2,233,72.744,7,0.2,90.92999999999999,-15.4581,-0.2125,4,0
4060,CA-2015-124058,63,468,313,28,2,233,572.16,3,0.2,715.1999999999999,35.76,0.0625,4,0
4061,CA-2016-129196,191,722,475,78,2,27,68.112,3,0.2,85.13999999999999,17.8794,0.2625,6,0
4062,US-2015-138716,689,1125,15,1182,3,60,25.032,3,0.2,31.29,7.8225,0.3125,3,0
4063,US-2016-122182,421,1234,613,561,2,106,39.992,1,0.2,49.989999999999995,7.4985,0.1875,4,0
4064,US-2014-130358,659,1623,671,1383,3,5,20.016,9,0.2,25.019999999999996,1.7514,0.08750000000000001,3,0
4065,US-2014-130358,659,1563,671,1383,3,5,3.104,1,0.2,3.88,0.3492,0.1125,3,0
4066,CA-2014-102673,176,1015,302,1128,2,44,7.52,5,0.2,9.399999999999999,1.41,0.1875,4,0
4067,CA-2014-102673,176,1006,302,1128,2,44,10.272,3,0.2,12.84,0.8988,0.08750000000000001,4,0
4068,CA-2014-102673,176,1141,302,1128,2,44,47.808,12,0.2,59.76,15.5376,0.325,4,0
4069,CA-2014-102673,176,1624,302,1128,2,44,978.84,9,0.2,1223.55,110.1195,0.1125,4,0
4070,CA-2016-145303,600,348,771,1071,3,177,13.14,9,0.8,65.70000000000002,-21.681,-1.65,3,1
4071,CA-2016-145303,600,1096,771,1071,3,177,10.024,4,0.8,50.120000000000005,-16.5396,-1.6500000000000001,3,1
4072,CA-2016-145303,600,1122,771,1071,3,177,156.3728,2,0.32,229.96000000000004,-52.8908,-0.338235294117647,3,1
4073,CA-2015-156104,473,616,402,576,1,305,999.98,2,0.0,999.98,449.991,0.44999999999999996,2,0
4074,US-2015-164308,650,1547,497,875,3,474,821.94,6,0.0,821.94,213.7044,0.25999999999999995,3,0
4075,CA-2017-108112,730,569,941,226,2,475,220.064,4,0.2,275.08,55.016,0.25,5,0
4076,CA-2017-108112,730,1061,941,226,2,475,339.136,4,0.2,423.92,0.0,0.0,5,0
4077,CA-2015-100685,417,654,547,380,1,199,7.04,2,0.0,7.04,3.3088,0.47000000000000003,2,0
4078,CA-2015-100685,417,243,547,380,1,199,5.04,4,0.0,5.04,0.2016,0.04,2,0
4079,CA-2015-100685,417,969,547,380,1,199,116.28,3,0.0,116.28,56.9772,0.49000000000000005,2,0
4080,CA-2015-165414,202,126,380,101,3,223,47.976,3,0.2,59.97,4.7976,0.1,3,0
4081,CA-2016-140417,723,1306,478,322,2,301,60.048,9,0.2,75.06,22.518,0.375,4,0
4082,CA-2016-140417,723,1596,478,322,2,301,5.022,1,0.7,16.74,-3.5154,-0.7,4,1
4083,US-2017-151316,638,570,93,161,2,68,182.994,3,0.8,914.9700000000003,-320.2395,-1.7500000000000002,6,1
4084,US-2017-151316,638,1451,93,161,2,68,10.272,3,0.2,12.84,3.21,0.3125,6,0
4085,CA-2017-163692,657,45,211,429,3,52,7.857,3,0.7,26.189999999999998,-6.0237,-0.7666666666666666,2,1
4086,CA-2016-111913,19,8,579,877,1,380,302.384,2,0.2,377.98,30.2384,0.09999999999999999,2,0
4087,CA-2016-111913,19,45,579,877,1,380,20.952,3,0.2,26.19,7.0713,0.33749999999999997,2,0
4088,CA-2016-111913,19,186,579,877,1,380,11.784,3,0.2,14.73,3.9771,0.33749999999999997,2,0
4089,US-2014-156559,24,1625,711,87,2,238,638.82,9,0.0,638.82,172.4814,0.27,7,0
4090,CA-2016-161473,534,489,179,42,2,46,20.7,2,0.0,20.7,9.936,0.48000000000000004,4,0
4091,CA-2016-161473,534,504,179,42,2,46,10.95,3,0.0,10.95,3.285,0.30000000000000004,4,0
4092,CA-2016-161473,534,571,179,42,2,46,14.352,3,0.2,17.939999999999998,4.6644,0.32499999999999996,4,0
4093,CA-2017-166576,623,943,942,797,3,76,221.024,2,0.2,276.28,-55.256,-0.25,2,0
4094,CA-2015-102491,148,201,253,835,2,203,3080.0,7,0.0,3080.0,1416.8,0.45999999999999996,4,0
4095,CA-2015-102491,148,1236,253,835,2,203,79.96,4,0.0,79.96,18.3908,0.23,4,0
4096,CA-2015-102491,148,1603,253,835,2,203,587.97,3,0.0,587.97,170.5113,0.29,4,0
4097,CA-2014-116904,184,975,866,451,2,40,32.4,5,0.0,32.4,15.552,0.48,5,0
4098,CA-2014-116904,184,460,866,451,2,40,404.9,5,0.0,404.9,16.196,0.04000000000000001,5,0
4099,CA-2014-116904,184,1626,866,451,2,40,9449.95,5,0.0,9449.95,4630.4755,0.48999999999999994,5,0
4100,CA-2014-116904,184,626,866,451,2,40,12.94,2,0.0,12.94,6.47,0.5,5,0
4101,US-2017-102288,234,1627,250,1269,2,15,2.264,1,0.8,11.320000000000002,-5.2072,-2.3000000000000003,4,1
4102,US-2017-102288,234,1109,250,1269,2,15,0.444,1,0.8,2.2200000000000006,-1.11,-2.5,4,1
4103,US-2017-102288,234,1265,250,1269,2,15,146.176,8,0.2,182.71999999999997,47.5072,0.325,4,0
4104,CA-2017-137456,47,741,203,203,4,11,15.92,2,0.0,15.92,7.0048,0.44,0,0
4105,US-2017-155999,272,885,784,803,2,189,159.96,5,0.2,199.95,17.9955,0.11249999999999999,6,0
4106,US-2017-155999,272,481,784,803,2,189,13.76,2,0.2,17.2,4.644,0.3375,6,0
4107,US-2016-148334,733,829,251,371,2,17,4.312,2,0.8,21.560000000000006,-6.8992,-1.6,4,1
4108,CA-2015-105599,508,701,68,68,4,165,13.96,2,0.0,13.96,0.2792,0.02,0,0
4109,CA-2015-105599,508,1480,68,68,4,165,27.414,3,0.4,45.690000000000005,-14.1639,-0.5166666666666666,0,1
4110,CA-2015-153717,394,688,708,1366,2,84,73.98,2,0.0,73.98,19.9746,0.26999999999999996,7,0
4111,CA-2015-153717,394,1628,708,1366,2,84,160.98,1,0.0,160.98,20.9274,0.13,7,0
4112,CA-2015-153717,394,1216,708,1366,2,84,17.34,3,0.0,17.34,8.4966,0.49000000000000005,7,0
4113,CA-2015-153717,394,837,708,1366,2,84,3.28,1,0.0,3.28,0.9512,0.29000000000000004,7,0
4114,CA-2015-116687,545,1140,943,821,2,15,8.856,3,0.2,11.069999999999999,2.9889,0.3375,5,0
4115,CA-2015-116687,545,985,943,821,2,15,158.376,3,0.2,197.97,13.8579,0.08750000000000001,5,0
4116,CA-2016-163573,550,570,391,582,3,60,1219.96,5,0.2,1524.95,381.2375,0.3125,3,0
4117,CA-2015-153416,359,923,28,240,2,2,3.168,2,0.2,3.96,0.99,0.3125,5,0
4118,CA-2015-153416,359,511,28,240,2,2,19.44,3,0.0,19.44,9.3312,0.48000000000000004,5,0
4119,CA-2015-153416,359,392,28,240,2,2,454.86,7,0.0,454.86,54.5832,0.12,5,0
4120,CA-2015-153416,359,277,28,240,2,2,91.392,8,0.2,114.24,29.7024,0.325,5,0
4121,CA-2017-117394,463,1629,508,19,2,75,19.04,4,0.2,23.799999999999997,-1.428,-0.075,6,0
4122,CA-2017-133823,222,911,944,606,4,6,37.44,6,0.0,37.44,16.848,0.45,1,0
4123,CA-2017-133823,222,1352,944,606,4,6,37.59,3,0.0,37.59,17.6673,0.47,1,0
4124,CA-2017-133823,222,1527,944,606,4,6,26.032,2,0.2,32.54,9.4366,0.3625,1,0
4125,CA-2014-127523,411,361,219,599,2,291,35.91,3,0.0,35.91,9.6957,0.27,7,0
4126,CA-2017-123239,208,768,945,690,1,134,91.032,3,0.2,113.78999999999999,-2.2758,-0.024999999999999998,4,0
4127,CA-2017-156769,48,1584,637,1189,3,102,54.66,6,0.0,54.66,18.0378,0.33,3,0
4128,CA-2014-127299,253,769,112,147,2,44,67.344,6,0.2,84.17999999999999,7.5762,0.11250000000000002,5,0
4129,CA-2014-127299,253,1630,112,147,2,44,2624.985,3,0.5,5249.97,-944.9946,-0.36,5,1
4130,CA-2015-121272,158,1550,369,389,2,6,73.28,4,0.0,73.28,21.2512,0.29,6,0
4131,CA-2014-115336,449,498,729,642,2,37,14.48,5,0.8,72.40000000000002,-23.892,-1.65,7,1
4132,CA-2015-111703,42,812,741,585,2,476,11.952,3,0.2,14.94,4.0338,0.3375,7,0
4133,CA-2015-111703,42,220,741,585,2,476,15.552,3,0.2,19.439999999999998,5.6376,0.3625,7,0
4134,CA-2014-128839,75,660,79,104,2,338,45.0,9,0.0,45.0,21.6,0.48000000000000004,5,0
4135,CA-2014-128839,75,381,79,104,2,338,209.97,3,0.0,209.97,90.2871,0.43,5,0
4136,CA-2017-105914,392,913,281,1049,2,2,112.12,5,0.2,140.15,42.045,0.375,6,0
4137,CA-2017-105914,392,907,281,1049,2,2,1575.14,7,0.0,1575.14,204.7682,0.13,6,0
4138,CA-2017-110926,733,295,124,52,2,213,25.06,7,0.0,25.06,12.53,0.5,4,0
4139,CA-2016-117226,471,69,946,315,3,477,6.924,6,0.8,34.62000000000001,-10.386,-1.4999999999999998,2,1
4140,CA-2017-127313,268,231,97,770,3,75,37.392,3,0.2,46.74,2.337,0.0625,3,0
4141,CA-2017-127313,268,1614,97,770,3,75,79.12,5,0.2,98.9,13.846,0.175,3,0
4142,CA-2016-136287,197,166,901,27,2,478,18.9,3,0.0,18.9,8.694,0.4600000000000001,4,0
4143,US-2014-107699,582,1207,947,236,2,375,57.42,9,0.0,57.42,26.4132,0.45999999999999996,4,0
4144,CA-2017-112725,259,854,290,696,2,95,12.74,7,0.0,12.74,5.733,0.44999999999999996,7,0
4145,CA-2017-112725,259,1631,290,696,2,95,8.82,3,0.0,8.82,2.3814,0.27,7,0
4146,CA-2017-112725,259,84,290,696,2,95,120.784,1,0.2,150.98,-13.5882,-0.1125,7,0
4147,CA-2015-136196,600,217,110,785,2,266,322.59,3,0.0,322.59,64.518,0.2,6,0
4148,CA-2017-106068,714,1527,437,961,2,111,9.762,3,0.8,48.81000000000002,-15.1311,-1.5499999999999998,5,1
4149,CA-2017-106068,714,457,437,961,2,111,13.72,1,0.2,17.15,1.2005,0.0875,5,0
4150,CA-2017-106068,714,1616,437,961,2,111,55.2,1,0.2,69.0,-2.07,-0.0375,5,0
4151,CA-2017-106068,714,872,437,961,2,111,259.136,4,0.2,323.92,-58.3056,-0.22499999999999998,5,0
4152,CA-2017-100160,91,149,211,221,2,64,29.24,5,0.2,36.55,9.8685,0.33749999999999997,4,0
4153,CA-2017-100160,91,935,211,221,2,64,15.552,3,0.2,19.439999999999998,5.4432,0.35000000000000003,4,0
4154,CA-2017-100160,91,30,211,221,2,64,4.896,3,0.2,6.119999999999999,1.6524,0.3375,4,0
4155,CA-2016-139689,173,133,724,1033,2,49,38.088,4,0.7,126.95999999999998,-27.9312,-0.7333333333333333,5,1
4156,CA-2016-139689,173,745,724,1033,2,49,2.808,3,0.7,9.359999999999998,-1.9656,-0.7000000000000001,5,1
4157,CA-2015-101091,574,1049,902,365,1,12,47.984,2,0.2,59.98,0.5998,0.012499999999999999,4,0
4158,CA-2015-101091,574,498,902,365,1,12,26.064,6,0.7,86.87999999999998,-19.9824,-0.7666666666666666,4,1
4159,CA-2014-126907,417,1222,302,1069,2,27,15.696,3,0.2,19.619999999999997,5.1012,0.325,7,0
4160,US-2016-164588,276,19,948,132,2,113,12.84,3,0.0,12.84,3.7236,0.29,7,0
4161,CA-2017-115546,734,1401,305,797,2,46,539.97,3,0.0,539.97,134.9925,0.25,4,0
4162,CA-2017-115546,734,1012,305,797,2,46,22.58,2,0.0,22.58,5.8708,0.26,4,0
4163,CA-2015-163587,213,618,949,1305,2,356,16.52,4,0.0,16.52,7.5992,0.46,4,0
4164,CA-2015-163587,213,1189,949,1305,2,356,671.94,3,0.0,671.94,315.8118,0.47,4,0
4165,US-2017-106131,735,26,425,1035,3,43,169.064,7,0.2,211.32999999999998,-14.7931,-0.08750000000000001,2,0
4166,US-2017-106131,735,1248,425,1035,3,43,168.624,9,0.2,210.77999999999997,14.7546,0.08750000000000001,2,0
4167,CA-2015-160213,256,1466,937,650,2,256,19.44,3,0.0,19.44,9.3312,0.48000000000000004,5,0
4168,CA-2014-157924,67,862,857,304,3,55,31.92,4,0.0,31.92,8.2992,0.26,2,0
4169,CA-2014-157924,67,1632,857,304,3,55,433.568,2,0.2,541.9599999999999,-65.0352,-0.15000000000000002,2,0
4170,CA-2015-100216,708,740,658,1225,3,155,31.104,6,0.2,38.879999999999995,10.8864,0.35000000000000003,1,0
4171,CA-2015-100216,708,927,658,1225,3,155,54.816,3,0.2,68.52,17.8152,0.325,1,0
4172,CA-2017-100601,272,701,674,226,2,254,48.86,7,0.0,48.86,0.9772,0.02,4,0
4173,CA-2016-152163,283,21,950,950,4,38,14.2,2,0.0,14.2,6.532,0.46,0,0
4174,CA-2016-152163,283,740,950,950,4,38,12.96,2,0.0,12.96,6.2208,0.4799999999999999,0,0
4175,CA-2016-152163,283,706,950,950,4,38,58.34,2,0.0,58.34,28.0032,0.48,0,0
4176,CA-2015-154340,736,1474,240,673,3,201,56.3,2,0.0,56.3,15.764,0.28,1,0
4177,CA-2014-128846,277,173,885,792,2,38,629.95,5,0.0,629.95,163.787,0.26,5,0
4178,CA-2014-128846,277,840,885,792,2,38,122.97,3,0.0,122.97,60.2553,0.49,5,0
4179,CA-2016-148593,218,1287,951,1134,1,63,46.35,5,0.0,46.35,21.7845,0.47000000000000003,2,0
4180,US-2017-119039,409,74,905,435,2,10,14.976,9,0.2,18.72,5.4288,0.3625,4,0
4181,CA-2017-128426,301,16,567,1345,2,67,4.24,5,0.8,21.200000000000006,-6.36,-1.5,4,1
4182,US-2017-136868,737,1594,834,387,2,46,319.96,4,0.0,319.96,115.1856,0.36,6,0
4183,US-2017-136868,737,127,834,387,2,46,17.04,3,0.0,17.04,7.668,0.45,6,0
4184,US-2017-136868,737,157,834,387,2,46,344.91,3,0.0,344.91,10.3473,0.03,6,0
4185,CA-2016-143749,637,1633,6,1287,3,118,81.94,1,0.0,81.94,20.485,0.25,2,0
4186,CA-2016-111493,381,961,148,333,3,309,98.16,6,0.0,98.16,9.816,0.1,1,0
4187,CA-2017-112536,738,697,797,980,2,479,6.874,7,0.8,34.370000000000005,-10.6547,-1.55,5,1
4188,CA-2017-112536,738,1231,797,980,2,479,1.996,1,0.8,9.980000000000002,-3.2934,-1.6500000000000001,5,1
4189,CA-2017-112536,738,1428,797,980,2,479,8.928,2,0.2,11.16,0.6696,0.07499999999999998,5,0
4190,CA-2016-157714,729,1634,183,394,1,480,9.99,1,0.0,9.99,4.4955,0.44999999999999996,5,0
4191,CA-2017-166709,333,1389,702,904,2,286,10499.97,3,0.0,10499.97,5039.9856,0.48000000000000004,5,0
4192,CA-2015-129392,662,1635,952,952,4,33,21.12,5,0.2,26.4,6.6,0.31249999999999994,0,0
4193,CA-2015-150875,97,4,548,313,2,481,696.42,2,0.0,696.42,160.1766,0.23000000000000004,4,0
4194,CA-2015-150875,97,144,548,313,2,481,304.776,3,0.2,380.96999999999997,22.8582,0.075,4,0
4195,CA-2015-154200,697,1063,653,138,2,189,51.98,2,0.0,51.98,15.0742,0.29,4,0
4196,CA-2016-124233,243,628,144,168,2,4,24.7,5,0.0,24.7,10.374,0.42000000000000004,6,0
4197,US-2015-134271,289,677,25,1384,1,24,21.93,3,0.0,21.93,10.3071,0.47000000000000003,5,0
4198,US-2016-161683,171,533,276,17,2,64,394.816,4,0.2,493.5199999999999,93.7688,0.23750000000000002,5,0
4199,US-2016-161683,171,281,276,17,2,64,18.192,4,0.7,60.63999999999999,-14.5536,-0.7999999999999999,5,1
4200,CA-2015-143105,16,677,896,896,4,24,7.31,1,0.0,7.31,3.4357,0.47000000000000003,0,0
4201,CA-2015-143105,16,616,896,896,4,24,799.984,2,0.2,999.98,249.995,0.3125,0,0
4202,CA-2015-143105,16,321,896,896,4,24,41.28,6,0.0,41.28,18.9888,0.46,0,0
4203,CA-2015-143105,16,146,896,896,4,24,184.66,7,0.0,184.66,84.9436,0.46,0,0
4204,CA-2014-145387,563,33,657,982,1,482,49.25,5,0.0,49.25,18.715,0.38,2,0
4205,CA-2014-145387,563,728,657,982,1,482,10.16,2,0.0,10.16,4.7752,0.47,2,0
4206,CA-2014-145387,563,1257,657,982,1,482,14.76,2,0.0,14.76,4.2804,0.29000000000000004,2,0
4207,CA-2014-145387,563,823,657,982,1,482,34.08,2,0.0,34.08,15.6768,0.46,2,0
4208,CA-2014-145387,563,326,657,982,1,482,17.67,3,0.0,17.67,7.7748,0.43999999999999995,2,0
4209,CA-2014-145387,563,1477,657,982,1,482,1604.9,5,0.0,1604.9,481.47,0.3,2,0
4210,CA-2014-145387,563,1259,657,982,1,482,385.686,1,0.3,550.98,-60.6078,-0.15714285714285714,2,1
4211,CA-2017-109715,739,113,35,818,2,37,15.984,2,0.2,19.98,4.995,0.3125,5,0
4212,CA-2014-166457,725,1408,953,310,1,127,9.42,3,0.0,9.42,4.239,0.45,4,0
4213,CA-2014-166457,725,280,953,310,1,127,6.56,2,0.0,6.56,1.9024,0.29000000000000004,4,0
4214,CA-2014-166457,725,1636,953,310,1,127,24.56,2,0.0,24.56,11.5432,0.47000000000000003,4,0
4215,CA-2016-164637,503,1637,759,388,2,392,128.4,3,0.0,128.4,64.2,0.5,4,0
4216,CA-2014-103590,146,1638,954,775,2,185,62.28,4,0.0,62.28,29.2716,0.47,4,0
4217,CA-2015-111234,449,642,955,934,2,26,9.24,3,0.0,9.24,4.4352,0.48,4,0
4218,CA-2017-149881,715,1639,720,356,3,95,482.664,8,0.15,567.84,85.176,0.17647058823529413,2,0
4219,CA-2017-149881,715,1498,720,356,3,95,4799.984,2,0.2,5999.9800000000005,359.9988,0.075,2,0
4220,CA-2017-134565,484,275,533,488,1,6,37.94,2,0.0,37.94,18.2112,0.4800000000000001,2,0
4221,CA-2017-134565,484,734,533,488,1,6,18.288,6,0.2,22.86,6.6294,0.36250000000000004,2,0
4222,CA-2017-134565,484,1640,533,488,1,6,385.8,5,0.2,482.25,130.2075,0.3375,2,0
4223,CA-2017-134565,484,233,533,488,1,6,102.96,2,0.0,102.96,1.0296,0.010000000000000002,2,0
4224,CA-2017-134565,484,673,533,488,1,6,174.42,3,0.0,174.42,41.8608,0.24,2,0
4225,CA-2016-108644,696,186,956,340,3,117,1.964,2,0.8,9.820000000000002,-3.2406,-1.6500000000000001,3,1
4226,US-2014-102631,226,1641,737,507,2,37,94.428,3,0.6,236.07,-42.4926,-0.45000000000000007,4,1
4227,CA-2017-120327,577,272,344,674,2,47,45.92,4,0.0,45.92,21.5824,0.47,5,0
4228,CA-2015-154970,257,390,957,554,2,6,61.584,1,0.2,76.98,-6.9282,-0.1125,5,0
4229,CA-2016-113803,501,1135,831,254,3,239,22.48,1,0.0,22.48,10.3408,0.45999999999999996,2,0
4230,CA-2017-100223,323,738,958,816,2,78,332.028,9,0.6,830.07,-348.6294,-1.0499999999999998,5,1
4231,CA-2017-100223,323,859,958,816,2,78,11.394,9,0.8,56.97000000000001,-17.6607,-1.5499999999999998,5,1
4232,CA-2017-100223,323,1642,958,816,2,78,15.552,3,0.2,19.439999999999998,5.6376,0.3625,5,0
4233,CA-2017-100223,323,728,958,816,2,78,31.104,6,0.2,38.879999999999995,11.2752,0.3625,5,0
4234,CA-2017-100223,323,352,958,816,2,78,6.316,1,0.8,31.580000000000005,-10.4214,-1.6500000000000001,5,1
4235,CA-2014-168823,16,205,159,147,3,106,11.352,3,0.2,14.19,4.1151,0.3625,3,0
4236,CA-2014-168823,16,866,159,147,3,106,20.808,9,0.2,26.009999999999998,7.0227,0.3375,3,0
4237,CA-2016-162404,740,1396,311,1275,2,229,11.416,4,0.8,57.08000000000001,-18.8364,-1.6500000000000001,4,1
4238,CA-2017-104024,551,1643,636,214,1,64,9.408,7,0.2,11.759999999999998,0.7056,0.07500000000000001,5,0
4239,CA-2017-147144,596,1644,607,616,3,60,19.83,1,0.0,19.83,5.949,0.30000000000000004,2,0
4240,CA-2017-158673,34,922,615,1267,2,438,209.7,2,0.0,209.7,100.656,0.48000000000000004,6,0
4241,CA-2014-133704,672,1645,60,468,2,26,43.92,4,0.0,43.92,11.8584,0.26999999999999996,6,0
4242,CA-2014-133704,672,675,60,468,2,26,20.232,3,0.2,25.29,6.5754,0.325,6,0
4243,CA-2016-159142,468,141,959,42,3,29,149.97,3,0.0,149.97,5.9988,0.04,1,0
4244,CA-2016-159142,468,1287,959,42,3,29,27.81,3,0.0,27.81,13.0707,0.47000000000000003,1,0
4245,CA-2014-138436,64,177,960,810,2,2,66.3,3,0.0,66.3,8.619,0.13,4,0
4246,CA-2017-117702,61,1200,355,770,2,309,1.64,1,0.0,1.64,0.738,0.45,6,0
4247,CA-2017-117702,61,221,355,770,2,309,1049.2,5,0.0,1049.2,272.792,0.25999999999999995,6,0
4248,CA-2017-117702,61,1007,355,770,2,309,20.9,5,0.0,20.9,7.524,0.36000000000000004,6,0
4249,CA-2016-157336,82,909,50,6,1,70,88.08,6,0.0,88.08,40.5168,0.4600000000000001,4,0
4250,CA-2016-157336,82,500,50,6,1,70,751.92,4,0.0,751.92,150.384,0.19999999999999998,4,0
4251,CA-2014-168130,741,1154,112,112,4,165,887.103,7,0.1,985.67,177.4206,0.2,0,0
4252,CA-2015-155068,268,1137,925,925,4,153,55.944,7,0.2,69.92999999999999,-13.2867,-0.2375,0,0
4253,CA-2015-155068,268,159,925,925,4,153,10.688,2,0.2,13.36,2.2712,0.21249999999999997,0,0
4254,CA-2015-155068,268,1180,925,925,4,153,11.824,2,0.2,14.78,1.0346,0.0875,0,0
4255,CA-2017-163160,60,814,120,525,3,483,63.312,3,0.2,79.13999999999999,20.5764,0.325,3,0
4256,CA-2017-163160,60,262,120,525,3,483,96.784,4,0.8,483.92000000000013,-145.176,-1.4999999999999998,3,1
4257,CA-2017-163160,60,699,120,525,3,483,10.476,3,0.6,26.19,-6.8094,-0.6499999999999999,3,1
4258,CA-2015-101924,11,1527,407,1316,2,326,9.762,2,0.7,32.54,-6.8334,-0.7,5,1
4259,CA-2016-124793,153,813,561,1245,3,6,196.784,2,0.2,245.98,-22.1382,-0.11250000000000002,2,0
4260,CA-2017-118367,629,245,961,809,1,46,47.98,2,0.0,47.98,23.99,0.5,5,0
4261,CA-2017-164819,603,710,454,16,1,70,13.05,5,0.0,13.05,6.003,0.45999999999999996,4,0
4262,CA-2017-158344,694,1098,784,939,2,351,63.96,4,0.0,63.96,19.8276,0.31,4,0
4263,CA-2017-123351,410,1430,297,146,2,113,80.48,1,0.0,80.48,24.144,0.3,4,0
4264,CA-2017-110429,662,1646,133,1184,2,106,11.673,3,0.7,38.91,-7.782,-0.6666666666666666,5,1
4265,US-2016-131611,213,585,733,1200,2,67,863.128,8,0.3,1233.0400000000002,-160.2952,-0.1857142857142857,4,1
4266,US-2016-131611,213,991,733,1200,2,67,3.564,3,0.8,17.820000000000004,-6.237,-1.75,4,1
4267,US-2016-131611,213,1334,733,1200,2,67,956.6648,7,0.32,1406.8600000000001,-225.0976,-0.23529411764705882,4,1
4268,US-2016-131611,213,543,733,1200,2,67,12.588,3,0.8,62.94000000000001,-20.1408,-1.6,4,1
4269,US-2016-131611,213,1483,733,1200,2,67,171.96,5,0.2,214.95,45.1395,0.26249999999999996,4,0
4270,US-2017-124821,563,563,644,223,1,61,871.4,4,0.0,871.4,148.138,0.17,4,0
4271,CA-2015-166975,742,1641,651,673,2,281,692.472,11,0.2,865.5899999999999,190.4298,0.275,4,0
4272,CA-2016-123806,157,690,391,582,1,309,207.76,4,0.0,207.76,85.1816,0.41000000000000003,3,0
4273,US-2017-158505,228,1558,247,247,4,409,71.928,9,0.2,89.91,6.2937,0.08750000000000001,0,0
4274,US-2017-158505,228,1063,247,247,4,409,25.99,1,0.0,25.99,7.5371,0.29,0,0
4275,CA-2015-142692,123,308,925,373,2,60,3.592,1,0.2,4.49,1.1225,0.3125,5,0
4276,CA-2015-123456,635,167,585,563,2,78,48.632,2,0.8,243.16000000000005,-121.58,-2.5,4,1
4277,CA-2017-151358,377,766,239,1030,2,60,323.1,2,0.0,323.1,61.389,0.19,4,0
4278,US-2016-107440,741,1647,948,1385,2,101,9099.93,7,0.0,9099.93,2365.9818,0.26,4,0
4279,US-2016-107440,741,1468,948,1385,2,101,9.96,2,0.0,9.96,3.2868,0.32999999999999996,4,0
4280,US-2016-107440,741,882,948,1385,2,101,25.3,5,0.0,25.3,11.891,0.47,4,0
4281,CA-2014-166989,85,253,688,729,2,165,11.36,2,0.0,11.36,5.2256,0.46,4,0
4282,CA-2014-166989,85,1465,688,729,2,165,69.264,2,0.1,76.96,14.6224,0.21111111111111114,4,0
4283,CA-2014-103100,456,1648,415,852,3,305,3.69,1,0.0,3.69,1.7343,0.47,3,0
4284,CA-2014-103100,456,1499,415,852,3,305,1103.97,3,0.0,1103.97,496.7865,0.44999999999999996,3,0
4285,CA-2015-105690,663,1104,83,651,1,484,246.1328,2,0.32,361.96000000000004,-76.0116,-0.3088235294117647,5,1
4286,CA-2015-105690,663,3,83,651,1,484,11.696,2,0.2,14.62,3.9474,0.3375,5,0
4287,CA-2015-105690,663,1573,83,651,1,484,439.992,1,0.2,549.99,164.997,0.375,5,0
4288,CA-2017-127516,383,460,117,1278,2,396,64.784,1,0.2,80.98,-12.9568,-0.19999999999999998,6,0
4289,US-2015-117184,22,1198,962,1032,2,15,33.28,5,0.8,166.40000000000003,-49.92,-1.5,4,1
4290,US-2015-117184,22,708,962,1032,2,15,14.088,3,0.2,17.61,4.9308,0.35,4,0
4291,CA-2017-102407,402,312,35,1097,1,26,11.16,2,0.0,11.16,2.79,0.25,4,0
4292,CA-2017-102407,402,210,35,1097,1,26,896.328,9,0.2,1120.4099999999999,22.4082,0.025,4,0
4293,CA-2017-102407,402,1142,35,1097,1,26,189.0,1,0.0,189.0,68.04,0.36000000000000004,4,0
4294,CA-2017-130967,13,174,435,634,2,12,53.982,3,0.4,89.97,-10.7964,-0.2,6,1
4295,CA-2017-101581,695,224,761,856,2,314,177.225,5,0.5,354.45,-120.513,-0.68,5,1
4296,CA-2017-169124,94,1619,446,816,2,485,129.39,3,0.0,129.39,54.3438,0.42000000000000004,7,0
4297,CA-2017-117261,261,1034,508,19,2,4,54.32,4,0.0,54.32,0.5432,0.01,6,0
4298,CA-2017-129021,139,1462,963,776,1,395,4367.896,13,0.2,5459.869999999999,327.5922,0.075,3,0
4299,CA-2017-129021,139,1175,963,776,1,395,49.568,2,0.2,61.959999999999994,15.49,0.3125,3,0
4300,CA-2017-129021,139,732,963,776,1,395,161.376,6,0.2,201.72,12.1032,0.075,3,0
4301,CA-2017-129021,139,853,963,776,1,395,2.784,2,0.2,3.4799999999999995,0.4176,0.15000000000000002,3,0
4302,CA-2017-129021,139,835,963,776,1,395,8.72,5,0.2,10.9,2.943,0.33749999999999997,3,0
4303,CA-2014-123253,369,283,964,56,1,347,3.912,1,0.2,4.89,1.0269,0.2625,3,0
4304,CA-2016-121601,374,762,965,965,4,486,59.752,7,0.2,74.69,19.4194,0.32499999999999996,0,0
4305,CA-2014-162278,739,469,966,1386,1,60,63.92,4,0.0,63.92,3.196,0.05,4,0
4306,CA-2014-162278,739,1486,966,1386,1,60,383.96,5,0.2,479.94999999999993,38.396,0.1,4,0
4307,CA-2016-161095,295,508,932,932,4,4,7.752,3,0.2,9.69,2.8101,0.3625,0,0
4308,CA-2016-161095,295,302,932,932,4,4,33.568,2,0.2,41.959999999999994,11.7488,0.35,0,0
4309,CA-2014-125829,577,1271,131,8,2,63,666.344,7,0.2,832.9300000000001,66.6344,0.09999999999999999,7,0
4310,CA-2014-125829,577,364,131,8,2,63,573.728,4,0.2,717.1599999999999,-64.5444,-0.1125,7,0
4311,CA-2014-125829,577,625,131,8,2,63,21.936,3,0.2,27.419999999999998,8.226,0.37500000000000006,7,0
4312,CA-2014-125829,577,1397,131,8,2,63,19.44,3,0.0,19.44,9.3312,0.48000000000000004,7,0
4313,CA-2014-125829,577,1649,131,8,2,63,447.968,4,0.2,559.96,139.99,0.3125,7,0
4314,CA-2014-123127,408,1613,79,172,2,256,16.78,2,0.0,16.78,4.195,0.25,4,0
4315,CA-2015-115945,270,1555,609,1328,2,63,20.96,2,0.0,20.96,5.24,0.25,6,0
4316,CA-2015-115945,270,806,609,1328,2,63,88.752,3,0.2,110.93999999999998,27.735,0.3125,6,0
4317,CA-2015-115945,270,538,609,1328,2,63,304.23,3,0.0,304.23,9.1269,0.029999999999999995,6,0
4318,CA-2015-136735,67,557,354,992,2,95,167.86,2,0.0,167.86,78.8942,0.47,7,0
4319,US-2017-136189,291,1650,227,158,2,196,82.38,6,0.0,82.38,25.5378,0.31000000000000005,4,0
4320,CA-2014-152345,462,1137,283,929,1,384,23.976,3,0.2,29.97,-5.6943,-0.23750000000000002,5,0
4321,CA-2014-152345,462,1292,283,929,1,384,33.29,1,0.0,33.29,7.9896,0.24000000000000002,5,0
4322,US-2015-147662,42,445,967,1318,2,76,14.952,2,0.7,49.83999999999999,-11.9616,-0.8,5,1
4323,US-2015-147662,42,1401,967,1318,2,76,323.982,3,0.4,539.97,-80.9955,-0.25,5,1
4324,US-2015-147662,42,316,967,1318,2,76,2.286,2,0.7,7.619999999999999,-1.6764,-0.7333333333333333,5,1
4325,US-2015-147662,42,880,967,1318,2,76,14.352,3,0.2,17.939999999999998,0.897,0.0625,5,0
4326,US-2015-147662,42,1049,967,1318,2,76,71.976,3,0.2,89.97,0.8997,0.0125,5,0
4327,CA-2016-153346,423,1321,968,1387,3,171,9.21,3,0.0,9.21,2.3025,0.25,2,0
4328,CA-2016-153346,423,1553,968,1387,3,171,18.0,5,0.0,18.0,8.28,0.45999999999999996,2,0
4329,CA-2017-118360,548,1447,720,105,2,165,42.93,9,0.0,42.93,19.3185,0.45,6,0
4330,CA-2017-149853,139,1651,622,450,2,187,15.552,3,0.2,19.439999999999998,5.4432,0.35000000000000003,6,0
4331,CA-2017-149853,139,567,622,450,2,187,17.92,5,0.2,22.400000000000002,1.12,0.0625,6,0
4332,CA-2017-107909,287,85,854,1280,2,487,19.99,1,0.0,19.99,6.7966,0.34,5,0
4333,CA-2017-107909,287,1548,854,1280,2,487,22.92,5,0.2,28.650000000000002,8.022,0.35,5,0
4334,CA-2015-112375,743,1652,380,18,2,488,50.88,6,0.2,63.6,14.628,0.2875,6,0
4335,CA-2015-112375,743,831,380,18,2,488,27.312,2,0.2,34.14,9.2178,0.3375,6,0
4336,CA-2015-154795,48,1653,140,101,2,489,7.92,1,0.2,9.899999999999999,2.772,0.35,4,0
4337,CA-2015-154795,48,1105,140,101,2,489,14.368,2,0.2,17.96,3.9512,0.275,4,0
4338,CA-2015-125234,18,358,155,495,2,14,107.97,3,0.0,107.97,22.6737,0.21,4,0
4339,CA-2015-125234,18,68,155,495,2,14,113.82,3,0.0,113.82,53.4954,0.47,4,0
4340,CA-2017-133501,730,975,152,854,2,79,5.184,1,0.2,6.4799999999999995,1.8144,0.35,5,0
4341,US-2014-129609,719,360,580,580,4,490,16.28,2,0.0,16.28,6.512,0.39999999999999997,0,0
4342,CA-2017-130309,674,246,95,203,2,102,544.38,3,0.0,544.38,157.8702,0.29000000000000004,4,0
4343,CA-2017-105410,445,926,499,1346,3,95,19.824,6,0.2,24.78,6.6906,0.33749999999999997,3,0
4344,CA-2017-105410,445,1076,499,1346,3,95,657.504,6,0.2,821.88,-131.5008,-0.19999999999999998,3,0
4345,CA-2017-105410,445,101,499,1346,3,95,99.54,2,0.0,99.54,10.9494,0.11,3,0
4346,CA-2017-105410,445,1136,499,1346,3,95,199.96,4,0.0,199.96,85.9828,0.43,3,0
4347,CA-2016-120355,571,655,32,478,2,132,631.782,2,0.1,701.98,140.396,0.22222222222222218,7,0
4348,CA-2016-120355,571,1654,32,478,2,132,60.72,3,0.0,60.72,26.1096,0.43,7,0
4349,CA-2017-169894,598,656,222,1162,1,155,20.724,2,0.7,69.07999999999998,-15.1976,-0.7333333333333333,5,1
4350,CA-2017-169894,598,392,222,1162,1,155,415.872,8,0.2,519.84,-41.5872,-0.1,5,0
4351,US-2017-100482,692,471,646,5,2,404,16.768,2,0.2,20.96,1.4672,0.0875,4,0
4352,US-2017-100482,692,659,646,5,2,404,27.12,2,0.2,33.9,-4.746,-0.17500000000000002,4,0
4353,CA-2017-107748,744,1621,390,1260,1,353,95.84,4,0.2,119.8,34.742,0.36249999999999993,2,0
4354,CA-2017-107748,744,511,390,1260,1,353,12.96,2,0.0,12.96,6.2208,0.4799999999999999,2,0
4355,CA-2017-153654,551,742,222,201,1,197,19.008,8,0.7,63.359999999999985,-12.672,-0.6666666666666667,2,1
4356,CA-2015-155600,198,693,785,215,1,379,1598.058,7,0.7,5326.859999999999,-1065.372,-0.6666666666666667,3,1
4357,CA-2015-155600,198,685,785,215,1,379,36.96,4,0.2,46.199999999999996,12.012,0.325,3,0
4358,CA-2017-162565,626,290,158,158,4,174,10.368,2,0.2,12.959999999999999,3.6288,0.35,0,0
4359,CA-2017-162565,626,623,158,158,4,174,77.72,1,0.6,194.29999999999998,-66.062,-0.85,0,1
4360,CA-2017-162565,626,874,158,158,4,174,520.464,2,0.3,743.5200000000001,-14.8704,-0.028571428571428567,0,1
4361,CA-2016-127642,292,1655,207,455,3,123,111.96,2,0.0,111.96,54.8604,0.49,2,0
4362,US-2017-163195,329,120,923,1217,1,300,29.16,3,0.0,29.16,8.4564,0.29000000000000004,4,0
4363,CA-2017-111332,397,400,969,1054,1,491,131.94,3,0.0,131.94,35.6238,0.27,2,0
4364,CA-2017-111332,397,314,969,1054,1,491,25.92,4,0.0,25.92,8.2944,0.31999999999999995,2,0
4365,CA-2017-111332,397,719,969,1054,1,491,704.76,4,0.0,704.76,162.0948,0.22999999999999998,2,0
4366,CA-2017-111332,397,1100,969,1054,1,491,7.41,3,0.0,7.41,3.4827,0.47,2,0
4367,CA-2017-111332,397,1540,969,1054,1,491,21.5,10,0.0,21.5,7.095,0.33,2,0
4368,CA-2017-117044,67,1322,221,1169,1,37,10.528,4,0.2,13.16,3.29,0.3125,2,0
4369,CA-2017-117044,67,631,221,1169,1,37,20.544,6,0.2,25.68,6.42,0.3125,2,0
4370,US-2016-165078,672,543,733,339,2,453,104.9,5,0.0,104.9,50.352,0.4799999999999999,5,0
4371,US-2016-165078,672,1572,733,339,2,453,39.68,2,0.0,39.68,16.2688,0.41,5,0
4372,US-2016-165078,672,1656,733,339,2,453,51.75,5,0.0,51.75,24.84,0.48,5,0
4373,US-2017-169320,24,242,284,801,1,492,11.68,2,0.0,11.68,5.4896,0.47000000000000003,2,0
4374,US-2017-169320,24,1366,284,801,1,492,159.75,5,0.0,159.75,11.1825,0.06999999999999999,2,0
4375,CA-2016-158575,116,1657,742,391,2,362,103.968,6,0.2,129.96,16.8948,0.1625,6,0
4376,CA-2014-166954,458,72,574,1014,2,493,303.25,5,0.0,303.25,63.6825,0.21,5,0
4377,CA-2014-166954,458,1285,574,1014,2,493,270.72,3,0.0,270.72,78.5088,0.2899999999999999,5,0
4378,CA-2014-166954,458,874,574,1014,2,493,1487.04,5,0.2,1858.8,148.704,0.1,5,0
4379,CA-2015-140830,29,756,673,1258,1,1,17.48,2,0.0,17.48,8.2156,0.47000000000000003,2,0
4380,CA-2015-140830,29,843,673,1258,1,1,71.88,2,0.0,71.88,32.346,0.44999999999999996,2,0
4381,CA-2015-152891,578,627,970,629,2,95,60.45,3,0.0,60.45,16.3215,0.27,5,0
4382,CA-2015-152891,578,439,970,629,2,95,253.176,3,0.2,316.46999999999997,-31.647,-0.125,5,0
4383,US-2015-122784,155,615,604,1098,2,419,2.88,5,0.8,14.400000000000002,-4.464,-1.5500000000000003,7,1
4384,US-2015-122784,155,1658,604,1098,2,419,384.944,4,0.3,549.9200000000001,-126.4816,-0.32857142857142857,7,1
4385,US-2015-122784,155,665,604,1098,2,419,153.584,2,0.2,191.98,13.4386,0.0875,7,0
4386,US-2015-122784,155,38,604,1098,2,419,913.43,5,0.3,1304.9,-52.196,-0.05714285714285714,7,1
4387,CA-2016-156811,163,1645,190,1263,2,35,43.92,4,0.0,43.92,11.8584,0.26999999999999996,6,0
4388,CA-2016-156811,163,1125,190,1263,2,35,25.032,3,0.2,31.29,7.8225,0.3125,6,0
4389,CA-2017-111556,304,653,226,904,3,46,46.76,7,0.0,46.76,22.4448,0.48000000000000004,2,0
4390,CA-2017-111556,304,1122,226,904,3,46,183.968,2,0.2,229.95999999999998,-25.2956,-0.1375,2,0
4391,CA-2017-111556,304,1462,226,904,3,46,1259.97,3,0.0,1259.97,327.5922,0.26,2,0
4392,CA-2017-111556,304,1244,226,904,3,46,68.97,3,0.0,68.97,19.3116,0.27999999999999997,2,0
4393,CA-2016-108868,11,400,163,127,2,177,70.368,2,0.2,87.96,6.1572,0.0875,4,0
4394,CA-2016-108868,11,1251,163,127,2,177,59.96,5,0.2,74.95,21.7355,0.3625,4,0
4395,CA-2014-142965,574,572,837,837,4,158,25.984,1,0.2,32.48,-5.1968,-0.19999999999999998,0,0
4396,CA-2014-142965,574,1000,837,837,4,158,27.36,3,0.7,91.19999999999999,-21.888,-0.8,0,1
4397,CA-2016-148740,707,945,626,259,2,143,361.376,2,0.2,451.71999999999997,27.1032,0.07500000000000001,4,0
4398,US-2014-138758,253,813,971,385,2,75,172.186,2,0.3,245.98000000000002,-46.7362,-0.2714285714285714,4,1
4399,US-2014-138758,253,485,971,385,2,75,69.008,2,0.2,86.25999999999999,12.0764,0.17500000000000002,4,0
4400,CA-2016-131737,48,890,717,717,4,210,199.9,5,0.0,199.9,89.955,0.44999999999999996,0,0
4401,CA-2016-131737,48,228,717,717,4,210,901.95,3,0.0,901.95,297.6435,0.33,0,0
4402,CA-2016-131737,48,623,717,717,4,210,971.5,5,0.0,971.5,252.59,0.26,0,0
4403,CA-2016-114538,117,1659,483,798,3,98,11.328,2,0.2,14.159999999999998,2.5488,0.225,1,0
4404,CA-2014-127936,53,1659,815,1367,3,30,21.24,3,0.0,21.24,8.0712,0.38,2,0
4405,CA-2015-164336,597,175,762,849,2,12,34.8,3,0.2,43.49999999999999,2.175,0.0625,5,0
4406,CA-2015-164336,597,721,762,849,2,12,38.976,3,0.2,48.72,-2.436,-0.0625,5,0
4407,CA-2016-100041,542,703,74,882,2,135,9.08,2,0.0,9.08,4.086,0.45,5,0
4408,CA-2016-100041,542,977,74,882,2,135,314.55,3,0.0,314.55,150.984,0.48000000000000004,5,0
4409,CA-2016-100041,542,186,74,882,2,135,4.91,1,0.0,4.91,2.3077,0.47000000000000003,5,0
4410,US-2014-154879,18,866,458,219,2,26,5.78,2,0.0,5.78,2.7166,0.47000000000000003,5,0
4411,US-2014-154879,18,647,458,219,2,26,107.94,6,0.0,107.94,30.2232,0.27999999999999997,5,0
4412,CA-2014-130624,510,1255,262,1219,3,24,19.65,3,0.0,19.65,9.039,0.46,3,0
4413,CA-2014-130624,510,518,262,1219,3,24,617.97,3,0.0,617.97,160.6722,0.26,3,0
4414,CA-2014-130624,510,942,262,1219,3,24,59.7,3,0.0,59.7,26.865,0.44999999999999996,3,0
4415,CA-2017-132339,81,761,972,963,2,129,387.99,1,0.0,387.99,182.3553,0.47,4,0
4416,CA-2014-153983,118,908,504,777,2,35,575.92,2,0.2,719.8999999999999,71.99,0.125,7,0
4417,CA-2014-153983,118,830,504,777,2,35,30.4,5,0.0,30.4,15.2,0.5,7,0
4418,CA-2017-112900,108,980,360,484,1,186,478.24,8,0.0,478.24,219.9904,0.45999999999999996,3,0
4419,CA-2014-160157,709,125,415,423,2,73,190.848,3,0.2,238.56,-21.4704,-0.1125,7,0
4420,CA-2014-139633,686,1204,507,164,2,48,5.484,4,0.7,18.279999999999998,-4.0216,-0.7333333333333334,7,1
4421,CA-2015-163090,349,683,973,83,1,27,40.92,5,0.2,51.15,3.069,0.075,4,0
4422,CA-2014-117016,184,314,531,1388,2,494,15.552,3,0.2,19.439999999999998,2.3328,0.15000000000000002,5,0
4423,CA-2017-159464,423,23,797,241,3,495,17.24,2,0.0,17.24,4.4824,0.26,1,0
4424,CA-2017-159464,423,1660,797,241,3,495,302.94,3,0.0,302.94,75.735,0.25,1,0
4425,CA-2017-159464,423,1092,797,241,3,495,34.75,5,0.0,34.75,15.6375,0.44999999999999996,1,0
4426,CA-2017-159464,423,413,797,241,3,495,113.94,6,0.0,113.94,54.6912,0.48000000000000004,1,0
4427,CA-2017-159464,423,1481,797,241,3,495,55.98,2,0.0,55.98,15.6744,0.28,1,0
4428,US-2017-103226,695,188,586,395,2,384,27.18,3,0.0,27.18,12.231,0.45,6,0
4429,CA-2017-119452,53,1497,709,997,2,313,1805.88,6,0.0,1805.88,523.7052,0.29,6,0
4430,CA-2017-147725,300,1560,33,33,4,417,70.95,3,0.0,70.95,18.447,0.25999999999999995,0,0
4431,CA-2016-168893,276,660,55,1,1,1,20.0,4,0.0,20.0,9.6,0.48,5,0
4432,CA-2016-168893,276,1597,55,1,1,1,7.98,3,0.0,7.98,2.0748,0.26,5,0
4433,CA-2016-168893,276,764,55,1,1,1,24.1,5,0.0,24.1,9.158,0.37999999999999995,5,0
4434,CA-2016-168893,276,1453,55,1,1,1,8.75,1,0.0,8.75,2.625,0.3,5,0
4435,CA-2016-168893,276,1661,55,1,1,1,842.94,3,0.0,842.94,160.1586,0.19,5,0
4436,CA-2016-163398,559,635,974,542,2,156,2.182,1,0.8,10.910000000000002,-3.6003,-1.65,5,1
4437,CA-2016-163398,559,1662,974,542,2,156,27.384,7,0.2,34.23,2.7384,0.09999999999999999,5,0
4438,CA-2016-163398,559,1325,974,542,2,156,26.406,3,0.8,132.03000000000003,-71.2962,-2.7,5,1
4439,CA-2016-162726,364,1194,798,461,2,484,10.368,2,0.2,12.959999999999999,3.6288,0.35,6,0
4440,CA-2016-162726,364,957,798,461,2,484,23.68,4,0.2,29.599999999999998,7.4,0.3125,6,0
4441,US-2016-111290,590,990,406,1389,2,21,109.95,1,0.0,109.95,36.2835,0.32999999999999996,4,0
4442,US-2016-111290,590,1663,406,1389,2,21,965.85,5,0.0,965.85,135.219,0.13999999999999999,4,0
4443,US-2016-111290,590,1664,406,1389,2,21,29.2,5,0.0,29.2,10.512,0.36000000000000004,4,0
4444,US-2016-111290,590,1010,406,1389,2,21,32.4,5,0.0,32.4,15.552,0.48,4,0
4445,US-2014-147704,257,1359,913,872,2,464,78.35,5,0.0,78.35,36.8245,0.47000000000000003,5,0
4446,US-2014-147704,257,1437,913,872,2,464,31.68,6,0.0,31.68,14.256,0.45,5,0
4447,US-2014-147704,257,25,913,872,2,464,29.12,4,0.0,29.12,14.2688,0.49,5,0
4448,US-2014-147704,257,299,913,872,2,464,169.45,5,0.0,169.45,42.3625,0.25,5,0
4449,CA-2015-121965,110,546,975,538,2,4,12.56,2,0.0,12.56,4.0192,0.31999999999999995,4,0
4450,CA-2015-121965,110,1115,975,538,2,4,6.48,1,0.0,6.48,3.1104,0.4799999999999999,4,0
4451,CA-2015-121965,110,634,975,538,2,4,186.69,3,0.0,186.69,87.7443,0.47,4,0
4452,CA-2016-147137,732,535,976,1375,3,10,25.4,5,0.0,25.4,8.636,0.33999999999999997,2,0
4453,CA-2016-147137,732,1665,976,1375,3,10,43.96,2,0.0,43.96,20.6612,0.47000000000000003,2,0
4454,CA-2016-147137,732,790,976,1375,3,10,1279.165,5,0.15,1504.9,225.735,0.17647058823529413,2,0
4455,CA-2016-147137,732,701,976,1375,3,10,27.92,4,0.0,27.92,0.5584,0.02,2,0
4456,US-2015-146745,358,395,38,1015,2,95,129.568,2,0.2,161.96,-12.9568,-0.09999999999999999,5,0
4457,US-2015-146745,358,123,38,1015,2,95,6.368,2,0.2,7.96,2.1492,0.33749999999999997,5,0
4458,CA-2017-115175,431,1185,784,802,2,59,244.55,5,0.0,244.55,114.9385,0.47,5,0
4459,CA-2017-105851,340,466,678,178,2,77,1332.496,2,0.2,1665.6200000000001,-299.8116,-0.22499999999999998,7,0
4460,US-2017-125717,285,515,395,173,3,43,32.776,1,0.2,40.97,3.2776,0.09999999999999999,3,0
4461,US-2017-125717,285,197,395,173,3,43,147.184,2,0.2,183.98,-29.4368,-0.2,3,0
4462,US-2017-125717,285,152,395,173,3,43,54.384,2,0.2,67.97999999999999,1.3596,0.024999999999999998,3,0
4463,US-2017-125717,285,1243,395,173,3,43,76.776,4,0.7,255.91999999999996,-58.8616,-0.7666666666666667,3,1
4464,US-2017-125717,285,1666,395,173,3,43,14.352,3,0.2,17.939999999999998,5.2026,0.3625,3,0
4465,US-2017-125717,285,165,395,173,3,43,209.792,2,0.2,262.24,26.224,0.125,3,0
4466,CA-2015-163895,375,926,977,1068,2,481,3.304,1,0.2,4.13,1.1151,0.3375,4,0
4467,CA-2017-168641,568,854,222,97,2,46,16.38,9,0.0,16.38,7.371,0.45000000000000007,7,0
4468,CA-2017-168641,568,971,222,97,2,46,167.96,2,0.0,167.96,78.9412,0.47,7,0
4469,CA-2017-168641,568,1334,222,97,2,46,321.568,2,0.2,401.96,-16.0784,-0.049999999999999996,7,0
4470,CA-2017-168641,568,1194,222,97,2,46,12.96,2,0.0,12.96,6.2208,0.4799999999999999,7,0
4471,CA-2017-156895,138,1535,541,606,2,12,128.058,3,0.3,182.94,-23.7822,-0.18571428571428572,4,1
4472,CA-2017-121300,68,1210,366,366,4,496,63.686,1,0.3,90.98,-15.4666,-0.24285714285714285,0,1
4473,CA-2017-121300,68,410,366,366,4,496,239.976,3,0.2,299.96999999999997,65.9934,0.27499999999999997,0,0
4474,CA-2017-121300,68,1667,366,366,4,496,344.22,2,0.4,573.7,-189.321,-0.5499999999999999,0,1
4475,CA-2017-121300,68,1291,366,366,4,496,15.552,3,0.2,19.439999999999998,5.4432,0.35000000000000003,0,0
4476,CA-2017-121300,68,1495,366,366,4,496,21.248,4,0.2,26.56,7.4368,0.35,0,0
4477,CA-2017-121300,68,1611,366,366,4,496,8.448,2,0.2,10.56,2.64,0.3125,0,0
4478,CA-2017-130211,380,1668,761,761,4,497,333.09,3,0.0,333.09,23.3163,0.07,0,0
4479,CA-2017-130211,380,210,761,761,4,497,248.98,2,0.0,248.98,54.7756,0.22,0,0
4480,CA-2014-147235,304,1669,978,1177,2,24,24.9,5,0.0,24.9,11.703,0.47000000000000003,4,0
4481,CA-2016-109365,191,846,55,1,2,14,15.26,7,0.0,15.26,5.0358,0.33,5,0
4482,CA-2016-109365,191,1657,55,1,2,14,43.32,2,0.0,43.32,14.2956,0.33,5,0
4483,CA-2016-109365,191,110,55,1,2,14,43.584,12,0.2,54.480000000000004,15.7992,0.3625,5,0
4484,CA-2016-109365,191,1670,55,1,2,14,116.28,3,0.0,116.28,56.9772,0.49000000000000005,5,0
4485,CA-2016-109365,191,700,55,1,2,14,9.296,2,0.2,11.62,3.0212,0.325,5,0
4486,CA-2016-109365,191,1232,55,1,2,14,19.44,3,0.0,19.44,9.3312,0.48000000000000004,5,0
4487,CA-2016-109365,191,1079,55,1,2,14,314.55,3,0.0,314.55,150.984,0.48000000000000004,5,0
4488,CA-2015-162621,403,1527,578,862,2,67,16.27,5,0.8,81.35000000000002,-25.2185,-1.55,6,1
4489,CA-2015-162621,403,1512,578,862,2,67,69.12,9,0.2,86.4,-14.688,-0.2125,6,0
4490,CA-2015-162621,403,986,578,862,2,67,4.47,3,0.8,22.350000000000005,-7.8225,-1.75,6,1
4491,CA-2017-105921,50,617,719,171,2,4,418.296,3,0.2,522.87,5.2287,0.0125,7,0
4492,CA-2014-150798,301,1573,589,641,1,48,659.988,2,0.4,1099.9800000000002,109.998,0.16666666666666666,2,1
4493,CA-2014-150798,301,535,589,641,1,48,8.128,2,0.2,10.16,1.4224,0.17500000000000002,2,0
4494,CA-2014-150798,301,1194,589,641,1,48,36.288,7,0.2,45.35999999999999,12.7008,0.35000000000000003,2,0
4495,CA-2014-150798,301,378,589,641,1,48,909.72,6,0.3,1299.6000000000001,-51.984,-0.05714285714285714,2,1
4496,CA-2017-112753,114,575,979,1269,2,4,917.9235,9,0.15,1079.91,75.5937,0.08235294117647059,5,0
4497,CA-2017-112753,114,330,979,1269,2,4,38.88,6,0.0,38.88,19.0512,0.49,5,0
4498,CA-2017-155075,544,116,575,35,2,12,631.176,4,0.7,2103.9199999999996,-462.8624,-0.7333333333333333,7,1
4499,CA-2014-103401,745,1166,872,36,2,95,12.96,2,0.0,12.96,6.2208,0.4799999999999999,5,0
4500,CA-2016-124814,525,1291,343,948,2,411,12.96,2,0.0,12.96,6.2208,0.4799999999999999,6,0
4501,CA-2016-124814,525,1459,343,948,2,411,23.2,5,0.2,28.999999999999996,8.12,0.35,6,0
4502,CA-2014-116757,100,511,480,1130,2,15,25.92,5,0.2,32.4,9.072,0.3499999999999999,4,0
4503,CA-2014-116757,100,463,480,1130,2,15,21.312,6,0.2,26.64,7.1928,0.33749999999999997,4,0
4504,US-2014-138247,409,1671,164,283,2,63,173.656,7,0.2,217.07,17.3656,0.1,5,0
4505,US-2014-138247,409,1108,164,283,2,63,361.96,2,0.0,361.96,101.3488,0.28,5,0
4506,US-2014-138247,409,342,164,283,2,63,62.85,3,0.0,62.85,13.1985,0.21,5,0
4507,US-2014-138247,409,639,164,283,2,63,818.376,3,0.2,1022.9699999999999,51.1485,0.0625,5,0
4508,US-2014-138247,409,1513,164,283,2,63,20.34,1,0.0,20.34,0.2034,0.01,5,0
4509,US-2014-138247,409,929,164,283,2,63,23.99,1,0.0,23.99,5.5177,0.23,5,0
4510,CA-2017-167003,746,720,980,149,2,2,171.288,3,0.2,214.11,-6.4233,-0.0375,6,0
4511,CA-2016-119935,367,1609,339,697,2,335,37.3,2,0.0,37.3,17.158,0.4600000000000001,4,0
4512,CA-2016-119935,367,801,339,697,2,335,81.96,2,0.0,81.96,39.3408,0.48000000000000004,4,0
4513,CA-2016-118969,432,472,825,340,3,52,54.792,6,0.7,182.64,-40.1808,-0.7333333333333333,1,1
4514,CA-2016-145240,697,147,48,163,3,33,10.784,1,0.2,13.48,0.8088,0.075,2,0
4515,CA-2016-120873,573,1004,190,475,1,498,290.98,1,0.0,290.98,75.6548,0.25999999999999995,5,0
4516,US-2017-111920,29,1584,761,41,2,313,36.44,4,0.0,36.44,12.0252,0.33,4,0
4517,US-2016-128678,263,1672,307,874,2,60,21.4,5,0.0,21.4,10.058,0.47000000000000003,5,0
4518,US-2016-128678,263,531,307,874,2,60,48.664,7,0.2,60.83,15.8158,0.32499999999999996,5,0
4519,CA-2016-101385,494,155,478,394,2,10,16.56,4,0.0,16.56,6.9552,0.42,6,0
4520,CA-2017-107167,541,1673,194,1390,2,134,1347.52,8,0.2,1684.3999999999999,84.22,0.0625,4,0
4521,CA-2014-109491,19,1197,981,1391,2,239,62.31,3,0.0,62.31,22.4316,0.36,6,0
4522,CA-2014-109491,19,535,981,1391,2,239,20.32,4,0.0,20.32,6.9088,0.34,6,0
4523,CA-2017-105445,163,1329,298,907,1,128,9.432,3,0.2,11.79,3.0654,0.32499999999999996,5,0
4524,CA-2014-107454,743,640,982,1232,2,24,34.86,7,0.0,34.86,16.0356,0.45999999999999996,4,0
4525,CA-2014-107454,743,944,982,1232,2,24,89.34,6,0.0,89.34,24.1218,0.27,4,0
4526,US-2017-105046,337,150,730,284,2,499,269.98,2,0.0,269.98,67.495,0.25,6,0
4527,US-2017-105046,337,1674,730,284,2,499,99.9,5,0.0,99.9,47.952,0.4799999999999999,6,0
4528,US-2017-105046,337,29,730,284,2,499,39.08,4,0.0,39.08,14.4596,0.37,6,0
4529,CA-2017-152856,277,1313,566,19,1,369,116.832,4,0.2,146.04,33.5892,0.2875,2,0
4530,CA-2016-134691,111,1213,697,742,2,17,2.296,2,0.8,11.480000000000002,-3.9032,-1.7000000000000002,4,1
4531,CA-2016-118759,94,630,697,1020,3,30,408.006,2,0.1,453.34,72.5344,0.1777777777777778,3,0
4532,CA-2016-118759,94,147,697,1020,3,30,40.44,3,0.0,40.44,10.5144,0.26,3,0
4533,CA-2014-140403,185,24,983,983,4,361,122.352,3,0.2,152.94,13.7646,0.11249999999999999,0,0
4534,CA-2014-140403,185,589,983,983,4,361,15.28,2,0.0,15.28,7.4872,0.49,0,0
4535,CA-2015-163104,306,359,532,515,2,26,11.96,2,0.0,11.96,5.8604,0.49,7,0
4536,CA-2017-138464,666,1227,142,1210,2,61,15.84,3,0.0,15.84,4.9104,0.31,4,0
4537,CA-2017-138464,666,380,142,1210,2,61,86.376,3,0.2,107.97,30.2316,0.35,4,0
4538,CA-2017-138464,666,488,142,1210,2,61,18.24,3,0.0,18.24,6.2016,0.34,4,0
4539,CA-2017-138464,666,347,142,1210,2,61,13.12,4,0.0,13.12,4.3296,0.33,4,0
4540,CA-2015-104129,21,510,915,57,2,260,105.98,2,0.0,105.98,1.0598,0.01,3,0
4541,CA-2015-104129,21,1530,915,57,2,260,493.92,7,0.3,705.6,-28.224,-0.05714285714285714,3,1
4542,US-2017-132206,150,16,115,549,2,156,5.936,7,0.8,29.680000000000007,-8.904,-1.5,5,1
4543,CA-2017-113474,747,1675,984,186,3,337,325.86,2,0.0,325.86,149.8956,0.45999999999999996,1,0
4544,CA-2015-126557,211,213,985,790,1,27,383.607,9,0.3,548.0100000000001,-5.4801,-0.014285714285714285,5,1
4545,CA-2015-126557,211,919,985,790,1,27,148.48,2,0.2,185.59999999999997,16.704,0.11250000000000002,5,0
4546,CA-2015-126557,211,1486,985,790,1,27,537.544,7,0.2,671.93,53.7544,0.09999999999999999,5,0
4547,CA-2015-126557,211,309,985,790,1,27,1.928,2,0.8,9.640000000000002,-2.9884,-1.55,5,1
4548,CA-2015-126557,211,650,985,790,1,27,6.912,3,0.2,8.639999999999999,0.6912,0.1,5,0
4549,CA-2015-126557,211,276,985,790,1,27,7.76,1,0.6,19.4,-2.134,-0.27499999999999997,5,1
4550,CA-2015-126557,211,518,985,790,1,27,659.168,4,0.2,823.9599999999999,49.4376,0.07500000000000001,5,0
4551,US-2017-107636,393,1676,505,744,3,114,5.76,2,0.0,5.76,2.8224,0.49000000000000005,2,0
4552,US-2014-165862,137,1214,986,1256,2,14,351.216,3,0.2,439.02,4.3902,0.0125,4,0
4553,US-2014-106334,224,371,423,99,2,35,230.28,3,0.2,287.84999999999997,23.028,0.09999999999999999,6,0
4554,US-2014-106334,224,631,423,99,2,35,12.84,3,0.0,12.84,5.778,0.44999999999999996,6,0
4555,CA-2016-101448,519,93,536,399,1,500,56.82,3,0.0,56.82,28.41,0.5,3,0
4556,CA-2015-130218,496,551,392,515,3,330,31.56,4,0.0,31.56,14.202,0.45,3,0
4557,CA-2015-130218,496,701,392,515,3,330,27.92,4,0.0,27.92,0.5584,0.02,3,0
4558,US-2017-117331,445,698,209,961,2,277,8.559,1,0.7,28.529999999999994,-6.5619,-0.7666666666666667,7,1
4559,CA-2014-127383,699,1504,521,957,2,295,49.568,2,0.2,61.959999999999994,17.9684,0.3625,5,0
4560,CA-2014-110219,13,65,953,1205,3,66,127.869,3,0.3,182.67000000000002,-9.1335,-0.07142857142857142,3,1
4561,CA-2015-118871,448,232,785,365,1,14,271.44,3,0.0,271.44,122.148,0.45,5,0
4562,CA-2015-118871,448,1677,785,365,1,14,110.352,3,0.2,137.94,8.2764,0.075,5,0
4563,CA-2015-118871,448,1678,785,365,1,14,36.4,5,0.0,36.4,13.832,0.38000000000000006,5,0
4564,CA-2017-129490,320,1586,987,1034,2,475,419.136,4,0.2,523.92,-57.6312,-0.13749999999999998,4,0
4565,CA-2014-101175,679,1019,338,638,2,155,100.704,6,0.2,125.87999999999998,-1.2588,-0.0125,5,0
4566,US-2017-149510,431,552,735,390,2,307,45.216,3,0.2,56.519999999999996,4.5216,0.1,7,0
4567,US-2017-149510,431,1400,735,390,2,307,28.782,6,0.7,95.93999999999998,-21.1068,-0.7333333333333333,7,1
4568,US-2017-149510,431,828,735,390,2,307,24.448,4,0.2,30.56,8.8624,0.36249999999999993,7,0
4569,CA-2015-111990,552,45,628,51,2,15,10.476,6,0.8,52.38000000000002,-17.2854,-1.6499999999999997,5,1
4570,CA-2014-169460,377,217,988,420,1,59,76.14,3,0.0,76.14,26.649,0.35000000000000003,2,0
4571,US-2015-152128,135,1659,443,1330,1,478,21.24,3,0.0,21.24,8.0712,0.38,2,0
4572,US-2015-152128,135,1243,443,1330,1,478,127.96,2,0.0,127.96,60.1412,0.47000000000000003,2,0
4573,CA-2017-126662,438,852,730,247,2,2,479.984,2,0.2,599.9799999999999,89.997,0.1875,4,0
4574,CA-2016-139395,378,540,940,123,2,31,657.93,7,0.0,657.93,184.2204,0.28,6,0
4575,CA-2016-139395,378,905,940,123,2,31,33.48,4,0.0,33.48,8.7048,0.26000000000000006,6,0
4576,CA-2016-139395,378,325,940,123,2,31,13.9,5,0.0,13.9,3.614,0.26,6,0
4577,CA-2016-139395,378,1679,940,123,2,31,26.86,2,0.0,26.86,6.715,0.25,6,0
4578,US-2014-121734,340,1225,910,165,2,501,9.584,1,0.2,11.979999999999999,3.3544,0.35000000000000003,5,0
4579,CA-2015-110947,327,444,989,926,2,498,113.1,3,0.0,113.1,56.55,0.5,6,0
4580,US-2014-150126,443,1680,924,1095,2,46,65.78,11,0.0,65.78,32.2322,0.49,6,0
4581,CA-2015-164427,154,241,375,706,2,502,239.7,6,0.0,239.7,105.468,0.44000000000000006,6,0
4582,CA-2016-120250,400,1681,252,898,3,12,25.632,3,0.2,32.04,3.8448,0.15,3,0
4583,CA-2016-121993,678,1648,225,2,3,12,23.616,8,0.2,29.52,7.9704,0.33749999999999997,2,0
4584,US-2016-100405,748,106,371,771,1,63,8.26,2,0.0,8.26,3.7996,0.46,2,0
4585,US-2017-163790,645,467,809,260,1,503,76.58,7,0.0,76.58,38.29,0.5,2,0
4586,US-2017-163790,645,1274,809,260,1,503,8.8,5,0.0,8.8,4.224,0.48,2,0
4587,US-2017-163790,645,1682,809,260,1,503,590.352,6,0.2,737.9399999999999,206.6232,0.35000000000000003,2,0
4588,US-2017-163790,645,803,809,260,1,503,5.58,3,0.0,5.58,0.1674,0.03,2,0
4589,US-2017-163790,645,1683,809,260,1,503,25.02,3,0.0,25.02,10.5084,0.42,2,0
4590,US-2017-163790,645,558,809,260,1,503,452.55,7,0.0,452.55,22.6275,0.05,2,0
4591,CA-2016-129868,306,1281,483,414,2,26,17.76,2,0.0,17.76,4.9728,0.27999999999999997,5,0
4592,CA-2016-129868,306,8,483,414,2,26,302.384,2,0.2,377.98,30.2384,0.09999999999999999,5,0
4593,CA-2016-129868,306,1535,483,414,2,26,146.352,3,0.2,182.94,-5.4882,-0.0375,5,0
4594,CA-2016-129868,306,1684,483,414,2,26,7.9,2,0.0,7.9,2.054,0.25999999999999995,5,0
4595,CA-2016-129868,306,216,483,414,2,26,902.712,3,0.2,1128.3899999999999,33.8517,0.0375,5,0
4596,CA-2016-129868,306,647,483,414,2,26,53.97,3,0.0,53.97,15.1116,0.27999999999999997,5,0
4597,CA-2016-140564,680,754,6,108,1,226,33.92,8,0.0,33.92,13.2288,0.38999999999999996,5,0
4598,US-2017-169502,378,516,736,854,2,202,21.81,3,0.0,21.81,5.8887,0.27,4,0
4599,US-2017-169502,378,1550,736,854,2,202,91.6,5,0.0,91.6,26.564,0.29000000000000004,4,0
4600,CA-2015-146948,451,532,748,604,2,309,150.98,1,0.0,150.98,43.7842,0.29000000000000004,4,0
4601,CA-2015-146948,451,374,748,604,2,309,137.25,9,0.0,137.25,63.135,0.45999999999999996,4,0
4602,CA-2015-146948,451,1580,748,604,2,309,11.52,4,0.0,11.52,5.4144,0.47,4,0
4603,US-2015-113327,409,1275,990,353,1,223,18.272,1,0.2,22.839999999999996,5.9384,0.325,3,0
4604,US-2015-113327,409,1685,990,353,1,223,153.728,4,0.2,192.16,53.8048,0.35,3,0
4605,US-2015-113327,409,662,990,353,1,223,12.224,2,0.2,15.28,4.4312,0.36249999999999993,3,0
4606,US-2015-113327,409,247,990,353,1,223,167.944,7,0.2,209.92999999999998,50.3832,0.30000000000000004,3,0
4607,CA-2015-135020,475,41,72,1246,2,145,45.99,1,0.0,45.99,13.3371,0.29,5,0
4608,CA-2015-135020,475,519,72,1246,2,145,535.41,3,0.0,535.41,160.623,0.3,5,0
4609,CA-2015-135020,475,537,72,1246,2,145,6.096,2,0.2,7.62,2.0574,0.33749999999999997,5,0
4610,CA-2015-135020,475,1331,72,1246,2,145,45.36,7,0.0,45.36,21.7728,0.48,5,0
4611,US-2017-141852,33,326,46,238,2,219,47.12,8,0.0,47.12,20.7328,0.44000000000000006,5,0
4612,CA-2016-109407,429,461,991,1392,1,253,31.36,4,0.0,31.36,15.68,0.5,2,0
4613,US-2017-165953,213,398,414,1009,2,134,47.616,3,0.2,59.519999999999996,3.5712,0.075,6,0
4614,US-2017-165953,213,708,414,1009,2,134,23.48,5,0.2,29.349999999999998,8.218,0.35,6,0
4615,CA-2016-144540,690,550,65,546,2,33,62.79,3,0.8,313.95000000000005,-166.3935,-2.65,5,1
4616,CA-2016-144540,690,1433,65,546,2,33,28.44,9,0.2,35.55,4.266,0.15,5,0
4617,CA-2015-159863,104,202,407,68,1,15,134.376,3,0.2,167.97,6.7188,0.049999999999999996,3,0
4618,CA-2015-117800,275,1539,482,121,2,290,589.9,2,0.0,589.9,147.475,0.25,5,0
4619,CA-2015-117800,275,324,482,121,2,290,542.94,3,0.0,542.94,141.1644,0.25999999999999995,5,0
4620,CA-2017-145219,85,307,166,54,3,14,2879.952,6,0.2,3599.94,1007.9832,0.35,1,0
4621,CA-2017-145219,85,444,166,54,3,14,90.48,3,0.2,113.1,33.93,0.375,1,0
4622,CA-2015-161214,246,178,349,1050,1,50,77.55,5,0.0,77.55,21.714,0.27999999999999997,3,0
4623,CA-2017-147228,3,328,429,33,2,85,8.832,3,0.2,11.040000000000001,-1.9872,-0.22499999999999998,5,0
4624,CA-2017-147228,3,448,429,33,2,85,177.536,4,0.2,221.92,62.1376,0.35,5,0
4625,CA-2017-147228,3,766,429,33,2,85,258.48,2,0.2,323.1,-3.231,-0.012499999999999999,5,0
4626,CA-2017-147228,3,326,429,33,2,85,14.136,3,0.2,17.669999999999998,4.2408,0.30000000000000004,5,0
4627,CA-2016-101336,317,171,374,742,2,165,77.55,5,0.0,77.55,20.163,0.26,5,0
4628,CA-2016-101336,317,254,374,742,2,165,24.88,2,0.0,24.88,6.9664,0.28,5,0
4629,CA-2016-101336,317,1474,374,742,2,165,140.75,5,0.0,140.75,39.41,0.27999999999999997,5,0
4630,CA-2016-101336,317,763,374,742,2,165,36.63,3,0.0,36.63,9.8901,0.27,5,0
4631,US-2015-126235,316,1686,53,53,4,504,17.14,2,0.0,17.14,6.1704,0.36,0,0
4632,CA-2017-168396,233,489,647,1300,1,35,51.75,5,0.0,51.75,24.84,0.48,5,0
4633,CA-2017-168396,233,480,647,1300,1,35,123.96,3,0.0,123.96,11.1564,0.09,5,0
4634,CA-2015-130456,104,1687,292,1338,2,35,586.398,6,0.15,689.88,34.494,0.058823529411764705,5,0
4635,CA-2015-130456,104,460,292,1338,2,35,80.98,1,0.0,80.98,3.2392,0.039999999999999994,5,0
4636,CA-2017-116288,511,460,847,295,2,35,242.94,3,0.0,242.94,9.7176,0.039999999999999994,5,0
4637,CA-2017-168228,276,291,843,569,3,63,123.92,4,0.0,123.92,33.4584,0.26999999999999996,2,0
4638,CA-2017-168228,276,106,843,569,3,63,12.39,3,0.0,12.39,5.6994,0.45999999999999996,2,0
4639,CA-2017-168228,276,1560,843,569,3,63,47.3,2,0.0,47.3,12.298,0.26,2,0
4640,CA-2016-102162,536,1688,109,1143,2,390,1599.92,8,0.0,1599.92,751.9624,0.47,5,0
4641,CA-2016-102162,536,1476,109,1143,2,390,11.09,1,0.0,11.09,5.4341,0.49,5,0
4642,CA-2017-130141,457,447,761,1201,1,377,3.168,4,0.7,10.559999999999999,-2.5344,-0.8,2,1
4643,CA-2017-130141,457,1689,761,1201,1,377,579.136,4,0.2,723.92,-28.9568,-0.05,2,0
4644,CA-2015-147501,477,1407,992,706,2,60,6.368,2,0.2,7.96,2.1492,0.33749999999999997,4,0
4645,CA-2015-147501,477,1492,992,706,2,60,558.4,2,0.2,697.9999999999999,41.88,0.07500000000000001,4,0
4646,CA-2016-143910,605,406,400,766,2,165,145.764,2,0.1,161.96,-8.098,-0.05555555555555556,4,0
4647,CA-2014-146885,226,703,993,1393,2,196,13.62,3,0.0,13.62,6.129,0.45,6,0
4648,CA-2016-139556,749,1579,994,767,2,30,434.646,3,0.1,482.94,62.7822,0.14444444444444446,5,0
4649,CA-2017-129357,11,1690,305,241,2,6,440.19,9,0.0,440.19,206.8893,0.47,5,0
4650,CA-2017-129357,11,506,305,241,2,6,64.4,5,0.0,64.4,1.932,0.029999999999999995,5,0
4651,CA-2017-150987,572,1185,799,484,2,95,244.55,5,0.0,244.55,114.9385,0.47,4,0
4652,CA-2017-150987,572,1439,799,484,2,95,195.76,4,0.0,195.76,97.88,0.5,4,0
4653,CA-2017-132647,690,1018,923,661,2,348,11.76,2,0.0,11.76,5.7624,0.49000000000000005,6,0
4654,CA-2017-132647,690,1292,923,661,2,348,166.45,5,0.0,166.45,39.948,0.24000000000000002,6,0
4655,CA-2017-159107,410,1580,93,336,1,95,2.88,1,0.0,2.88,1.3536,0.47,2,0
4656,CA-2014-160738,543,87,953,1026,2,483,45.248,2,0.2,56.559999999999995,3.9592,0.08750000000000001,5,0
4657,CA-2015-112130,648,727,911,821,2,12,59.904,2,0.2,74.88,14.2272,0.2375,4,0
4658,CA-2015-112130,648,668,911,821,2,12,23.696,2,0.2,29.62,6.5164,0.27499999999999997,4,0
4659,CA-2015-112130,648,389,911,821,2,12,7.968,2,0.2,9.959999999999999,2.8884,0.3625,4,0
4660,CA-2015-112130,648,190,911,821,2,12,18.2,7,0.2,22.749999999999996,2.0475,0.1125,4,0
4661,CA-2015-112130,648,1691,911,821,2,12,27.552,3,0.2,34.44,-0.3444,-0.012499999999999999,4,0
4662,CA-2015-112130,648,229,911,821,2,12,844.116,6,0.3,1205.88,-36.1764,-0.04285714285714286,4,1
4663,CA-2015-112130,648,912,911,821,2,12,76.752,3,0.2,95.93999999999998,-9.594,-0.125,4,0
4664,CA-2016-111409,139,548,32,898,2,134,3.0,1,0.2,3.75,1.05,0.35000000000000003,4,0
4665,CA-2016-116232,550,758,898,183,2,119,7.506,9,0.7,25.019999999999996,-6.0048,-0.8,4,1
4666,CA-2016-116232,550,323,898,183,2,119,16.56,2,0.2,20.699999999999996,5.796,0.35000000000000003,4,0
4667,CA-2016-116547,11,892,995,328,2,61,79.92,4,0.0,79.92,34.3656,0.43,7,0
4668,CA-2016-116547,11,344,995,328,2,61,69.98,2,0.0,69.98,13.2962,0.19,7,0
4669,US-2017-133200,588,556,637,944,2,7,11.06,10,0.8,55.30000000000001,-18.802,-1.7,5,1
4670,US-2017-133200,588,420,637,944,2,7,623.4648,7,0.32,916.86,-119.1918,-0.1911764705882353,5,1
4671,US-2017-133200,588,1663,637,944,2,7,772.68,5,0.2,965.8499999999999,-57.951,-0.07500000000000001,5,0
4672,CA-2016-133550,108,1153,996,877,2,186,283.14,4,0.1,314.59999999999997,72.358,0.2555555555555556,6,0
4673,CA-2016-133550,108,560,996,877,2,186,635.96,4,0.0,635.96,165.3496,0.26,6,0
4674,CA-2016-133550,108,1271,996,877,2,186,118.99,1,0.0,118.99,33.3172,0.28,6,0
4675,CA-2016-133550,108,270,996,877,2,186,272.94,3,0.0,272.94,30.0234,0.11,6,0
4676,CA-2017-139416,9,1442,997,1066,1,75,15.008,2,0.2,18.759999999999998,1.5008,0.1,2,0
4677,CA-2014-114510,640,1340,620,1094,2,505,33.088,4,0.2,41.36,11.1672,0.33749999999999997,5,0
4678,CA-2014-114510,640,460,620,1094,2,505,80.98,1,0.0,80.98,3.2392,0.039999999999999994,5,0
4679,CA-2014-114510,640,1692,620,1094,2,505,82.8,12,0.0,82.8,6.624,0.08,5,0
4680,CA-2014-114510,640,684,620,1094,2,505,21.36,2,0.0,21.36,5.7672,0.27,5,0
4681,CA-2014-114510,640,1562,620,1094,2,505,62.048,2,0.2,77.56,20.1656,0.325,5,0
4682,CA-2016-169215,682,1322,217,428,1,136,29.61,9,0.0,29.61,13.3245,0.45,4,0
4683,CA-2016-127698,161,1212,50,50,4,315,863.928,9,0.2,1079.9099999999999,86.3928,0.09999999999999999,0,0
4684,CA-2016-159912,335,1530,49,324,2,75,241.92,4,0.4,403.2,-56.448,-0.23333333333333334,5,1
4685,CA-2016-159912,335,1633,49,324,2,75,163.88,4,0.5,327.76,-81.94,-0.5,5,1
4686,CA-2016-159912,335,700,49,324,2,75,3.486,2,0.7,11.62,-2.7888,-0.8,5,1
4687,CA-2016-159912,335,970,49,324,2,75,10.584,7,0.2,13.229999999999999,-2.3814,-0.22500000000000003,5,0
4688,CA-2016-101987,333,1693,891,1187,2,239,440.91,9,0.0,440.91,123.4548,0.27999999999999997,6,0
4689,US-2017-154851,670,32,984,356,2,208,5.715,5,0.7,19.049999999999997,-4.7625,-0.8333333333333334,4,1
4690,CA-2014-138681,565,1417,415,1092,3,116,51.968,2,0.2,64.96,10.3936,0.19999999999999998,2,0
4691,CA-2014-138681,565,247,415,1092,3,116,71.976,3,0.2,89.97,21.5928,0.3,2,0
4692,CA-2014-138681,565,212,415,1092,3,116,242.352,3,0.2,302.94,-42.4116,-0.175,2,0
4693,CA-2014-138681,565,448,415,1092,3,116,221.92,5,0.2,277.4,77.672,0.35000000000000003,2,0
4694,CA-2014-138681,565,1437,415,1092,3,116,8.448,2,0.2,10.56,2.64,0.3125,2,0
4695,US-2015-138121,253,778,998,998,4,186,29.52,4,0.0,29.52,14.4648,0.49,0,0
4696,US-2015-138121,253,932,998,998,4,186,302.94,3,0.0,302.94,48.4704,0.16,0,0
4697,US-2015-138121,253,1460,998,998,4,186,142.36,2,0.0,142.36,38.4372,0.26999999999999996,0,0
4698,US-2015-138121,253,164,998,998,4,186,546.66,9,0.0,546.66,136.665,0.25,0,0
4699,US-2015-138121,253,1455,998,998,4,186,212.13,3,0.0,212.13,14.8491,0.07,0,0
4700,CA-2017-140298,452,1610,944,1349,2,111,5.248,2,0.2,6.56,0.5904,0.1125,6,0
4701,CA-2017-140298,452,244,944,1349,2,111,74.416,2,0.2,93.02,-14.8832,-0.2,6,0
4702,CA-2017-140298,452,631,944,1349,2,111,6.848,2,0.2,8.559999999999999,2.14,0.3125,6,0
4703,CA-2017-140298,452,297,944,1349,2,111,7.996,1,0.6,19.99,-6.9965,-0.875,6,1
4704,CA-2016-166240,705,1113,891,932,2,15,8.712,2,0.8,43.56000000000001,-19.602,-2.25,4,1
4705,CA-2016-158435,152,661,625,557,3,506,65.17,7,0.0,65.17,18.8993,0.29,1,0
4706,CA-2016-158435,152,149,625,557,3,506,14.62,2,0.0,14.62,6.8714,0.47000000000000003,1,0
4707,CA-2016-158435,152,785,625,557,3,506,173.24,4,0.0,173.24,17.324,0.1,1,0
4708,CA-2017-138149,577,1189,223,161,3,14,895.92,5,0.2,1119.8999999999999,302.373,0.3375,1,0
4709,CA-2017-138149,577,124,223,161,3,14,130.71,3,0.0,130.71,39.213,0.3,1,0
4710,CA-2017-138149,577,810,223,161,3,14,11.68,2,0.0,11.68,3.0368,0.26,1,0
4711,CA-2017-138149,577,1197,223,161,3,14,62.31,3,0.0,62.31,22.4316,0.36,1,0
4712,CA-2014-112403,124,799,692,692,4,75,0.852,1,0.7,2.8399999999999994,-0.5964,-0.7000000000000001,0,1
4713,CA-2014-108273,720,816,758,1060,2,144,36.288,7,0.2,45.35999999999999,12.7008,0.35000000000000003,5,0
4714,CA-2014-108273,720,1455,758,1060,2,144,56.568,2,0.6,141.42,-74.9526,-1.3250000000000002,5,1
4715,CA-2017-121643,456,884,797,969,3,41,344.704,2,0.2,430.88,38.7792,0.1125,2,0
4716,US-2015-122910,399,1067,794,496,2,128,201.584,2,0.2,251.98,20.1584,0.1,4,0
4717,CA-2017-143126,476,972,735,227,1,61,521.96,2,0.0,521.96,88.7332,0.16999999999999998,4,0
4718,CA-2015-129042,76,449,296,998,2,309,8.22,3,0.0,8.22,2.2194,0.26999999999999996,5,0
4719,CA-2015-109736,250,512,999,3,3,10,45.36,7,0.0,45.36,21.7728,0.48,1,0
4720,CA-2015-142601,369,274,25,705,1,26,947.17,7,0.0,947.17,9.4717,0.01,2,0
4721,CA-2015-142601,369,1694,25,705,1,26,61.96,2,0.0,61.96,27.882,0.45,2,0
4722,CA-2014-106229,750,364,160,1322,1,174,268.935,3,0.5,537.87,-209.7693,-0.7799999999999999,4,1
4723,US-2017-135230,279,774,854,211,2,6,7.58,1,0.0,7.58,2.9562,0.39,6,0
4724,CA-2016-159653,224,523,731,731,4,507,14.73,3,0.0,14.73,7.2177,0.49,0,0
4725,CA-2016-131968,698,92,584,626,2,332,9.888,2,0.7,32.959999999999994,-6.9216,-0.7,4,1
4726,CA-2016-131968,698,138,584,626,2,332,671.544,3,0.2,839.43,50.3658,0.075,4,0
4727,CA-2014-119151,487,1363,642,504,1,30,1117.92,4,0.0,1117.92,55.896,0.049999999999999996,4,0
4728,CA-2014-119151,487,1122,642,504,1,30,275.952,3,0.2,344.94,-37.9434,-0.13749999999999998,4,0
4729,CA-2014-123323,24,716,846,608,2,95,123.144,7,0.2,153.93,46.179,0.375,5,0
4730,CA-2016-124681,604,1695,428,311,1,163,15.576,3,0.2,19.47,3.3099,0.2125,5,0
4731,US-2015-103996,580,130,369,1053,1,189,212.64,6,0.0,212.64,99.9408,0.47000000000000003,2,0
4732,US-2015-103996,580,1129,369,1053,1,189,9.87,3,0.0,9.87,4.5402,0.46,2,0
4733,US-2015-103996,580,937,369,1053,1,189,53.25,3,0.0,53.25,20.7675,0.38999999999999996,2,0
4734,US-2015-103996,580,1495,369,1053,1,189,19.92,3,0.0,19.92,9.5616,0.48,2,0
4735,CA-2016-120530,115,2,282,409,2,46,658.746,3,0.1,731.9399999999999,146.388,0.22222222222222224,5,0
4736,CA-2015-155054,391,926,386,975,2,508,8.26,2,0.0,8.26,3.8822,0.47000000000000003,6,0
4737,CA-2015-155054,391,529,386,975,2,508,29.84,2,0.0,29.84,13.428,0.45,6,0
4738,CA-2015-155054,391,152,386,975,2,508,67.98,2,0.0,67.98,14.9556,0.22,6,0
4739,CA-2015-105725,151,581,955,1382,2,107,61.06,2,0.0,61.06,28.0876,0.45999999999999996,6,0
4740,CA-2015-105725,151,973,955,1382,2,107,35.544,1,0.2,44.42999999999999,-0.8886,-0.025,6,0
4741,CA-2017-164364,395,691,106,674,2,61,9.96,2,0.0,9.96,4.5816,0.45999999999999996,4,0
4742,CA-2017-164364,395,1321,106,674,2,61,9.21,3,0.0,9.21,2.3025,0.25,4,0
4743,CA-2017-164364,395,661,106,674,2,61,27.93,3,0.0,27.93,8.0997,0.29000000000000004,4,0
4744,CA-2017-168123,149,1433,917,917,4,39,7.9,2,0.0,7.9,2.528,0.32,0,0
4745,CA-2017-168123,149,1126,917,917,4,39,221.16,4,0.0,221.16,57.5016,0.26,0,0
4746,CA-2017-168123,149,670,917,917,4,39,127.96,2,0.0,127.96,62.7004,0.49000000000000005,0,0
4747,CA-2017-168123,149,800,917,917,4,39,18.69,3,0.0,18.69,9.1581,0.48999999999999994,0,0
4748,CA-2016-120005,379,1567,841,841,4,95,25.35,3,0.0,25.35,7.605,0.3,0,0
4749,CA-2016-120005,379,1531,841,841,4,95,35.28,3,0.0,35.28,11.9952,0.34,0,0
4750,CA-2016-123526,297,482,436,592,3,6,33.4,5,0.0,33.4,16.032,0.48000000000000004,1,0
4751,CA-2016-127649,394,1492,878,791,3,322,837.6,3,0.2,1047.0,62.82,0.075,2,0
4752,CA-2016-159989,13,1050,11,181,2,79,40.68,3,0.2,50.849999999999994,-9.153,-0.225,4,0
4753,CA-2017-103499,302,542,226,222,2,281,209.568,2,0.2,261.96,-23.5764,-0.11249999999999999,4,0
4754,US-2015-167220,103,1696,296,1136,2,111,22.368,4,0.2,27.959999999999997,6.4308,0.2875,4,0
4755,CA-2017-126354,619,626,448,1294,2,119,3.882,2,0.7,12.939999999999998,-2.588,-0.6666666666666666,5,1
4756,CA-2017-126354,619,1697,448,1294,2,119,115.296,3,0.2,144.12,40.3536,0.35,5,0
4757,CA-2017-169817,13,1311,297,146,2,106,1.908,2,0.7,6.3599999999999985,-1.5264,-0.8,4,1
4758,US-2017-144582,680,583,505,1025,2,509,43.372,7,0.8,216.86000000000004,-69.3952,-1.6,5,1
4759,CA-2014-121573,612,470,936,846,2,30,783.96,4,0.0,783.96,219.5088,0.27999999999999997,4,0
4760,CA-2014-121573,612,998,936,846,2,30,48.896,2,0.2,61.12,18.336,0.37499999999999994,4,0
4761,CA-2014-121573,612,697,936,846,2,30,7.856,2,0.2,9.819999999999999,2.8478,0.3625,4,0
4762,CA-2016-117660,299,1648,946,1296,2,48,5.904,2,0.2,7.38,1.9926,0.33749999999999997,5,0
4763,CA-2016-117660,299,1258,946,1296,2,48,13.712,2,0.2,17.139999999999997,1.0284,0.075,5,0
4764,CA-2014-112851,750,1698,329,159,2,459,182.94,3,0.0,182.94,85.9818,0.47000000000000003,4,0
4765,CA-2017-123701,311,925,222,345,3,95,27.76,4,0.0,27.76,9.9936,0.36,3,0
4766,CA-2015-118227,490,1063,1000,153,2,30,25.99,1,0.0,25.99,7.5371,0.29,4,0
4767,CA-2015-123155,375,722,1001,900,3,66,113.52,5,0.2,141.89999999999998,29.799,0.2625,3,0
4768,CA-2015-123155,375,1188,1001,900,3,66,359.88,3,0.2,449.84999999999997,22.4925,0.0625,3,0
4769,CA-2017-158883,751,1589,456,96,4,223,25.344,4,0.2,31.68,9.1872,0.3625,1,0
4770,US-2016-114888,255,592,252,447,1,10,11.952,3,0.2,14.94,4.1832,0.35000000000000003,5,0
4771,US-2016-114888,255,1699,252,447,1,10,6.24,3,0.0,6.24,1.872,0.3,5,0
4772,US-2014-167262,550,40,657,936,1,510,742.336,8,0.2,927.92,83.5128,0.1125,3,0
4773,CA-2017-119746,201,1373,52,345,2,27,6.464,1,0.6,16.16,-4.04,-0.625,4,1
4774,CA-2017-119746,201,746,52,345,2,27,11.52,5,0.2,14.399999999999999,4.176,0.36250000000000004,4,0
4775,CA-2017-119746,201,873,52,345,2,27,222.384,2,0.2,277.97999999999996,16.6788,0.075,4,0
4776,CA-2017-108091,736,810,674,611,2,247,23.36,4,0.0,23.36,6.0736,0.26,5,0
4777,CA-2016-101630,317,866,318,1099,1,256,8.67,3,0.0,8.67,4.0749,0.47000000000000003,4,0
4778,CA-2016-101630,317,1258,318,1099,1,256,25.71,3,0.0,25.71,6.6846,0.25999999999999995,4,0
4779,CA-2017-132346,8,337,660,344,2,286,100.94,7,0.0,100.94,33.3102,0.33,4,0
4780,CA-2014-150301,660,475,1002,1394,3,251,63.882,1,0.1,70.97999999999999,10.647,0.16666666666666669,2,0
4781,CA-2014-159310,57,1424,846,608,2,33,683.144,4,0.3,975.9200000000001,0.0,0.0,5,1
4782,CA-2014-159310,57,1700,846,608,2,33,1.476,3,0.8,7.380000000000002,-2.214,-1.5,5,1
4783,CA-2014-159310,57,516,846,608,2,33,40.712,7,0.2,50.89,3.5623,0.0875,5,0
4784,US-2017-147984,674,965,481,1395,2,478,279.9,5,0.0,279.9,137.151,0.4900000000000001,4,0
4785,CA-2015-104346,6,1356,556,1136,2,98,13.12,5,0.2,16.4,1.148,0.0875,5,0
4786,CA-2015-104346,6,1369,556,1136,2,98,69.576,4,0.7,231.91999999999993,-143.7904,-2.066666666666667,5,1
4787,CA-2015-104346,6,825,556,1136,2,98,4.224,3,0.2,5.28,0.4752,0.1125,5,0
4788,CA-2015-104346,6,1701,556,1136,2,98,58.08,4,0.2,72.6,-6.534,-0.1125,5,0
4789,CA-2015-104346,6,1028,556,1136,2,98,52.416,9,0.2,65.52,15.0696,0.28750000000000003,5,0
4790,CA-2015-104346,6,1002,556,1136,2,98,54.92,5,0.2,68.64999999999999,10.984,0.19999999999999998,5,0
4791,CA-2015-104346,6,1343,556,1136,2,98,364.95,5,0.5,729.9,-248.166,-0.68,5,1
4792,CA-2015-104346,6,779,556,1136,2,98,85.056,3,0.2,106.32,28.7064,0.33749999999999997,5,0
4793,CA-2015-104346,6,97,556,1136,2,98,27.696,3,0.2,34.62,9.6936,0.35,5,0
4794,US-2015-141684,515,911,686,434,2,165,24.96,4,0.0,24.96,11.232,0.44999999999999996,5,0
4795,CA-2015-144722,752,1619,200,392,2,2,43.13,1,0.0,43.13,18.1146,0.42,7,0
4796,CA-2015-120516,243,621,864,494,2,511,5.64,3,0.0,5.64,2.7072,0.48,4,0
4797,US-2016-148901,150,1243,676,289,2,134,57.582,3,0.7,191.93999999999997,-44.1462,-0.7666666666666666,5,1
4798,US-2016-148901,150,1348,676,289,2,134,31.104,6,0.2,38.879999999999995,10.8864,0.35000000000000003,5,0
4799,US-2016-148901,150,1599,676,289,2,134,30.192,3,0.2,37.739999999999995,8.3028,0.27499999999999997,5,0
4800,US-2016-148901,150,48,676,289,2,134,43.6,5,0.2,54.5,4.36,0.1,5,0
4801,US-2016-148901,150,1702,676,289,2,134,4.768,2,0.2,5.959999999999999,0.4172,0.08750000000000001,5,0
4802,US-2016-148901,150,154,676,289,2,134,10.38,2,0.7,34.599999999999994,-7.612,-0.7333333333333333,5,1
4803,US-2016-148901,150,79,676,289,2,134,13.392,8,0.7,44.63999999999999,-9.8208,-0.7333333333333334,5,1
4804,CA-2017-136364,709,782,1003,730,1,12,39.594,1,0.4,65.99000000000001,-7.2589,-0.18333333333333332,4,1
4805,CA-2017-136364,709,1309,1003,730,1,12,91.008,9,0.2,113.75999999999999,19.3392,0.21250000000000002,4,0
4806,CA-2015-137708,160,641,7,666,1,142,37.94,2,0.0,37.94,18.2112,0.4800000000000001,3,0
4807,CA-2015-137708,160,1451,7,666,1,142,42.8,10,0.0,42.8,19.26,0.45000000000000007,3,0
4808,CA-2015-137708,160,603,7,666,1,142,33.63,3,0.0,33.63,10.089,0.3,3,0
4809,CA-2014-149055,537,1250,534,684,2,64,62.808,3,0.2,78.50999999999999,21.1977,0.3375,5,0
4810,CA-2015-151589,682,1690,18,1082,3,425,195.64,4,0.0,195.64,91.9508,0.47000000000000003,3,0
4811,CA-2015-151589,682,1192,18,1082,3,425,239.9,2,0.0,239.9,71.97,0.3,3,0
4812,CA-2016-121370,687,324,697,259,1,64,380.058,3,0.3,542.94,-21.7176,-0.05714285714285715,5,1
4813,CA-2016-121370,687,362,697,259,1,64,1199.976,4,0.4,1999.9600000000003,179.9964,0.15,5,1
4814,CA-2016-121370,687,1703,697,259,1,64,48.576,3,0.2,60.72,9.7152,0.19999999999999998,5,0
4815,CA-2016-111696,578,151,542,1121,3,26,17.94,3,0.0,17.94,8.073,0.45,2,0
4816,CA-2014-139598,727,230,59,521,2,64,18.264,3,0.2,22.83,6.1641,0.3375,5,0
4817,CA-2014-139598,727,1657,59,521,2,64,34.656,2,0.2,43.31999999999999,5.6316,0.1625,5,0
4818,CA-2014-139598,727,544,59,521,2,64,81.552,2,0.2,101.94,8.1552,0.1,5,0
4819,CA-2014-139598,727,1044,59,521,2,64,227.136,4,0.2,283.91999999999996,-42.588,-0.1875,5,0
4820,CA-2017-117436,753,1500,111,1390,2,212,10.36,2,0.0,10.36,5.0764,0.49,6,0
4821,CA-2015-140025,725,1365,1004,348,2,66,463.248,8,0.8,2316.2400000000007,-1181.2824,-2.5500000000000003,4,1
4822,CA-2015-140025,725,658,1004,348,2,66,383.952,6,0.2,479.94,47.994,0.125,4,0
4823,CA-2016-134222,126,445,213,1320,4,512,44.856,6,0.7,149.51999999999998,-35.8848,-0.7999999999999999,1,1
4824,CA-2016-140018,238,1704,832,492,2,48,30.345,7,0.7,101.14999999999998,-24.276,-0.8,5,1
4825,CA-2016-140018,238,164,832,492,2,48,127.554,3,0.3,182.22000000000003,-9.111,-0.07142857142857144,5,1
4826,CA-2016-140018,238,1417,832,492,2,48,77.952,3,0.2,97.44,15.5904,0.2,5,0
4827,US-2017-136707,532,237,106,941,3,2,14.016,4,0.2,17.52,4.9056,0.35,3,0
4828,CA-2014-152562,706,1157,302,1069,2,127,69.52,2,0.0,69.52,19.4656,0.27999999999999997,7,0
4829,CA-2014-152562,706,869,302,1069,2,127,5.64,3,0.0,5.64,1.6356,0.29,7,0
4830,CA-2016-152408,628,1213,667,207,2,46,13.776,3,0.2,17.22,4.4772,0.325,6,0
4831,CA-2014-120278,334,1361,846,608,2,513,245.88,6,0.0,245.88,68.8464,0.28,5,0
4832,CA-2014-120278,334,763,846,608,2,513,36.63,3,0.0,36.63,9.8901,0.27,5,0
4833,CA-2014-120278,334,1012,846,608,2,513,22.58,2,0.0,22.58,5.8708,0.26,5,0
4834,CA-2014-120278,334,926,846,608,2,513,12.39,3,0.0,12.39,5.8233,0.47,5,0
4835,CA-2017-167661,487,1231,362,1209,2,95,39.92,5,0.2,49.9,13.473,0.3375,5,0
4836,CA-2017-167661,487,1324,362,1209,2,95,61.96,2,0.0,61.96,27.882,0.45,5,0
4837,CA-2017-167661,487,800,362,1209,2,95,19.936,4,0.2,24.919999999999998,7.2268,0.3625,5,0
4838,CA-2017-106831,652,859,703,96,3,83,3.798,2,0.7,12.659999999999998,-2.6586,-0.7,2,1
4839,CA-2017-106831,652,875,703,96,3,83,27.744,6,0.2,34.68,10.0572,0.3625,2,0
4840,CA-2017-106831,652,195,703,96,3,83,158.376,4,0.4,263.96000000000004,-34.3148,-0.21666666666666665,2,1
4841,CA-2017-154123,338,94,226,921,2,1,27.58,2,0.0,27.58,11.5836,0.42000000000000004,5,0
4842,CA-2016-136049,393,1489,444,1291,2,393,5.553,3,0.7,18.509999999999998,-4.0722,-0.7333333333333333,5,1
4843,CA-2017-118402,124,887,366,1056,2,32,243.92,5,0.2,304.9,-54.882,-0.225,5,0
4844,US-2016-139388,694,1029,78,1200,3,101,14.96,4,0.0,14.96,0.2992,0.02,2,0
4845,US-2014-128685,90,308,528,268,3,142,7.184,2,0.2,8.98,2.245,0.3125,1,0
4846,CA-2015-124044,235,237,863,354,1,145,10.512,3,0.2,13.14,3.6792,0.35,3,0
4847,CA-2014-164469,137,804,403,701,1,161,263.96,5,0.2,329.94999999999993,19.797,0.07500000000000001,2,0
4848,CA-2014-164469,137,360,403,701,1,161,71.632,11,0.2,89.54,17.908,0.25,2,0
4849,CA-2014-164469,137,1133,403,701,1,161,9.328,1,0.2,11.659999999999998,0.8162,0.08750000000000001,2,0
4850,CA-2014-107818,508,426,79,81,2,514,5.88,2,0.0,5.88,2.646,0.45,6,0
4851,CA-2014-107818,508,2,79,81,2,514,975.92,5,0.2,1219.8999999999999,121.99,0.125,6,0
4852,CA-2014-107818,508,109,79,81,2,514,303.84,8,0.0,303.84,91.152,0.30000000000000004,6,0
4853,CA-2014-107818,508,460,79,81,2,514,485.88,6,0.0,485.88,19.4352,0.039999999999999994,6,0
4854,CA-2014-113320,110,1007,433,535,1,233,12.54,3,0.0,12.54,4.5144,0.36000000000000004,3,0
4855,CA-2014-113320,110,384,433,535,1,233,8.94,3,0.0,8.94,0.6258,0.07,3,0
4856,CA-2014-113320,110,51,433,535,1,233,9.24,3,0.0,9.24,4.4352,0.48,3,0
4857,CA-2015-137526,172,706,1005,185,2,26,70.008,3,0.2,87.50999999999999,24.5028,0.35000000000000003,4,0
4858,CA-2015-137526,172,276,1005,185,2,26,77.6,4,0.0,77.6,38.024,0.49000000000000005,4,0
4859,CA-2015-137526,172,1705,1005,185,2,26,464.85,9,0.0,464.85,92.97,0.19999999999999998,4,0
4860,CA-2017-136063,165,1064,935,485,2,515,10.192,7,0.2,12.74,1.0192,0.1,4,0
4861,CA-2016-101546,137,1177,123,436,2,93,1793.98,2,0.0,1793.98,843.1706,0.47000000000000003,6,0
4862,CA-2014-138940,40,1357,910,165,1,111,758.352,6,0.2,947.9399999999999,265.4232,0.35000000000000003,5,0
4863,CA-2016-125164,65,987,339,697,2,165,20.368,1,0.2,25.459999999999997,7.3834,0.36250000000000004,4,0
4864,CA-2016-125164,65,351,339,697,2,165,49.848,3,0.2,62.309999999999995,16.8237,0.33749999999999997,4,0
4865,CA-2017-163531,57,517,336,161,2,24,239.97,3,0.0,239.97,67.1916,0.27999999999999997,4,0
4866,CA-2017-122490,75,446,39,552,2,6,2404.704,6,0.2,3005.88,150.294,0.0625,5,0
4867,CA-2017-122490,75,1243,39,552,2,6,563.024,11,0.2,703.78,190.0206,0.3375,5,0
4868,CA-2017-122490,75,157,39,552,2,6,344.91,3,0.0,344.91,10.3473,0.03,5,0
4869,CA-2017-122490,75,746,39,552,2,6,8.64,3,0.0,8.64,4.2336,0.49,5,0
4870,CA-2017-131366,465,930,222,1162,2,208,89.988,2,0.4,149.98000000000002,-14.998,-0.16666666666666666,5,1
4871,CA-2017-131366,465,1128,222,1162,2,208,229.544,7,0.2,286.93,83.2097,0.3625,5,0
4872,CA-2017-164042,108,1706,980,838,2,15,1.824,2,0.2,2.28,0.6156,0.3375,4,0
4873,CA-2017-164042,108,1550,980,838,2,15,18.32,5,0.8,91.60000000000002,-46.716,-2.55,4,1
4874,CA-2017-164042,108,1513,980,838,2,15,48.816,3,0.2,61.02,-11.5938,-0.2375,4,0
4875,CA-2017-164042,108,306,980,838,2,15,1.188,1,0.8,5.940000000000001,-1.9602,-1.6500000000000001,4,1
4876,CA-2014-132864,472,539,267,1036,2,48,119.8,5,0.2,149.75,29.95,0.25,5,0
4877,US-2014-155817,360,1425,463,1149,2,36,61.568,2,0.2,76.96,4.6176,0.07500000000000001,6,0
4878,US-2014-155817,360,680,463,1149,2,36,6.192,3,0.2,7.74,0.4644,0.075,6,0
4879,US-2016-131891,618,1700,876,996,3,516,2.214,3,0.7,7.379999999999999,-1.476,-0.6666666666666666,2,1
4880,CA-2017-143567,534,1511,809,61,1,1,5.32,2,0.0,5.32,2.6068,0.48999999999999994,3,0
4881,CA-2017-143567,534,2,809,61,1,1,975.92,4,0.0,975.92,292.776,0.30000000000000004,3,0
4882,CA-2017-143567,534,1288,809,61,1,1,2249.91,9,0.0,2249.91,517.4793,0.23,3,0
4883,CA-2017-143567,534,356,809,61,1,1,59.92,4,0.0,59.92,16.7776,0.27999999999999997,3,0
4884,CA-2017-104080,118,1637,145,1396,2,159,171.2,5,0.2,213.99999999999997,64.2,0.37500000000000006,7,0
4885,CA-2017-104080,118,1643,145,1396,2,159,3.36,2,0.0,3.36,0.8736,0.26,7,0
4886,CA-2014-151379,282,1139,758,415,2,84,114.2,5,0.0,114.2,52.532,0.45999999999999996,4,0
4887,CA-2016-163167,576,213,86,50,1,511,182.67,3,0.0,182.67,52.9743,0.29000000000000004,3,0
4888,CA-2016-163167,576,659,86,50,1,511,101.7,6,0.0,101.7,6.102,0.060000000000000005,3,0
4889,CA-2016-163167,576,459,86,50,1,511,1126.02,3,0.0,1126.02,56.301,0.05,3,0
4890,CA-2016-163167,576,1673,86,50,1,511,1263.3,6,0.0,1263.3,315.825,0.25,3,0
4891,CA-2016-135776,554,455,444,946,2,6,8.82,3,0.0,8.82,2.5578,0.29,7,0
4892,CA-2016-135776,554,1238,444,946,2,6,37.94,2,0.0,37.94,18.2112,0.4800000000000001,7,0
4893,CA-2016-135776,554,1707,444,946,2,6,4.2,2,0.0,4.2,1.176,0.27999999999999997,7,0
4894,CA-2016-135776,554,419,444,946,2,6,227.28,2,0.0,227.28,2.2728,0.01,7,0
4895,CA-2016-135776,554,137,444,946,2,6,47.9,1,0.0,47.9,22.992,0.48000000000000004,7,0
4896,CA-2016-135776,554,1504,444,946,2,6,61.96,2,0.0,61.96,30.3604,0.49,7,0
4897,CA-2016-135776,554,1363,444,946,2,6,1117.92,4,0.0,1117.92,55.896,0.049999999999999996,7,0
4898,US-2014-122021,664,1402,772,1137,3,272,183.372,2,0.3,261.96000000000004,-7.8588,-0.04285714285714285,2,1
4899,US-2014-122021,664,389,772,1137,3,272,7.968,2,0.2,9.959999999999999,2.8884,0.3625,2,0
4900,CA-2016-130484,496,1046,251,279,2,428,26.352,8,0.7,87.83999999999999,-18.4464,-0.7000000000000001,5,1
4901,CA-2017-120936,120,773,95,203,2,159,481.32,4,0.0,481.32,125.1432,0.26,4,0
4902,CA-2017-120936,120,1353,95,203,2,159,13.98,1,0.0,13.98,3.6348,0.25999999999999995,4,0
4903,CA-2017-110884,130,807,470,847,2,46,25.92,6,0.2,32.4,9.072,0.3499999999999999,5,0
4904,CA-2017-110884,130,581,470,847,2,46,91.59,3,0.0,91.59,42.1314,0.45999999999999996,5,0
4905,US-2014-161613,205,624,589,641,1,33,674.058,3,0.3,962.94,-19.2588,-0.028571428571428574,2,1
4906,US-2014-146353,532,1548,1006,1080,1,209,22.92,4,0.0,22.92,11.0016,0.48,2,0
4907,US-2014-146353,532,399,1006,1080,1,209,269.9,5,0.0,269.9,16.194,0.060000000000000005,2,0
4908,CA-2014-133809,653,1182,729,534,1,324,11.808,8,0.7,39.35999999999999,-8.6592,-0.7333333333333334,5,1
4909,CA-2014-133809,653,1708,729,534,1,324,9.588,2,0.4,15.979999999999999,-2.0774,-0.21666666666666667,5,1
4910,CA-2017-127306,4,589,425,1352,2,341,18.336,3,0.2,22.919999999999998,6.6468,0.36250000000000004,4,0
4911,CA-2017-127306,4,713,425,1352,2,341,36.288,7,0.2,45.35999999999999,12.7008,0.35000000000000003,4,0
4912,CA-2017-127306,4,432,425,1352,2,341,111.984,2,0.2,139.98,6.999,0.0625,4,0
4913,CA-2017-127306,4,1407,425,1352,2,341,5.97,5,0.7,19.899999999999995,-4.577,-0.7666666666666667,4,1
4914,CA-2017-127306,4,808,425,1352,2,341,2.508,2,0.7,8.36,-1.8392,-0.7333333333333333,4,1
4915,CA-2015-161830,251,31,497,121,1,60,35.96,2,0.0,35.96,10.4284,0.29,2,0
4916,CA-2015-161830,251,800,497,121,1,60,14.952,3,0.2,18.689999999999998,5.4201,0.3625,2,0
4917,CA-2017-163125,94,370,450,1345,1,517,67.144,7,0.2,83.93,5.8751,0.0875,2,0
4918,CA-2017-163125,94,1709,450,1345,1,517,254.058,3,0.3,362.94,-32.6646,-0.1285714285714286,2,1
4919,CA-2016-160304,607,267,1007,677,2,518,173.94,3,0.0,173.94,38.2668,0.22000000000000003,5,0
4920,CA-2016-160304,607,1134,1007,677,2,518,231.98,2,0.0,231.98,67.2742,0.29,5,0
4921,CA-2017-101728,624,1213,972,963,2,156,2.296,2,0.8,11.480000000000002,-3.9032,-1.7000000000000002,4,1
4922,CA-2017-114055,415,1697,54,615,1,365,96.08,2,0.0,96.08,46.1184,0.48000000000000004,4,0
4923,CA-2017-114055,415,805,54,615,1,365,3.62,2,0.0,3.62,1.1946,0.33,4,0
4924,CA-2017-114055,415,922,54,615,1,365,629.1,6,0.0,629.1,301.968,0.48000000000000004,4,0
4925,CA-2017-114055,415,1410,54,615,1,365,90.48,2,0.0,90.48,23.5248,0.25999999999999995,4,0
4926,CA-2017-126438,754,1454,19,1169,3,129,14.88,2,0.0,14.88,3.72,0.25,3,0
4927,CA-2017-117653,374,963,16,437,2,37,91.275,1,0.5,182.55,-67.5435,-0.7399999999999999,4,1
4928,CA-2017-143245,58,1194,97,1140,2,70,19.44,3,0.0,19.44,9.3312,0.48000000000000004,5,0
4929,CA-2017-143245,58,1181,97,1140,2,70,897.15,3,0.0,897.15,251.202,0.28,5,0
4930,US-2014-138828,45,333,815,1011,3,30,57.75,5,0.0,57.75,16.17,0.28,1,0
4931,US-2014-138828,45,812,815,1011,3,30,14.94,3,0.0,14.94,7.0218,0.47000000000000003,1,0
4932,CA-2017-143651,525,1176,614,984,2,6,23.1,2,0.0,23.1,6.93,0.3,5,0
4933,CA-2015-106978,234,1359,695,243,2,43,12.536,1,0.2,15.669999999999998,4.2309,0.3375,6,0
4934,CA-2015-106978,234,752,695,243,2,43,1.08,2,0.7,3.5999999999999996,-0.792,-0.7333333333333333,6,1
4935,CA-2015-106978,234,1015,695,243,2,43,4.512,3,0.2,5.639999999999999,0.846,0.1875,6,0
4936,CA-2015-155124,755,1710,1008,1114,2,519,16.776,3,0.2,20.97,1.6776,0.1,6,0
4937,CA-2017-150931,504,545,1009,1124,2,520,33.74,7,0.0,33.74,15.5204,0.45999999999999996,7,0
4938,CA-2014-157147,206,1245,287,1040,2,10,1325.85,5,0.0,1325.85,238.653,0.18,5,0
4939,CA-2014-157147,206,1220,287,1040,2,10,333.999,3,0.15,392.94000000000005,3.9294,0.01176470588235294,5,0
4940,CA-2014-157147,206,182,287,1040,2,10,19.9,5,0.0,19.9,6.567,0.33,5,0
4941,CA-2015-156482,583,902,526,1251,2,50,1268.82,9,0.0,1268.82,266.4522,0.21000000000000002,7,0
4942,CA-2015-156482,583,1532,526,1251,2,50,283.92,4,0.0,283.92,82.3368,0.29,7,0
4943,CA-2015-156482,583,889,526,1251,2,50,5.68,2,0.0,5.68,1.7608,0.31,7,0
4944,CA-2017-106782,432,459,203,754,2,378,375.34,1,0.0,375.34,18.767,0.05,6,0
4945,CA-2016-151372,99,1697,65,48,3,415,96.08,2,0.0,96.08,46.1184,0.48000000000000004,1,0
4946,CA-2016-151372,99,348,65,48,3,415,11.68,2,0.2,14.6,3.942,0.3375,1,0
4947,CA-2016-151372,99,53,65,48,3,415,4.36,2,0.0,4.36,1.7876,0.41,1,0
4948,CA-2014-102085,558,149,778,1149,2,61,29.24,4,0.0,29.24,13.7428,0.47000000000000003,5,0
4949,CA-2017-107125,218,543,345,575,2,63,117.488,7,0.2,146.85999999999999,41.1208,0.35000000000000003,5,0
4950,CA-2017-107125,218,546,345,575,2,63,18.84,3,0.0,18.84,6.0288,0.32,5,0
4951,CA-2016-125815,659,155,100,475,1,30,12.42,3,0.0,12.42,5.2164,0.42000000000000004,4,0
4952,CA-2015-144190,721,89,989,386,2,248,12.96,2,0.0,12.96,6.2208,0.4799999999999999,4,0
4953,CA-2017-117926,128,1711,167,1260,1,10,69.48,1,0.0,69.48,20.844,0.3,4,0
4954,CA-2015-153906,100,1301,200,306,2,30,85.9,2,0.0,85.9,2.577,0.03,4,0
4955,CA-2014-160262,132,680,4,605,1,284,18.06,7,0.0,18.06,4.6956,0.26,4,0
4956,CA-2014-160262,132,955,4,605,1,284,79.14,3,0.0,79.14,36.4044,0.46,4,0
4957,CA-2014-160262,132,1457,4,605,1,284,37.4,2,0.0,37.4,14.212,0.38,4,0
4958,CA-2015-127607,301,1376,306,515,2,297,2.512,2,0.8,12.560000000000002,-4.396,-1.75,6,1
4959,CA-2015-127607,301,1712,306,515,2,297,18.864,9,0.2,23.58,6.1308,0.32499999999999996,6,0
4960,CA-2016-166226,427,1082,742,442,2,142,61.192,1,0.2,76.49,6.1192,0.1,4,0
4961,CA-2016-166226,427,1528,742,442,2,142,67.84,1,0.0,67.84,18.3168,0.27,4,0
4962,CA-2014-156587,756,213,1010,1289,3,6,48.712,1,0.2,60.89,5.4801,0.1125,1,0
4963,CA-2014-156587,756,251,1010,1289,3,6,17.94,3,0.0,17.94,4.6644,0.25999999999999995,1,0
4964,CA-2014-156587,756,872,1010,1289,3,6,242.94,3,0.0,242.94,4.8588,0.019999999999999997,1,0
4965,CA-2016-141180,25,626,667,289,1,3,7.764,4,0.7,25.879999999999995,-5.176,-0.6666666666666666,4,1
4966,CA-2015-109708,389,1286,443,72,1,85,467.04,4,0.2,583.8,58.38,0.125,3,0
4967,CA-2015-122406,535,1301,992,1078,1,260,128.85,3,0.0,128.85,3.8655,0.030000000000000002,3,0
4968,CA-2015-122406,535,795,992,1078,1,260,8.4,2,0.0,8.4,4.116,0.48999999999999994,3,0
4969,CA-2015-122406,535,410,992,1078,1,260,199.98,2,0.0,199.98,83.9916,0.42000000000000004,3,0
4970,CA-2015-122406,535,914,992,1078,1,260,110.98,1,0.0,110.98,15.5372,0.13999999999999999,3,0
4971,US-2016-153815,127,71,62,1200,3,134,207.984,2,0.2,259.98,-28.5978,-0.13749999999999998,3,0
4972,US-2016-153815,127,1438,62,1200,3,134,36.112,2,0.2,45.14,12.6392,0.35,3,0
4973,US-2016-153815,127,643,62,1200,3,134,35.568,2,0.2,44.459999999999994,5.7798,0.1625,3,0
4974,US-2016-153815,127,418,62,1200,3,134,88.768,2,0.2,110.96,31.0688,0.35,3,0
4975,CA-2016-164896,391,1409,78,397,2,219,12.9,2,0.0,12.9,6.321,0.49,5,0
4976,CA-2015-142202,336,770,228,1353,1,134,717.12,9,0.2,896.4,152.388,0.2125,5,0
4977,CA-2015-165050,118,881,215,365,3,24,21.36,5,0.2,26.7,7.209,0.33749999999999997,2,0
4978,CA-2015-165050,118,808,215,365,3,24,6.688,2,0.2,8.36,2.3408,0.35000000000000003,2,0
4979,CA-2015-165050,118,958,215,365,3,24,773.94,6,0.0,773.94,224.4426,0.29,2,0
4980,US-2016-131114,339,1258,11,181,1,27,20.568,3,0.2,25.71,1.5426,0.075,4,0
4981,US-2016-131114,339,931,11,181,1,27,4.356,2,0.8,21.780000000000005,-11.7612,-2.7,4,1
4982,US-2016-131114,339,1629,11,181,1,27,19.04,4,0.2,23.799999999999997,-1.428,-0.075,4,0
4983,CA-2014-160066,341,710,913,755,2,126,5.22,2,0.0,5.22,2.4012,0.45999999999999996,6,0
4984,CA-2016-109925,6,87,62,339,1,189,84.84,3,0.0,84.84,22.9068,0.27,4,0
4985,CA-2015-160696,317,805,685,230,2,396,7.24,5,0.2,9.049999999999999,1.1765,0.1625,4,0
4986,CA-2014-125171,370,783,1011,1011,4,30,14.4,5,0.0,14.4,7.056,0.49,0,0
4987,CA-2016-149279,643,491,424,237,2,98,15.552,3,0.2,19.439999999999998,5.4432,0.35000000000000003,4,0
4988,CA-2016-149279,643,158,424,237,2,98,1325.76,6,0.2,1657.1999999999998,149.148,0.1125,4,0
4989,CA-2016-149279,643,1500,424,237,2,98,3.108,2,0.7,10.36,-2.1756,-0.7000000000000001,4,1
4990,CA-2017-107321,586,758,516,508,2,95,6.672,3,0.2,8.34,2.1684,0.325,4,0
4991,CA-2017-107321,586,884,516,508,2,95,689.408,4,0.2,861.76,77.5584,0.1125,4,0
4992,US-2017-122714,429,1626,227,1097,2,156,1889.99,5,0.8,9449.950000000003,-2929.4845,-1.55,6,1
4993,CA-2015-153038,517,756,218,708,2,32,55.936,8,0.2,69.92,18.8784,0.33749999999999997,7,0
4994,CA-2015-153038,517,1241,218,708,2,32,18.432,8,0.2,23.039999999999996,5.9904,0.325,7,0
4995,CA-2015-153038,517,535,218,708,2,32,20.32,5,0.2,25.4,3.556,0.175,7,0
4996,CA-2014-132227,450,1527,131,850,2,165,52.064,4,0.2,65.08,18.8732,0.3625,6,0
4997,CA-2017-155824,755,1713,435,1396,2,315,48.784,1,0.2,60.98,3.6588,0.075,5,0
4998,CA-2017-155824,755,635,435,1396,2,315,13.092,4,0.7,43.63999999999999,-10.0372,-0.7666666666666666,5,1
4999,CA-2016-129238,338,1547,1012,1085,2,63,109.592,1,0.2,136.98999999999998,8.2194,0.075,4,0
5000,CA-2016-129238,338,1714,1012,1085,2,63,56.7,5,0.0,56.7,27.783,0.49,4,0
5001,CA-2017-159688,145,1106,918,606,2,26,79.99,1,0.0,79.99,28.7964,0.36,5,0
5002,CA-2016-136126,259,1206,1013,1013,4,390,69.5,5,0.0,69.5,20.155,0.29000000000000004,0,0
5003,CA-2016-136126,259,137,1013,1013,4,390,191.6,4,0.0,191.6,91.968,0.48000000000000004,0,0
5004,CA-2016-155033,694,1715,878,1397,2,4,10.56,2,0.0,10.56,5.0688,0.48000000000000004,5,0
5005,CA-2014-156006,613,1366,1014,1074,1,130,47.79,3,0.0,47.79,16.2486,0.34,2,0
5006,CA-2015-158659,282,385,114,718,1,239,714.3,5,0.0,714.3,207.147,0.29,4,0
5007,CA-2015-169796,657,1716,530,718,2,46,2321.9,2,0.0,2321.9,1114.512,0.48,5,0
5008,CA-2015-169796,657,1199,530,718,2,46,17.94,3,0.0,17.94,3.0498,0.16999999999999998,5,0
5009,CA-2015-102876,757,133,68,472,2,64,9.522,1,0.7,31.739999999999995,-6.9828,-0.7333333333333333,7,1
5010,CA-2015-102876,757,421,68,472,2,64,791.964,6,0.4,1319.94,-131.994,-0.16666666666666666,7,1
5011,CA-2015-102876,757,521,68,472,2,64,4.923,3,0.7,16.409999999999997,-3.9384,-0.8,7,1
5012,US-2017-139647,478,900,944,727,3,52,209.979,7,0.7,699.93,-356.9643,-1.6999999999999997,2,1
5013,US-2017-160465,681,444,247,1190,2,178,33.93,3,0.7,113.09999999999998,-22.62,-0.6666666666666667,5,1
5014,US-2017-160465,681,1717,247,1190,2,178,222.32,7,0.2,277.9,25.011,0.1125,5,0
5015,US-2017-160465,681,1718,247,1190,2,178,210.564,6,0.4,350.94,-52.641,-0.25,5,1
5016,CA-2014-153850,514,192,157,504,2,214,35.168,7,0.2,43.959999999999994,9.6712,0.275,5,0
5017,CA-2014-153850,514,1719,157,504,2,214,1502.376,4,0.4,2503.96,-250.396,-0.16666666666666666,5,1
5018,CA-2014-127558,758,225,648,729,3,142,10.11,3,0.0,10.11,3.2352,0.32,3,0
5019,CA-2014-127558,758,218,648,729,3,142,772.47,3,0.0,772.47,146.7693,0.18999999999999997,3,0
5020,CA-2014-127558,758,683,648,729,3,142,20.46,2,0.0,20.46,5.3196,0.26,3,0
5021,CA-2017-136511,90,414,722,614,1,165,347.58,3,0.0,347.58,17.379,0.05,2,0
5022,CA-2016-133795,189,478,123,436,2,89,72.64,2,0.0,72.64,21.792,0.30000000000000004,6,0
5023,CA-2016-133795,189,218,123,436,2,89,772.47,3,0.0,772.47,146.7693,0.18999999999999997,6,0
5024,CA-2016-133795,189,1612,123,436,2,89,39.92,4,0.0,39.92,11.1776,0.27999999999999997,6,0
5025,US-2017-130953,289,1596,571,647,2,337,33.48,2,0.0,33.48,16.4052,0.49000000000000005,5,0
5026,US-2017-130953,289,349,571,647,2,337,461.97,3,0.0,461.97,133.9713,0.29000000000000004,5,0
5027,US-2017-130953,289,15,571,647,2,337,137.62,2,0.0,137.62,60.5528,0.43999999999999995,5,0
5028,US-2017-130953,289,1720,571,647,2,337,302.67,3,0.0,302.67,72.6408,0.24,5,0
5029,CA-2014-151792,611,591,815,558,1,156,239.976,3,0.2,299.96999999999997,53.9946,0.225,5,0
5030,CA-2017-139304,365,1478,927,63,2,10,8.34,3,0.0,8.34,2.1684,0.26,4,0
5031,CA-2017-139304,365,1258,927,63,2,10,8.57,1,0.0,8.57,2.2282,0.26,4,0
5032,CA-2017-139304,365,441,927,63,2,10,119.616,8,0.2,149.51999999999998,40.3704,0.33749999999999997,4,0
5033,CA-2016-155166,180,57,483,461,2,276,212.94,3,0.0,212.94,25.5528,0.12000000000000001,7,0
5034,CA-2016-155166,180,1277,483,461,2,276,26.49,1,0.0,26.49,7.4172,0.28,7,0
5035,CA-2015-103954,368,1658,102,864,1,202,687.4,5,0.0,687.4,48.118,0.07,4,0
5036,CA-2014-169803,610,563,323,792,2,61,653.55,3,0.0,653.55,111.1035,0.17,6,0
5037,CA-2014-169803,610,659,323,792,2,61,33.9,2,0.0,33.9,2.034,0.06,6,0
5038,CA-2017-141719,284,604,702,611,1,18,239.96,5,0.2,299.95,83.986,0.35000000000000003,4,0
5039,CA-2015-136469,478,720,656,985,3,50,199.836,4,0.3,285.48,-37.1124,-0.18571428571428572,1,1
5040,CA-2015-136469,478,1119,656,985,3,50,716.0,2,0.0,716.0,193.32,0.27,1,0
5041,CA-2015-136469,478,352,656,985,3,50,221.06,7,0.0,221.06,103.8982,0.47000000000000003,1,0
5042,CA-2016-158694,483,1438,339,374,1,2,67.71,3,0.0,67.71,32.5008,0.48000000000000004,3,0
5043,CA-2016-158694,483,792,339,374,1,2,129.92,4,0.0,129.92,38.976,0.30000000000000004,3,0
5044,CA-2016-158694,483,690,339,374,1,2,467.46,9,0.0,467.46,191.6586,0.41000000000000003,3,0
5045,CA-2016-158694,483,1636,339,374,1,2,61.4,5,0.0,61.4,28.858,0.47000000000000003,3,0
5046,CA-2016-158694,483,735,339,374,1,2,720.76,4,0.0,720.76,187.3976,0.26,3,0
5047,CA-2016-158694,483,871,339,374,1,2,5.184,3,0.2,6.4799999999999995,1.8144,0.35,3,0
5048,CA-2016-158694,483,1631,339,374,1,2,14.7,5,0.0,14.7,3.969,0.27,3,0
5049,US-2014-104759,733,700,692,528,2,27,8.134,7,0.8,40.67000000000001,-13.8278,-1.7,4,1
5050,US-2014-104759,733,649,692,528,2,27,79.984,2,0.2,99.97999999999999,13.9972,0.17500000000000002,4,0
5051,CA-2015-150511,145,1287,228,497,2,120,18.54,2,0.0,18.54,8.7138,0.4700000000000001,6,0
5052,CA-2015-134922,209,374,210,1216,2,12,24.4,2,0.2,30.499999999999996,7.93,0.325,4,0
5053,US-2017-120607,548,1159,241,241,4,149,195.64,4,0.0,195.64,91.9508,0.47000000000000003,0,0
5054,CA-2015-141243,734,770,929,1381,1,163,398.4,5,0.2,497.99999999999994,84.66,0.2125,5,0
5055,CA-2015-141243,734,455,929,1381,1,163,7.056,3,0.2,8.82,0.7938,0.11249999999999999,5,0
5056,CA-2015-141243,734,588,929,1381,1,163,1352.3976,9,0.32,1988.8200000000002,-437.5404,-0.32352941176470584,5,1
5057,CA-2015-162166,393,1611,1015,862,3,521,26.4,5,0.0,26.4,11.88,0.45000000000000007,3,0
5058,CA-2015-162166,393,701,1015,862,3,521,41.88,6,0.0,41.88,0.8376,0.02,3,0
5059,CA-2016-120796,230,806,1016,282,2,12,99.846,9,0.7,332.81999999999994,-83.205,-0.8333333333333333,4,1
5060,CA-2016-109722,237,755,6,1287,1,522,699.98,2,0.0,699.98,195.9944,0.28,2,0
5061,CA-2016-109722,237,392,6,1287,1,522,584.82,9,0.0,584.82,70.1784,0.11999999999999998,2,0
5062,CA-2015-136798,352,716,413,794,2,40,43.98,2,0.0,43.98,21.99,0.5,4,0
5063,CA-2015-136798,352,1067,413,794,2,40,377.97,3,0.0,377.97,105.8316,0.27999999999999997,4,0
5064,CA-2015-136798,352,480,413,794,2,40,123.96,3,0.0,123.96,11.1564,0.09,4,0
5065,CA-2017-122196,245,35,586,242,3,50,391.98,2,0.0,391.98,113.6742,0.29,2,0
5066,CA-2017-142090,619,266,330,227,2,180,383.976,3,0.2,479.96999999999997,81.5949,0.2125,7,0
5067,CA-2017-142090,619,412,330,227,2,180,1781.682,7,0.4,2969.4700000000003,-653.2834,-0.3666666666666667,7,1
5068,CA-2017-160934,500,1047,788,618,2,142,21.4,5,0.0,21.4,6.206,0.29000000000000004,4,0
5069,CA-2014-124478,16,1573,234,1133,2,191,549.99,1,0.0,549.99,274.995,0.5,4,0
5070,CA-2014-124478,16,1095,234,1133,2,191,167.535,3,0.1,186.15,37.23,0.2222222222222222,4,0
5071,CA-2014-124478,16,119,234,1133,2,191,38.34,3,0.0,38.34,17.253,0.44999999999999996,4,0
5072,CA-2014-124478,16,1105,234,1133,2,191,53.88,6,0.0,53.88,22.6296,0.42,4,0
5073,CA-2014-124478,16,1522,234,1133,2,191,299.98,2,0.0,299.98,83.9944,0.27999999999999997,4,0
5074,CA-2015-145485,595,954,600,600,4,10,62.8,4,0.0,62.8,15.7,0.25,0,0
5075,CA-2017-151071,470,531,1017,569,1,14,13.904,2,0.2,17.38,4.5188,0.32499999999999996,4,0
5076,CA-2014-134572,278,215,1018,1151,1,33,744.1,5,0.3,1063.0,-95.67,-0.12857142857142856,2,1
5077,CA-2014-134572,278,603,1018,1151,1,33,44.84,5,0.2,56.050000000000004,5.605,0.125,2,0
5078,CA-2014-134572,278,1667,1018,1151,1,33,401.59,2,0.3,573.7,-131.951,-0.32857142857142857,2,1
5079,CA-2017-143217,345,526,344,702,2,202,18.24,3,0.0,18.24,8.5728,0.4700000000000001,6,0
5080,US-2017-133312,215,1249,921,1162,2,35,359.499,3,0.15,422.94000000000005,-29.6058,-0.08235294117647057,4,0
5081,US-2017-133312,215,471,921,1162,2,35,10.48,1,0.0,10.48,2.8296,0.27,4,0
5082,US-2015-137533,83,491,218,218,4,178,20.736,4,0.2,25.919999999999998,7.2576,0.35,0,0
5083,CA-2016-155138,759,917,163,127,2,234,35.168,4,0.2,43.959999999999994,8.3524,0.2375,4,0
5084,CA-2016-155138,759,983,163,127,2,234,64.704,3,0.2,80.87999999999998,23.4552,0.36250000000000004,4,0
5085,CA-2016-108350,555,780,113,633,1,112,105.52,4,0.0,105.52,48.5392,0.46,3,0
5086,CA-2015-144302,468,498,975,538,2,177,5.792,2,0.8,28.960000000000004,-9.5568,-1.6500000000000001,4,1
5087,CA-2015-109001,472,1721,617,1001,2,75,466.158,7,0.4,776.9300000000001,-93.2316,-0.19999999999999998,4,1
5088,CA-2015-109001,472,554,617,1001,2,75,10.312,1,0.2,12.889999999999999,-1.289,-0.125,4,0
5089,CA-2015-109001,472,799,617,1001,2,75,2.556,3,0.7,8.52,-1.7892,-0.7,4,1
5090,CA-2017-132738,448,1384,1019,784,3,523,7.968,2,0.2,9.959999999999999,2.8884,0.3625,3,0
5091,CA-2017-132738,448,599,1019,784,3,523,8.784,1,0.2,10.98,3.1842,0.3625,3,0
5092,CA-2017-156720,759,243,248,1278,2,523,3.024,3,0.2,3.78,-0.6048,-0.2,4,0
5093,CA-2015-119102,121,457,294,1330,2,470,51.45,3,0.0,51.45,13.8915,0.27,4,0
5094,US-2014-140452,319,1298,777,326,2,27,14.016,4,0.8,70.08000000000001,-31.536,-2.25,4,1
5095,US-2014-140452,319,839,777,326,2,27,214.95,5,0.5,429.9,-120.372,-0.56,4,1
5096,US-2014-140452,319,851,777,326,2,27,35.04,4,0.2,43.8,-7.008,-0.2,4,0
5097,US-2014-140452,319,1105,777,326,2,27,10.776,3,0.6,26.939999999999998,-4.8492,-0.45,4,1
5098,US-2014-140452,319,1024,777,326,2,27,4.6,2,0.8,23.000000000000004,-8.05,-1.7500000000000002,4,1
5099,US-2014-140452,319,211,777,326,2,27,35.168,2,0.2,43.959999999999994,-8.3524,-0.2375,4,0
5100,CA-2015-141936,44,417,977,1309,2,411,19.152,3,0.2,23.94,6.4638,0.33749999999999997,5,0
5101,CA-2014-158442,617,325,462,462,4,163,4.448,2,0.2,5.5600000000000005,0.3336,0.075,0,0
5102,CA-2014-158442,617,728,462,462,4,163,5.184,1,0.2,6.4799999999999995,1.8792,0.3625,0,0
5103,CA-2014-158442,617,13,462,462,4,163,15.552,3,0.2,19.439999999999998,5.4432,0.35000000000000003,0,0
5104,CA-2015-167374,422,145,515,1111,1,12,40.032,6,0.2,50.03999999999999,12.51,0.3125,4,0
5105,CA-2015-167374,422,61,515,1111,1,12,16.776,3,0.2,20.97,5.0328,0.3,4,0
5106,CA-2014-116568,299,1341,638,415,2,263,186.304,4,0.2,232.88,13.9728,0.075,6,0
5107,CA-2015-147102,469,1351,445,121,2,113,66.36,4,0.0,66.36,23.226,0.35,7,0
5108,CA-2017-132213,44,513,1017,467,3,396,42.048,9,0.2,52.56,5.256,0.125,1,0
5109,CA-2017-132213,44,208,1017,467,3,396,67.92,5,0.2,84.89999999999999,6.792,0.09999999999999999,1,0
5110,CA-2014-138450,554,467,639,69,2,64,52.512,6,0.2,65.64,19.692,0.375,4,0
5111,CA-2014-138450,554,42,639,69,2,64,186.912,6,0.2,233.64,-35.046,-0.1875,4,0
5112,CA-2014-138450,554,1408,639,69,2,64,10.048,4,0.2,12.559999999999999,3.14,0.3125,4,0
5113,CA-2015-153073,457,1722,51,51,4,27,17.496,9,0.6,43.739999999999995,-7.4358,-0.42500000000000004,0,1
5114,CA-2016-147970,493,1308,1012,1057,1,78,15.552,3,0.2,19.439999999999998,5.4432,0.35000000000000003,2,0
5115,CA-2016-150658,334,308,1020,442,2,65,10.776,3,0.2,13.469999999999999,3.3675,0.3125,5,0
5116,CA-2017-125640,733,1723,801,571,2,64,3.304,1,0.2,4.13,1.0738,0.32500000000000007,4,0
5117,CA-2017-154137,364,1033,344,702,2,30,35.48,1,0.0,35.48,0.0,0.0,6,0
5118,CA-2015-127173,422,272,121,293,2,188,34.44,3,0.0,34.44,16.1868,0.4700000000000001,7,0
5119,CA-2015-127173,422,1549,121,293,2,188,629.93,7,0.0,629.93,296.0671,0.47000000000000003,7,0
5120,CA-2015-127173,422,1046,121,293,2,188,79.056,9,0.2,98.82,28.6578,0.36250000000000004,7,0
5121,CA-2014-149538,11,244,528,919,2,300,232.55,5,0.0,232.55,9.302,0.039999999999999994,4,0
5122,CA-2014-149538,11,1136,528,919,2,300,99.98,2,0.0,99.98,42.9914,0.43,4,0
5123,CA-2014-149538,11,1724,528,919,2,300,19.44,3,0.0,19.44,9.3312,0.48000000000000004,4,0
5124,CA-2014-149538,11,728,528,919,2,300,12.96,2,0.0,12.96,6.3504,0.48999999999999994,4,0
5125,CA-2014-160766,662,978,81,81,4,30,464.292,9,0.4,773.8199999999999,-108.3348,-0.23333333333333334,0,1
5126,CA-2014-160766,662,707,81,81,4,30,68.46,7,0.0,68.46,31.4916,0.46,0,0
5127,CA-2014-160766,662,815,81,81,4,30,2799.96,4,0.0,2799.96,1371.9804,0.49,0,0
5128,CA-2014-160766,662,228,81,81,4,30,601.3,2,0.0,601.3,198.429,0.33,0,0
5129,CA-2014-160766,662,1260,81,81,4,30,16.99,1,0.0,16.99,4.4174,0.26,0,0
5130,CA-2014-160766,662,1486,81,81,4,30,287.97,3,0.0,287.97,80.6316,0.27999999999999997,0,0
5131,CA-2014-160766,662,1464,81,81,4,30,44.82,9,0.0,44.82,21.0654,0.47000000000000003,0,0
5132,CA-2017-146626,131,1309,615,1268,2,159,101.12,8,0.0,101.12,37.4144,0.37,7,0
5133,CA-2015-123330,213,818,1021,1398,2,263,107.976,3,0.2,134.97,37.7916,0.35000000000000003,6,0
5134,CA-2017-155607,436,1613,201,330,2,30,58.73,7,0.0,58.73,14.6825,0.25,4,0
5135,CA-2017-155607,436,706,201,330,2,30,93.344,4,0.2,116.67999999999999,32.6704,0.35000000000000003,4,0
5136,CA-2016-151323,438,264,249,100,2,6,17.05,5,0.0,17.05,8.184,0.4799999999999999,5,0
5137,CA-2015-146696,503,882,640,547,2,189,8.096,2,0.2,10.12,2.7324,0.3375,5,0
5138,CA-2016-128972,748,561,374,1020,2,337,30.36,4,0.0,30.36,13.0548,0.43,4,0
5139,CA-2017-128335,351,838,366,362,2,185,23.34,3,0.0,23.34,10.9698,0.47,6,0
5140,CA-2017-128335,351,1541,366,362,2,185,51.55,5,0.0,51.55,24.2285,0.47000000000000003,6,0
5141,CA-2015-154886,518,260,628,769,2,10,119.9,2,0.0,119.9,43.164,0.36,4,0
5142,CA-2016-111213,225,2,179,42,2,30,1317.492,6,0.1,1463.8799999999999,292.776,0.22222222222222224,4,0
5143,CA-2016-111213,225,1445,179,42,2,30,63.84,8,0.0,63.84,18.5136,0.29,4,0
5144,CA-2016-111213,225,308,179,42,2,30,3.592,1,0.2,4.49,1.1225,0.3125,4,0
5145,CA-2017-161333,253,485,63,1399,2,63,86.26,2,0.0,86.26,29.3284,0.33999999999999997,5,0
5146,CA-2017-161333,253,1157,63,1399,2,63,139.04,4,0.0,139.04,38.9312,0.27999999999999997,5,0
5147,CA-2017-161333,253,1268,63,1399,2,63,46.8,4,0.0,46.8,16.38,0.35,5,0
5148,CA-2017-128734,312,1566,166,1347,2,524,8.544,4,0.2,10.68,1.9224,0.225,7,0
5149,CA-2017-128734,312,655,166,1347,2,524,842.376,3,0.2,1052.9699999999998,105.297,0.125,7,0
5150,CA-2014-141796,507,1247,262,262,4,256,1214.85,3,0.0,1214.85,352.3065,0.29000000000000004,0,0
5151,CA-2017-125101,65,299,905,435,1,10,67.78,2,0.0,67.78,16.945,0.25,4,0
5152,CA-2017-169929,625,862,146,395,3,525,39.9,5,0.0,39.9,10.374,0.26,3,0
5153,US-2014-121566,751,473,480,523,2,165,2.688,1,0.2,3.36,0.84,0.31249999999999994,6,0
5154,US-2014-121566,751,209,480,523,2,165,6.6,3,0.0,6.6,2.904,0.44,6,0
5155,US-2015-124219,609,21,977,817,3,526,28.4,4,0.0,28.4,13.064,0.46,1,0
5156,US-2015-124219,609,1461,977,817,3,526,212.94,3,0.0,212.94,34.0704,0.16,1,0
5157,CA-2017-163006,690,1719,161,1288,1,156,1001.584,2,0.2,1251.9799999999998,125.198,0.125,4,0
5158,CA-2017-163006,690,1632,161,1288,1,156,569.058,3,0.3,812.94,-178.8468,-0.3142857142857143,4,1
5159,CA-2017-163006,690,91,161,1288,1,156,14.224,2,0.6,35.559999999999995,-10.3124,-0.725,4,1
5160,CA-2015-156146,123,195,663,629,1,346,105.584,2,0.2,131.98,9.2386,0.0875,4,0
5161,CA-2015-156146,123,1301,663,629,1,346,68.72,2,0.2,85.89999999999999,-14.603,-0.2125,4,0
5162,CA-2014-111192,748,1529,1022,80,2,6,1367.84,8,0.0,1367.84,259.8896,0.19,6,0
5163,CA-2016-115378,220,84,742,814,1,100,301.96,2,0.0,301.96,33.2156,0.11000000000000001,5,0
5164,CA-2015-161627,696,57,381,656,2,55,170.352,3,0.2,212.94,-17.0352,-0.09999999999999999,5,0
5165,CA-2014-121006,711,131,850,913,2,375,3.9,2,0.0,3.9,1.521,0.38999999999999996,6,0
5166,CA-2014-121006,711,1013,850,913,2,375,12.84,3,0.0,12.84,5.778,0.44999999999999996,6,0
5167,CA-2014-121006,711,219,850,913,2,375,15.84,3,0.0,15.84,7.128,0.45,6,0
5168,CA-2014-121006,711,500,850,913,2,375,563.94,3,0.0,563.94,112.788,0.19999999999999998,6,0
5169,CA-2014-121006,711,1019,850,913,2,375,62.94,3,0.0,62.94,11.9586,0.19,6,0
5170,CA-2014-121006,711,519,850,913,2,375,535.41,3,0.0,535.41,160.623,0.3,6,0
5171,CA-2016-122903,157,484,1023,212,1,186,3504.9,5,0.0,3504.9,700.98,0.2,2,0
5172,CA-2016-122903,157,695,1023,212,1,186,144.12,3,0.0,144.12,69.1776,0.48,2,0
5173,CA-2016-122903,157,922,1023,212,1,186,314.55,3,0.0,314.55,150.984,0.48000000000000004,2,0
5174,CA-2015-107741,713,320,937,367,3,261,3.408,1,0.2,4.26,0.8946,0.2625,2,0
5175,CA-2017-106432,245,1473,16,1201,2,527,2.072,2,0.8,10.360000000000003,-3.5224,-1.7,5,1
5176,CA-2017-106432,245,1628,16,1201,2,527,328.3992,3,0.32,482.94000000000005,-91.7586,-0.27941176470588236,5,1
5177,CA-2016-148908,99,1198,733,1,3,10,53.248,2,0.2,66.55999999999999,19.968,0.375,3,0
5178,CA-2016-123015,296,256,483,946,2,24,4.992,3,0.2,6.239999999999999,1.6848,0.3375,4,0
5179,US-2015-120502,388,1156,658,1084,2,2,37.68,2,0.0,37.68,15.8256,0.42,6,0
5180,US-2015-120502,388,298,658,1084,2,2,258.576,2,0.2,323.22,19.3932,0.075,6,0
5181,US-2015-120502,388,984,658,1084,2,2,75.84,2,0.0,75.84,29.5776,0.39,6,0
5182,CA-2017-108749,138,1724,511,176,3,470,45.36,7,0.0,45.36,21.7728,0.48,3,0
5183,CA-2017-108749,138,786,511,176,3,470,45.78,3,0.0,45.78,22.89,0.5,3,0
5184,CA-2017-163335,166,1679,242,1292,3,113,40.29,3,0.0,40.29,10.0725,0.25,3,0
5185,CA-2017-163335,166,556,242,1292,3,113,38.71,7,0.0,38.71,17.8066,0.45999999999999996,3,0
5186,CA-2015-134719,480,459,999,53,2,134,1801.632,6,0.2,2252.04,-337.806,-0.18749999999999997,5,0
5187,US-2015-154389,259,1595,155,156,2,12,748.752,8,0.4,1247.92,-162.2296,-0.21666666666666667,6,1
5188,CA-2015-115567,234,960,1024,228,2,135,199.96,4,0.0,199.96,15.9968,0.08,5,0
5189,CA-2015-115567,234,378,1024,228,2,135,1516.2,7,0.0,1516.2,394.212,0.26,5,0
5190,US-2017-136679,191,1068,238,552,2,90,167.952,6,0.2,209.94,-27.2922,-0.1625,4,0
5191,US-2017-136679,191,1474,238,552,2,90,45.04,2,0.2,56.3,4.504,0.09999999999999999,4,0
5192,US-2017-141943,214,1725,1025,1189,2,35,23.16,2,0.0,23.16,11.58,0.5,4,0
5193,CA-2014-101560,295,125,684,589,1,38,397.6,5,0.0,397.6,43.736,0.10999999999999999,3,0
5194,CA-2014-101560,295,1636,684,589,1,38,85.96,7,0.0,85.96,40.4012,0.4700000000000001,3,0
5195,CA-2014-101560,295,347,684,589,1,38,13.12,4,0.0,13.12,4.3296,0.33,3,0
5196,CA-2014-101560,295,339,684,589,1,38,45.66,3,0.0,45.66,22.3734,0.49000000000000005,3,0
5197,CA-2014-159709,483,440,1026,1238,2,299,158.13,3,0.0,158.13,77.4837,0.49,5,0
5198,CA-2014-159709,483,48,1026,1238,2,299,43.6,5,0.2,54.5,4.36,0.1,5,0
5199,CA-2016-103982,398,1360,841,388,2,218,3930.072,3,0.2,4912.59,-786.0144,-0.2,5,0
5200,CA-2016-103982,398,1580,841,388,2,218,2.304,1,0.2,2.8799999999999994,0.7776,0.3375,5,0
5201,CA-2016-103982,398,1150,841,388,2,218,431.976,3,0.2,539.9699999999999,32.3982,0.07500000000000001,5,0
5202,CA-2016-103982,398,541,841,388,2,218,41.72,7,0.2,52.15,5.7365,0.1375,5,0
5203,CA-2015-142454,682,944,763,1350,2,233,104.23,7,0.0,104.23,28.1421,0.26999999999999996,4,0
5204,CA-2015-142454,682,1248,763,1350,2,233,70.26,3,0.0,70.26,18.9702,0.26999999999999996,4,0
5205,CA-2015-102015,613,183,812,228,2,136,9.26,2,0.0,9.26,3.0558,0.33,6,0
5206,CA-2015-102015,613,46,812,228,2,136,105.98,2,0.0,105.98,4.2392,0.04,6,0
5207,CA-2015-102015,613,311,812,228,2,136,1.24,1,0.0,1.24,0.5828,0.47,6,0
5208,CA-2015-102015,613,255,812,228,2,136,20.7,2,0.0,20.7,9.936,0.48000000000000004,6,0
5209,CA-2015-102015,613,1011,812,228,2,136,28.9,5,0.0,28.9,14.161,0.49,6,0
5210,CA-2015-102015,613,114,812,228,2,136,27.18,1,0.0,27.18,12.7746,0.47,6,0
5211,CA-2015-156755,454,1450,1027,1400,2,286,465.18,3,0.0,465.18,120.9468,0.26,6,0
5212,CA-2015-130876,617,763,794,496,1,24,36.63,3,0.0,36.63,9.8901,0.27,4,0
5213,CA-2016-145898,321,457,183,183,4,72,51.45,3,0.0,51.45,13.8915,0.27,0,0
5214,CA-2016-145898,321,949,183,183,4,72,7.83,3,0.0,7.83,3.6018,0.45999999999999996,0,0
5215,CA-2016-145898,321,1659,183,183,4,72,35.4,5,0.0,35.4,13.452,0.38,0,0
5216,CA-2016-145898,321,458,183,183,4,72,29.9,5,0.0,29.9,13.455,0.45,0,0
5217,US-2017-159562,678,756,429,176,2,528,17.48,2,0.0,17.48,8.2156,0.47000000000000003,6,0
5218,CA-2017-134635,375,146,5,828,1,14,79.14,3,0.0,79.14,36.4044,0.46,2,0
5219,CA-2017-167080,19,60,194,1390,2,165,8.4,5,0.0,8.4,4.2,0.5,4,0
5220,CA-2017-145653,223,1460,854,854,4,186,498.26,7,0.0,498.26,134.5302,0.27,0,0
5221,CA-2014-140487,677,1625,1028,887,2,152,212.94,3,0.0,212.94,57.4938,0.27,6,0
5222,CA-2017-117401,453,1726,797,1054,1,335,706.86,7,0.0,706.86,197.9208,0.28,4,0
5223,CA-2017-117401,453,462,797,1054,1,335,114.95,5,0.0,114.95,2.299,0.02,4,0
5224,CA-2017-117401,453,1489,797,1054,1,335,43.19,7,0.0,43.19,20.7312,0.48000000000000004,4,0
5225,US-2017-109582,623,418,511,698,1,2,166.44,3,0.0,166.44,79.8912,0.48,5,0
5226,CA-2016-119865,549,1317,1029,191,2,165,36.56,5,0.2,45.7,12.796,0.35,5,0
5227,CA-2016-119865,549,1562,1029,191,2,165,186.144,6,0.2,232.68,60.4968,0.325,5,0
5228,CA-2016-119865,549,588,1029,191,2,165,353.568,2,0.2,441.96,-44.196,-0.125,5,0
5229,US-2014-147648,61,1523,36,589,2,10,81.98,2,0.0,81.98,40.1702,0.49,5,0
5230,CA-2017-124436,194,1317,499,1346,1,254,14.624,2,0.2,18.28,5.1184,0.35000000000000003,3,0
5231,CA-2017-124436,194,617,499,1346,1,254,697.16,5,0.2,871.4499999999999,8.7145,0.012499999999999999,3,0
5232,CA-2017-124436,194,1436,499,1346,1,254,30.93,1,0.0,30.93,12.6813,0.41000000000000003,3,0
5233,CA-2017-124436,194,186,499,1346,1,254,27.496,7,0.2,34.37,9.2799,0.3375,3,0
5234,CA-2014-115084,625,1720,639,69,2,465,605.34,6,0.0,605.34,145.2816,0.24,4,0
5235,CA-2017-131037,747,115,1030,963,3,95,210.008,1,0.2,262.51,2.6251,0.0125,1,0
5236,CA-2016-111143,641,1550,259,442,3,305,54.96,3,0.0,54.96,15.9384,0.29,3,0
5237,CA-2014-166744,36,860,60,147,2,210,164.22,3,0.0,164.22,50.9082,0.31,4,0
5238,CA-2014-166744,36,431,60,147,2,210,362.94,3,0.0,362.94,36.294,0.09999999999999999,4,0
5239,CA-2014-166744,36,247,60,147,2,210,59.98,2,0.0,59.98,26.3912,0.44000000000000006,4,0
5240,CA-2016-116561,687,17,109,43,2,59,332.94,3,0.0,332.94,6.6588,0.02,6,0
5241,CA-2016-116561,687,445,109,43,2,59,39.872,2,0.2,49.839999999999996,12.9584,0.32499999999999996,6,0
5242,CA-2016-110730,699,1727,714,183,1,61,13.68,2,0.0,13.68,3.6936,0.27,3,0
5243,CA-2017-146367,448,556,1019,1300,2,297,3.318,3,0.8,16.590000000000003,-5.6406,-1.7,4,1
5244,CA-2016-149454,455,865,198,1389,3,102,10.44,1,0.0,10.44,4.8024,0.45999999999999996,1,0
5245,CA-2016-156265,293,1728,1031,579,1,4,136.464,2,0.2,170.57999999999998,15.3522,0.1125,2,0
5246,CA-2016-156265,293,193,1031,579,1,4,333.576,3,0.2,416.97,33.3576,0.09999999999999999,2,0
5247,CA-2016-156265,293,461,1031,579,1,4,12.544,2,0.2,15.68,4.704,0.37499999999999994,2,0
5248,US-2015-168914,33,96,1032,1330,2,529,20.768,8,0.8,103.84000000000003,-52.9584,-2.55,6,1
5249,US-2017-110989,413,175,133,61,1,60,43.5,3,0.0,43.5,10.875,0.25,2,0
5250,CA-2015-106215,273,1329,393,1123,2,106,12.576,4,0.2,15.72,4.0872,0.325,5,0
5251,US-2016-169369,686,960,940,123,2,113,249.95,5,0.0,249.95,19.996,0.08,6,0
5252,US-2016-169369,686,1494,940,123,2,113,49.12,4,0.0,49.12,23.0864,0.47000000000000003,6,0
5253,CA-2015-132318,628,1307,629,122,3,221,182.91,3,0.0,182.91,53.0439,0.29000000000000004,3,0
5254,US-2014-131982,473,1081,1010,519,1,120,107.648,2,0.2,134.55999999999997,33.64,0.3125,4,0
5255,CA-2015-125185,125,475,617,1106,1,530,99.372,2,0.3,141.96,-7.098,-0.07142857142857142,2,1
5256,CA-2015-125185,125,1479,617,1106,1,530,33.568,2,0.2,41.959999999999994,-5.4548,-0.1625,2,0
5257,CA-2016-130078,231,1437,591,1042,2,337,10.56,2,0.0,10.56,4.752,0.44999999999999996,6,0
5258,US-2017-114034,112,833,1033,704,2,350,38.88,6,0.0,38.88,18.6624,0.48000000000000004,5,0
5259,US-2017-115595,191,729,450,1345,3,4,35.2,5,0.0,35.2,16.544,0.47,2,0
5260,CA-2017-158722,16,641,180,41,2,75,45.528,3,0.2,56.91,15.9348,0.35,6,0
5261,CA-2014-105165,450,1362,558,1077,3,67,196.776,3,0.2,245.97,14.7582,0.075,3,0
5262,CA-2014-105165,450,348,558,1077,3,67,2.92,2,0.8,14.600000000000003,-4.818,-1.65,3,1
5263,CA-2014-105165,450,739,558,1077,3,67,200.795,1,0.3,286.85,-22.948,-0.1142857142857143,3,1
5264,CA-2014-105165,450,1208,558,1077,3,67,46.688,4,0.2,58.36,-2.918,-0.0625,3,0
5265,CA-2014-105165,450,1584,558,1077,3,67,21.864,3,0.2,27.33,3.5529,0.1625,3,0
5266,CA-2017-147452,689,1018,1034,622,3,6,11.76,2,0.0,11.76,5.7624,0.49000000000000005,3,0
5267,CA-2017-147452,689,1559,1034,622,3,6,167.94,3,0.0,167.94,82.2906,0.49,3,0
5268,CA-2017-147452,689,1035,1034,622,3,6,3.89,1,0.0,3.89,1.0114,0.26,3,0
5269,US-2017-114657,415,1729,674,611,2,232,52.44,4,0.0,52.44,24.1224,0.46,5,0
5270,CA-2017-144484,91,75,221,221,4,95,32.36,4,0.0,32.36,11.6496,0.36,0,0
5271,CA-2017-144484,91,724,221,221,4,95,406.6,5,0.0,406.6,113.848,0.27999999999999997,0,0
5272,CA-2017-125913,706,6,1035,1035,4,142,27.92,4,0.0,27.92,8.0968,0.29,0,0
5273,CA-2017-125913,706,720,1035,1035,4,142,399.672,7,0.2,499.59000000000003,-14.9877,-0.0375,0,0
5274,US-2016-158309,51,745,492,897,3,230,3.744,4,0.7,12.479999999999999,-2.6208,-0.7,3,1
5275,CA-2015-162887,648,468,210,530,1,371,715.2,3,0.0,715.2,178.8,0.25,2,0
5276,CA-2017-147333,127,241,818,699,2,146,159.8,4,0.0,159.8,70.312,0.43999999999999995,6,0
5277,CA-2017-147333,127,1045,818,699,2,146,44.75,5,0.0,44.75,8.5025,0.19,6,0
5278,CA-2014-113859,605,168,104,329,2,457,340.116,6,0.3,485.88,-9.7176,-0.02857142857142857,4,1
5279,CA-2014-159681,139,955,1036,737,2,221,105.52,4,0.0,105.52,48.5392,0.46,6,0
5280,US-2017-104094,166,1557,211,221,2,202,13.48,1,0.0,13.48,1.8872,0.13999999999999999,4,0
5281,CA-2017-152709,204,1355,567,387,2,152,85.52,2,0.0,85.52,22.2352,0.26,5,0
5282,CA-2015-105158,134,51,578,230,2,39,6.16,2,0.0,6.16,2.9568,0.48,5,0
5283,CA-2015-105158,134,315,578,230,2,39,36.84,3,0.0,36.84,17.3148,0.47000000000000003,5,0
5284,CA-2014-133424,115,1506,810,528,2,60,15.84,3,0.0,15.84,0.0,0.0,5,0
5285,CA-2014-133424,115,580,810,528,2,60,44.4,3,0.0,44.4,22.2,0.5,5,0
5286,CA-2017-105991,294,112,1025,637,3,128,21.24,9,0.2,26.549999999999997,7.434,0.35000000000000003,1,0
5287,CA-2017-105991,294,123,1025,637,3,128,9.552,8,0.7,31.839999999999993,-7.3232,-0.7666666666666667,1,1
5288,CA-2017-105991,294,900,1025,637,3,128,89.991,3,0.7,299.96999999999997,-152.9847,-1.7,1,1
5289,US-2017-136784,58,1128,505,1025,2,35,163.96,4,0.0,163.96,80.3404,0.49,5,0
5290,CA-2014-146283,447,863,79,1115,2,67,17.904,2,0.2,22.38,6.2664,0.35,7,0
5291,CA-2014-146283,447,158,79,1115,2,67,966.7,5,0.3,1381.0000000000002,-13.81,-0.014285714285714285,7,1
5292,CA-2014-146283,447,68,79,1115,2,67,182.112,6,0.2,227.64,61.4628,0.3375,7,0
5293,CA-2017-151218,308,1428,309,1269,3,124,4.464,1,0.2,5.58,0.3348,0.07499999999999998,3,0
5294,CA-2015-111073,499,839,208,1082,2,82,51.588,1,0.4,85.98,-15.4764,-0.3,4,1
5295,CA-2017-144883,636,1730,734,972,2,531,50.4,8,0.0,50.4,23.184,0.46,4,0
5296,CA-2017-142174,25,965,169,632,2,17,89.568,2,0.2,111.96,32.4684,0.36250000000000004,5,0
5297,CA-2017-108791,747,944,945,690,2,232,14.89,1,0.0,14.89,4.0203,0.26999999999999996,4,0
5298,CA-2017-108791,747,705,945,690,2,232,543.92,8,0.0,543.92,135.98,0.25,4,0
5299,CA-2016-106656,2,30,714,183,3,89,4.08,2,0.0,4.08,1.9176,0.47,3,0
5300,CA-2016-106656,2,166,714,183,3,89,18.9,3,0.0,18.9,8.694,0.4600000000000001,3,0
5301,CA-2016-113831,707,1338,199,1235,2,29,2275.5,10,0.0,2275.5,386.835,0.16999999999999998,4,0
5302,CA-2016-113831,707,765,199,1235,2,29,1979.7,6,0.0,1979.7,653.301,0.33,4,0
5303,CA-2016-113831,707,489,199,1235,2,29,62.1,6,0.0,62.1,29.808,0.48,4,0
5304,US-2014-139500,270,1392,913,1165,2,68,37.296,2,0.3,53.28,-1.0656,-0.028571428571428574,4,1
5305,US-2014-166310,186,1446,159,866,3,211,8.544,2,0.6,21.36,-7.476,-0.875,2,1
5306,US-2016-168410,297,94,824,1362,2,188,68.95,5,0.0,68.95,28.959,0.42,5,0
5307,US-2016-168410,297,596,824,1362,2,188,296.37,3,0.0,296.37,80.0199,0.27,5,0
5308,US-2016-168410,297,1731,824,1362,2,188,39.98,2,0.0,39.98,1.999,0.05000000000000001,5,0
5309,CA-2017-131254,721,1210,124,611,3,15,191.058,3,0.3,272.94,-46.3998,-0.24285714285714285,2,1
5310,CA-2017-131254,721,1732,124,611,3,15,13.04,5,0.2,16.299999999999997,3.912,0.3,2,0
5311,CA-2017-131254,721,451,124,611,3,15,1525.188,6,0.8,7625.940000000002,-2287.782,-1.5,2,1
5312,CA-2016-123414,712,1364,1037,279,2,255,9.216,4,0.2,11.519999999999998,3.3408,0.36250000000000004,6,0
5313,CA-2016-123414,712,355,1037,279,2,255,28.048,2,0.2,35.059999999999995,3.506,0.125,6,0
5314,CA-2017-137876,138,597,505,1025,2,95,64.96,2,0.0,64.96,21.4368,0.33000000000000007,5,0
5315,CA-2017-137876,138,589,505,1025,2,95,30.56,4,0.0,30.56,14.9744,0.49,5,0
5316,CA-2016-154060,298,793,441,542,2,308,187.056,9,0.2,233.82,11.691,0.0625,6,0
5317,US-2017-162558,657,1257,281,362,3,366,11.808,2,0.2,14.76,1.3284,0.1125,3,0
5318,US-2017-162558,657,442,281,362,3,366,9.656,1,0.2,12.07,1.5691,0.16249999999999998,3,0
5319,US-2017-162558,657,861,281,362,3,366,20.736,4,0.2,25.919999999999998,7.2576,0.35,3,0
5320,US-2017-162558,657,1000,281,362,3,366,27.36,3,0.7,91.19999999999999,-21.888,-0.8,3,1
5321,US-2017-162558,657,595,281,362,3,366,2314.116,7,0.4,3856.86,-1002.7836,-0.43333333333333335,3,1
5322,US-2017-162558,657,698,281,362,3,366,34.236,4,0.7,114.11999999999998,-26.2476,-0.7666666666666667,3,1
5323,US-2017-162558,657,894,281,362,3,366,19.76,2,0.2,24.7,5.928,0.3,3,0
5324,CA-2017-134439,613,227,66,398,1,532,15.96,2,0.0,15.96,7.98,0.5,5,0
5325,CA-2015-119508,357,1174,785,365,2,469,16.9,5,0.0,16.9,6.253,0.37000000000000005,5,0
5326,CA-2015-119508,357,1007,785,365,2,469,25.08,6,0.0,25.08,9.0288,0.36000000000000004,5,0
5327,CA-2015-152681,610,1413,185,1401,2,129,6.68,2,0.0,6.68,2.004,0.3,5,0
5328,CA-2014-130813,722,511,1038,1272,1,14,19.44,3,0.0,19.44,9.3312,0.48000000000000004,2,0
5329,CA-2015-120320,161,425,617,1001,2,67,31.92,2,0.2,39.9,2.394,0.075,4,0
5330,CA-2016-111941,380,302,592,1291,1,46,33.568,2,0.2,41.959999999999994,11.7488,0.35,3,0
5331,CA-2016-123120,611,1269,914,163,2,165,63.94,1,0.0,63.94,24.9366,0.39,4,0
5332,CA-2016-123120,611,59,914,163,2,165,60.6,5,0.2,75.75,20.4525,0.3375,4,0
5333,CA-2016-123120,611,676,914,163,2,165,22.72,4,0.0,22.72,6.5888,0.29000000000000004,4,0
5334,CA-2014-103331,42,1566,87,417,2,286,10.68,4,0.0,10.68,4.0584,0.38,6,0
5335,CA-2014-103331,42,1216,87,417,2,286,17.34,3,0.0,17.34,8.4966,0.49000000000000005,6,0
5336,CA-2014-103331,42,939,87,417,2,286,3.38,1,0.0,3.38,1.5548,0.46,6,0
5337,CA-2015-169278,546,675,1032,443,2,60,26.976,4,0.2,33.72,8.7672,0.32500000000000007,4,0
5338,CA-2017-111577,322,1398,525,209,2,58,307.776,7,0.2,384.71999999999997,111.5688,0.3625,5,0
5339,CA-2015-146486,232,1167,530,718,1,188,244.55,5,0.0,244.55,4.891,0.02,5,0
5340,CA-2015-146486,232,30,530,718,1,188,12.24,6,0.0,12.24,5.7528,0.47,5,0
5341,CA-2015-146486,232,1696,530,718,1,188,13.98,2,0.0,13.98,6.0114,0.43,5,0
5342,CA-2015-146486,232,1333,530,718,1,188,899.95,5,0.0,899.95,53.997,0.06,5,0
5343,US-2014-168501,760,30,872,502,2,78,1.632,1,0.2,2.0399999999999996,0.5508,0.3375,6,0
5344,US-2014-168501,760,1087,872,502,2,78,267.96,5,0.2,334.94999999999993,16.7475,0.0625,6,0
5345,CA-2015-112053,130,1366,3,314,1,145,31.95,1,0.0,31.95,2.2365,0.06999999999999999,2,0
5346,CA-2017-108539,57,246,709,722,1,63,725.84,4,0.0,725.84,210.4936,0.29,2,0
5347,CA-2017-108539,57,110,709,722,1,63,10.896,3,0.2,13.620000000000001,3.9498,0.3625,2,0
5348,CA-2017-108539,57,881,709,722,1,63,8.544,2,0.2,10.68,2.8836,0.33749999999999997,2,0
5349,CA-2015-149811,295,829,1039,554,2,533,32.34,3,0.0,32.34,15.5232,0.4799999999999999,6,0
5350,CA-2015-149811,295,227,1039,554,2,533,39.9,5,0.0,39.9,19.95,0.5,6,0
5351,US-2017-103814,24,682,35,820,2,139,143.856,9,0.2,179.82,48.5514,0.3375,7,0
5352,CA-2016-123932,290,1403,48,127,2,163,41.92,4,0.2,52.4,15.196,0.3625,6,0
5353,CA-2016-123932,290,54,48,127,2,163,329.584,2,0.2,411.97999999999996,37.0782,0.1125,6,0
5354,US-2016-101616,389,635,324,48,3,69,87.28,8,0.0,87.28,41.0216,0.47,3,0
5355,CA-2014-113768,693,1341,9,947,2,26,279.456,6,0.2,349.32,20.9592,0.075,6,0
5356,CA-2014-113768,693,1733,9,947,2,26,8.0,2,0.0,8.0,3.84,0.48,6,0
5357,CA-2016-138037,482,1283,322,340,2,10,27.24,5,0.2,34.05,9.534,0.35000000000000003,4,0
5358,CA-2014-150490,197,961,80,431,2,35,16.36,1,0.0,16.36,1.636,0.09999999999999999,6,0
5359,CA-2014-150490,197,1556,80,431,2,35,15.78,2,0.0,15.78,0.6312,0.04,6,0
5360,CA-2014-150490,197,1244,80,431,2,35,45.98,2,0.0,45.98,12.8744,0.28,6,0
5361,US-2017-126060,62,928,350,1327,2,307,198.272,8,0.2,247.83999999999997,-32.2192,-0.1625,4,0
5362,CA-2017-100951,545,735,256,194,3,163,720.76,5,0.2,900.9499999999999,54.057,0.075,1,0
5363,CA-2016-122017,304,1531,724,461,2,478,70.56,6,0.0,70.56,23.9904,0.34,4,0
5364,CA-2016-122017,304,1361,724,461,2,478,81.96,2,0.0,81.96,22.9488,0.28,4,0
5365,CA-2014-123477,695,1267,1040,1237,1,331,64.864,4,0.2,81.08,6.4864,0.09999999999999999,3,0
5366,CA-2016-107790,553,868,74,391,2,17,151.192,1,0.2,188.99,13.2293,0.0875,4,0
5367,CA-2017-158071,218,688,194,141,2,6,88.776,3,0.2,110.96999999999998,7.7679,0.08750000000000001,5,0
5368,CA-2017-158071,218,265,194,141,2,6,11.56,4,0.0,11.56,5.4332,0.47000000000000003,5,0
5369,CA-2017-158071,218,231,194,141,2,6,15.58,1,0.0,15.58,3.895,0.25,5,0
5370,CA-2017-147403,176,1734,19,1169,3,76,85.056,3,0.2,106.32,28.7064,0.33749999999999997,3,0
5371,US-2017-136721,469,1370,799,484,2,534,273.96,2,0.0,273.96,71.2296,0.26000000000000006,4,0
5372,US-2017-136721,469,744,799,484,2,534,306.9,3,0.0,306.9,79.794,0.26,4,0
5373,CA-2015-118738,123,90,1041,629,2,17,15.552,3,0.2,19.439999999999998,5.4432,0.35000000000000003,6,0
5374,CA-2015-118738,123,224,1041,629,2,17,347.361,7,0.3,496.23,-69.4722,-0.2,6,1
5375,CA-2015-118738,123,779,1041,629,2,17,10.368,2,0.2,12.959999999999999,3.6288,0.35,6,0
5376,CA-2017-134152,533,961,838,1402,2,6,98.16,6,0.0,98.16,9.816,0.1,4,0
5377,CA-2017-134152,533,1555,838,1402,2,6,31.44,3,0.0,31.44,7.86,0.25,4,0
5378,CA-2014-125542,241,634,30,1036,3,64,348.488,7,0.2,435.60999999999996,117.6147,0.3375,2,0
5379,CA-2014-125542,241,399,30,1036,3,64,172.736,4,0.2,215.92,-30.2288,-0.17500000000000002,2,0
5380,CA-2016-136021,759,1263,1042,299,2,63,15.54,3,0.0,15.54,7.6146,0.49000000000000005,4,0
5381,CA-2016-136021,759,1735,1042,299,2,63,105.552,6,0.2,131.94,35.6238,0.3375,4,0
5382,CA-2016-149195,761,681,65,1244,1,33,25.92,5,0.2,32.4,9.072,0.3499999999999999,2,0
5383,CA-2016-149195,761,1100,65,1244,1,33,15.808,8,0.2,19.759999999999998,5.3352,0.3375,2,0
5384,CA-2016-149195,761,330,65,1244,1,33,10.368,2,0.2,12.959999999999999,3.7584,0.3625,2,0
5385,CA-2017-161410,418,257,336,446,2,106,358.2,3,0.4,597.0,41.79,0.11666666666666667,7,1
5386,CA-2017-161410,418,1418,336,446,2,106,545.916,14,0.4,909.8600000000001,72.7888,0.1333333333333333,7,1
5387,CA-2017-152786,316,1367,847,295,2,535,40.41,9,0.0,40.41,18.5886,0.46,5,0
5388,CA-2017-164707,52,432,1043,1217,1,63,167.976,3,0.2,209.97,10.4985,0.0625,3,0
5389,CA-2017-164707,52,1313,1043,1217,1,63,109.53,3,0.0,109.53,47.0979,0.43,3,0
5390,CA-2017-164707,52,523,1043,1217,1,63,9.82,2,0.0,9.82,4.8118,0.49,3,0
5391,CA-2017-163874,715,1046,469,106,1,60,26.352,3,0.2,32.94,9.5526,0.3625,2,0
5392,US-2014-123183,745,548,85,642,2,50,22.5,6,0.0,22.5,10.8,0.48000000000000004,6,0
5393,US-2014-123183,745,640,85,642,2,50,9.96,2,0.0,9.96,4.5816,0.45999999999999996,6,0
5394,US-2014-123183,745,472,85,642,2,50,213.08,7,0.0,213.08,102.2784,0.48,6,0
5395,US-2014-123183,745,1058,85,642,2,50,1025.88,6,0.0,1025.88,235.9524,0.22999999999999998,6,0
5396,CA-2014-104829,190,1408,729,872,1,268,21.98,7,0.0,21.98,9.891,0.45,3,0
5397,US-2016-147340,495,1309,447,447,4,95,63.2,5,0.0,63.2,23.384,0.37,0,0
5398,CA-2016-145492,205,190,74,582,2,26,39.0,12,0.0,39.0,11.31,0.29000000000000004,7,0
5399,CA-2016-163202,313,508,721,825,2,404,2.907,3,0.7,9.69,-2.0349,-0.7,5,1
5400,CA-2016-117681,521,1,527,168,2,26,556.665,5,0.15,654.9,6.549,0.011764705882352943,5,0
5401,CA-2017-132262,762,358,297,398,3,6,71.98,2,0.0,71.98,15.1158,0.21,2,0
5402,CA-2017-132262,762,435,297,398,3,6,79.98,2,0.0,79.98,26.3934,0.32999999999999996,2,0
5403,CA-2017-123043,125,9,1044,636,2,24,24.672,4,0.2,30.84,7.71,0.3125,5,0
5404,CA-2017-123043,125,606,1044,636,2,24,3.744,1,0.2,4.68,1.3104,0.35,5,0
5405,US-2016-143280,357,289,713,1362,2,63,445.96,5,0.2,557.4499999999999,55.745,0.125,4,0
5406,US-2016-143280,357,1520,713,1362,2,63,36.24,1,0.0,36.24,15.2208,0.42,4,0
5407,US-2016-143280,357,1054,713,1362,2,63,10.65,3,0.0,10.65,5.0055,0.47,4,0
5408,CA-2017-108854,665,1666,167,818,2,10,87.92,4,0.0,87.92,40.4432,0.45999999999999996,6,0
5409,CA-2017-108854,665,913,167,818,2,10,22.424,1,0.2,28.029999999999998,8.409,0.37500000000000006,6,0
5410,CA-2017-108854,665,444,167,818,2,10,90.48,3,0.2,113.1,33.93,0.375,6,0
5411,CA-2017-108854,665,1355,167,818,2,10,42.76,1,0.0,42.76,11.1176,0.26,6,0
5412,CA-2017-166856,701,752,66,586,2,536,10.08,7,0.2,12.6,3.528,0.35,4,0
5413,CA-2017-166856,701,1736,66,586,2,536,101.34,3,0.0,101.34,8.1072,0.08,4,0
5414,CA-2016-153157,578,1518,109,750,3,478,224.75,5,0.0,224.75,62.93,0.27999999999999997,3,0
5415,US-2017-125647,49,1713,398,395,2,156,73.176,6,0.8,365.8800000000001,-197.5752,-2.6999999999999997,5,1
5416,US-2017-125647,49,975,398,395,2,156,20.736,4,0.2,25.919999999999998,7.2576,0.35,5,0
5417,US-2017-125647,49,772,398,395,2,156,39.984,2,0.2,49.98,-8.9964,-0.22499999999999998,5,0
5418,CA-2014-132542,88,1737,192,1170,1,199,15.36,2,0.0,15.36,7.68,0.5,2,0
5419,CA-2015-110877,556,748,925,663,3,17,36.288,7,0.2,45.35999999999999,12.7008,0.35000000000000003,3,0
5420,CA-2015-110877,556,540,925,663,3,17,150.384,2,0.2,187.97999999999996,15.0384,0.1,3,0
5421,US-2016-151827,230,1595,1045,1198,1,64,280.782,3,0.4,467.96999999999997,-60.8361,-0.21666666666666667,2,1
5422,US-2016-151827,230,1236,1045,1198,1,64,31.984,2,0.2,39.98,1.1994,0.0375,2,0
5423,US-2016-163258,419,606,724,461,2,63,11.232,3,0.2,14.04,3.9312,0.35000000000000003,4,0
5424,CA-2017-103009,602,1738,133,61,1,127,26.4,5,0.0,26.4,11.88,0.45000000000000007,2,0
5425,US-2017-120649,224,825,177,796,2,506,3.52,2,0.0,3.52,1.0208,0.29,6,0
5426,CA-2016-153598,393,1739,276,410,3,63,1649.95,5,0.0,1649.95,659.98,0.4,3,0
5427,CA-2016-153598,393,1609,276,410,3,63,111.9,6,0.0,111.9,51.474,0.45999999999999996,3,0
5428,US-2016-108497,763,1602,404,404,4,2,599.165,5,0.15,704.9,35.245,0.058823529411764705,0,0
5429,CA-2016-113096,450,171,477,914,3,35,46.53,3,0.0,46.53,12.0978,0.26,2,0
5430,CA-2014-136861,702,297,743,558,3,105,31.984,2,0.2,39.98,1.999,0.0625,2,0
5431,CA-2017-117422,764,1726,209,1297,2,347,161.568,2,0.2,201.96,16.1568,0.09999999999999999,4,0
5432,CA-2017-117422,764,728,209,1297,2,347,4.064,1,0.2,5.08,1.3716,0.33749999999999997,4,0
5433,CA-2017-117422,764,1473,209,1297,2,347,6.216,4,0.7,20.72,-4.9728,-0.8,4,1
5434,CA-2017-129707,406,22,1017,569,2,524,8.896,4,0.2,11.120000000000001,0.6672,0.075,4,0
5435,CA-2015-160171,85,1740,325,1041,2,142,1640.7,5,0.0,1640.7,459.396,0.28,5,0
5436,CA-2015-160171,85,294,325,1041,2,142,270.0,3,0.0,270.0,97.2,0.36,5,0
5437,CA-2014-103317,761,1123,261,1002,3,184,19.52,2,0.2,24.4,5.368,0.275,3,0
5438,CA-2014-103317,761,1505,261,1002,3,184,9.81,5,0.7,32.699999999999996,-6.867,-0.7,3,1
5439,CA-2014-103317,761,1741,261,1002,3,184,213.216,3,0.2,266.52,15.9912,0.075,3,0
5440,CA-2016-167115,700,1499,959,527,2,46,588.784,2,0.2,735.9799999999999,183.995,0.3125,5,0
5441,US-2017-153633,647,680,39,552,1,537,2.064,1,0.2,2.58,0.1548,0.075,5,0
5442,CA-2017-155929,483,1742,429,1169,2,277,6.368,2,0.2,7.96,2.388,0.37499999999999994,4,0
5443,CA-2015-148712,342,770,787,1384,2,46,99.6,1,0.0,99.6,36.852,0.37,6,0
5444,CA-2015-148712,342,1121,787,1384,2,46,62.296,13,0.2,77.86999999999999,21.0249,0.33749999999999997,6,0
5445,CA-2015-148712,342,1743,787,1384,2,46,10.71,3,0.0,10.71,2.7846,0.26,6,0
5446,CA-2016-128307,337,1250,198,876,2,17,20.936,1,0.2,26.169999999999998,7.0659,0.3375,4,0
5447,US-2016-127425,113,896,371,1071,2,46,33.0,6,0.0,33.0,8.25,0.25,5,0
5448,US-2016-127425,113,1234,371,1071,2,46,249.95,5,0.0,249.95,87.4825,0.35000000000000003,5,0
5449,US-2014-119081,639,1421,172,112,2,311,357.93,3,0.0,357.93,7.1586,0.02,7,0
5450,US-2014-119081,639,1691,172,112,2,311,57.4,5,0.0,57.4,10.906,0.19,7,0
5451,US-2014-119081,639,897,172,112,2,311,331.96,2,0.0,331.96,149.382,0.45000000000000007,7,0
5452,US-2014-119081,639,1493,172,112,2,311,40.56,2,0.0,40.56,12.9792,0.32,7,0
5453,CA-2016-140613,608,611,406,876,2,385,86.2,5,0.0,86.2,24.998,0.29,7,0
5454,US-2017-108700,602,1589,241,980,2,229,38.016,6,0.2,47.519999999999996,13.7808,0.3625,4,0
5455,CA-2017-160962,205,471,1046,744,2,106,8.384,1,0.2,10.48,0.7336,0.0875,4,0
5456,CA-2017-160962,205,19,1046,744,2,106,6.848,2,0.2,8.559999999999999,0.7704,0.1125,4,0
5457,CA-2017-130631,95,1744,615,1253,2,200,19.6,5,0.0,19.6,9.604,0.48999999999999994,4,0
5458,CA-2017-130631,95,1183,615,1253,2,200,68.46,2,0.0,68.46,20.538,0.30000000000000004,4,0
5459,CA-2017-116680,8,758,508,1280,1,35,13.344,6,0.2,16.68,4.3368,0.325,2,0
5460,CA-2017-116680,8,1745,508,1280,1,35,1478.272,8,0.2,1847.84,92.392,0.0625,2,0
5461,US-2014-107405,132,1513,91,728,2,197,16.272,1,0.2,20.339999999999996,-3.8646,-0.23750000000000002,4,0
5462,CA-2017-101574,233,51,395,1056,2,4,9.24,3,0.0,9.24,4.4352,0.48,6,0
5463,CA-2014-146591,359,829,1047,408,3,58,32.34,10,0.7,107.8,-23.716,-0.7333333333333333,1,1
5464,CA-2014-146591,359,162,1047,408,3,58,56.064,4,0.2,70.08,19.6224,0.35,1,0
5465,CA-2014-146591,359,114,1047,408,3,58,108.72,5,0.2,135.89999999999998,36.693,0.33749999999999997,1,0
5466,CA-2014-146591,359,367,1047,408,3,58,181.47,5,0.7,604.8999999999999,-320.597,-1.7666666666666666,1,1
5467,CA-2014-107706,462,950,1048,1403,1,15,16.176,3,0.2,20.219999999999995,6.066,0.375,5,0
5468,CA-2016-122448,204,24,633,404,2,10,122.352,3,0.2,152.94,13.7646,0.11249999999999999,5,0
5469,CA-2014-132451,581,2,468,128,3,189,585.552,3,0.2,731.9399999999999,73.194,0.125,1,0
5470,CA-2014-132451,581,975,468,128,3,189,19.44,3,0.0,19.44,9.3312,0.48000000000000004,1,0
5471,CA-2016-158547,595,1272,199,31,2,73,123.92,5,0.2,154.9,9.294,0.075,5,0
5472,CA-2017-116946,701,1534,485,332,2,148,13.36,5,0.2,16.7,4.008,0.3,4,0
5473,CA-2017-116946,701,1167,485,332,2,148,78.256,2,0.2,97.82,-17.6076,-0.225,4,0
5474,CA-2017-116946,701,1196,485,332,2,148,102.018,7,0.7,340.05999999999995,-183.6324,-1.7999999999999998,4,1
5475,CA-2017-121741,290,459,378,378,4,11,750.68,2,0.0,750.68,37.534,0.05,0,0
5476,CA-2017-169691,657,580,141,979,3,433,44.4,3,0.0,44.4,22.2,0.5,3,0
5477,CA-2017-169691,657,1037,141,979,3,433,84.55,5,0.0,84.55,22.8285,0.26999999999999996,3,0
5478,CA-2017-169691,657,1666,141,979,3,433,17.94,3,0.0,17.94,8.7906,0.48999999999999994,3,0
5479,CA-2016-121356,82,1161,74,391,2,286,128.4,3,0.0,128.4,62.916,0.48999999999999994,4,0
5480,CA-2014-101770,209,800,692,528,2,124,1.869,1,0.7,6.229999999999999,-1.3083,-0.7000000000000001,4,1
5481,CA-2017-105487,295,958,1049,337,2,189,103.192,1,0.2,128.98999999999998,11.6091,0.1125,6,0
5482,CA-2017-105487,295,1543,1049,337,2,189,36.0,2,0.0,36.0,6.48,0.18000000000000002,6,0
5483,CA-2017-105487,295,604,1049,337,2,189,239.96,4,0.0,239.96,115.1808,0.48,6,0
5484,CA-2017-105487,295,1513,1049,337,2,189,40.68,2,0.0,40.68,0.4068,0.01,6,0
5485,CA-2017-148999,13,1746,290,1145,2,230,419.136,4,0.2,523.92,-68.1096,-0.16249999999999998,5,0
5486,CA-2014-107573,172,707,433,507,2,329,23.472,3,0.2,29.34,7.6284,0.325,5,0
5487,CA-2015-156608,193,308,1041,1105,2,66,3.592,4,0.8,17.960000000000004,-6.286,-1.7499999999999998,5,1
5488,CA-2017-134495,293,1137,720,1096,1,134,23.976,3,0.2,29.97,-5.6943,-0.23750000000000002,3,0
5489,CA-2017-134495,293,949,720,1096,1,134,6.264,3,0.2,7.83,2.0358,0.325,3,0
5490,CA-2017-134495,293,1296,720,1096,1,134,20.808,3,0.2,26.009999999999998,1.8207,0.0875,3,0
5491,CA-2017-134495,293,1210,720,1096,1,134,218.352,3,0.2,272.94,-19.1058,-0.0875,3,0
5492,CA-2017-164098,1,76,796,679,3,33,18.16,2,0.2,22.7,1.816,0.1,1,0
5493,CA-2014-105249,724,328,684,684,4,35,7.36,2,0.0,7.36,0.1472,0.02,0,0
5494,CA-2014-105249,724,255,684,684,4,35,41.4,4,0.0,41.4,19.872,0.48000000000000004,0,0
5495,CA-2014-105249,724,1120,684,684,4,35,411.332,4,0.15,483.92,-4.8392,-0.011764705882352941,0,0
5496,CA-2015-113523,465,1207,407,1015,2,12,7.656,4,0.7,25.519999999999996,-6.1248,-0.7999999999999999,4,1
5497,CA-2017-117821,644,241,493,115,2,369,63.92,2,0.2,79.89999999999999,19.176,0.3,4,0
5498,CA-2017-164378,515,1242,664,931,1,24,6.56,2,0.0,6.56,1.9024,0.29000000000000004,3,0
5499,CA-2017-164378,515,287,664,931,1,24,7.83,3,0.0,7.83,3.6018,0.45999999999999996,3,0
5500,CA-2017-164378,515,342,664,931,1,24,41.9,2,0.0,41.9,8.799,0.21,3,0
5501,CA-2017-164378,515,1266,664,931,1,24,664.146,6,0.1,737.9399999999999,88.5528,0.13333333333333336,3,0
5502,CA-2017-164378,515,1057,664,931,1,24,8.96,2,0.0,8.96,4.3904,0.48999999999999994,3,0
5503,CA-2017-127782,765,1380,809,45,2,12,3.312,1,0.2,4.14,0.6624,0.2,4,0
5504,CA-2017-127782,765,1613,809,45,2,12,20.136,3,0.2,25.169999999999998,1.2585,0.0625,4,0
5505,CA-2017-127782,765,437,809,45,2,12,8.856,3,0.2,11.069999999999999,2.8782,0.325,4,0
5506,CA-2017-127782,765,1119,809,45,2,12,859.2,4,0.4,1432.0000000000002,-186.16,-0.21666666666666665,4,1
5507,US-2016-162026,33,1091,751,751,4,2,61.96,2,0.0,61.96,27.882,0.45,0,0
5508,CA-2016-150000,311,1344,144,168,2,270,17.92,4,0.0,17.92,8.6016,0.4799999999999999,6,0
5509,CA-2015-168529,94,288,1050,89,2,35,145.9,5,0.0,145.9,62.737,0.43,4,0
5510,US-2017-152569,558,130,357,969,2,156,56.704,2,0.2,70.88,19.1376,0.33749999999999997,5,0
5511,US-2017-152569,558,1092,357,969,2,156,11.12,2,0.2,13.899999999999999,3.475,0.31250000000000006,5,0
5512,US-2014-137680,372,1537,1051,1087,2,326,32.896,4,0.2,41.12,11.1024,0.33749999999999997,6,0
5513,US-2014-137680,372,1588,1051,1087,2,326,22.776,3,0.2,28.47,7.6869,0.33749999999999997,6,0
5514,CA-2015-103177,634,648,1052,933,3,30,239.97,3,0.0,239.97,2.3997,0.01,2,0
5515,CA-2015-103177,634,1318,1052,933,3,30,160.32,2,0.0,160.32,44.8896,0.28,2,0
5516,CA-2015-103177,634,1301,1052,933,3,30,128.85,3,0.0,128.85,3.8655,0.030000000000000002,2,0
5517,US-2016-138408,347,1739,742,832,1,365,1319.96,4,0.0,1319.96,527.984,0.4,3,0
5518,CA-2017-117667,100,878,770,35,2,64,239.96,10,0.3,342.8,-10.284,-0.04285714285714286,5,1
5519,CA-2017-117667,100,1183,770,35,2,64,54.768,2,0.2,68.46,6.846,0.125,5,0
5520,CA-2017-117667,100,797,770,35,2,64,13.392,3,0.2,16.74,3.1806,0.23750000000000002,5,0
5521,CA-2017-117667,100,1680,770,35,2,64,23.92,5,0.2,29.900000000000002,8.671,0.36249999999999993,5,0
5522,CA-2017-117667,100,915,770,35,2,64,255.968,4,0.2,319.96,-28.7964,-0.1125,5,0
5523,CA-2016-110982,238,1367,411,844,3,87,21.552,6,0.2,26.939999999999998,7.0044,0.325,2,0
5524,CA-2016-110982,238,938,411,844,3,87,58.24,4,0.0,58.24,15.7248,0.27,2,0
5525,CA-2016-147123,320,1071,108,940,3,107,80.28,12,0.0,80.28,36.9288,0.46,2,0
5526,CA-2017-154501,106,283,505,1025,2,142,9.78,2,0.0,9.78,4.0098,0.41000000000000003,5,0
5527,CA-2017-166933,451,1089,559,1046,2,538,1.81,1,0.0,1.81,0.6516,0.36,4,0
5528,CA-2015-142055,438,424,413,1188,3,30,37.94,2,0.0,37.94,18.2112,0.4800000000000001,2,0
5529,CA-2015-137106,610,223,1053,389,2,134,79.96,5,0.2,99.94999999999999,27.986,0.35000000000000003,4,0
5530,CA-2017-136609,423,1697,635,939,2,539,115.296,3,0.2,144.12,40.3536,0.35,5,0
5531,CA-2017-160885,766,648,575,1140,2,199,2479.96,4,0.0,2479.96,743.988,0.30000000000000004,4,0
5532,US-2016-167472,243,1017,113,844,3,367,179.94,6,0.0,179.94,75.5748,0.42,1,0
5533,US-2016-167472,243,1045,113,844,3,367,26.85,3,0.0,26.85,5.1015,0.18999999999999997,1,0
5534,US-2016-167472,243,620,113,844,3,367,323.37,3,0.0,323.37,129.348,0.4,1,0
5535,US-2016-167472,243,369,113,844,3,367,59.94,3,0.0,59.94,28.1718,0.47000000000000003,1,0
5536,US-2016-167472,243,95,113,844,3,367,64.14,3,0.0,64.14,30.7872,0.48,1,0
5537,US-2016-167472,243,1066,113,844,3,367,11.67,3,0.0,11.67,5.6016,0.48000000000000004,1,0
5538,US-2016-167472,243,1484,113,844,3,367,12.96,2,0.0,12.96,6.2208,0.4799999999999999,1,0
5539,CA-2015-120551,197,700,658,705,2,540,17.43,3,0.0,17.43,8.0178,0.45999999999999996,7,0
5540,US-2017-150595,98,71,1054,1144,2,156,181.986,2,0.3,259.98,-54.5958,-0.3,4,1
5541,US-2017-150595,98,123,1054,1144,2,156,1.592,2,0.8,7.960000000000002,-2.6268,-1.6499999999999997,4,1
5542,US-2017-150595,98,661,1054,1144,2,156,22.344,3,0.2,27.93,2.5137,0.1125,4,0
5543,CA-2016-134936,21,1747,1055,592,2,116,455.97,6,0.5,911.94,-218.8656,-0.48,6,1
5544,CA-2016-134936,21,1459,1055,592,2,116,10.44,6,0.7,34.79999999999999,-7.656,-0.7333333333333334,6,1
5545,CA-2016-134936,21,531,1055,592,2,116,5.214,2,0.7,17.38,-4.1712,-0.7999999999999999,6,1
5546,CA-2017-102967,451,147,586,987,2,209,67.4,5,0.0,67.4,17.524,0.26,4,0
5547,CA-2017-151008,595,1599,211,566,3,541,25.16,2,0.0,25.16,10.5672,0.42,1,0
5548,CA-2017-151008,595,1256,211,566,3,541,126.56,4,0.2,158.2,47.46,0.375,1,0
5549,CA-2014-159800,496,938,684,589,3,10,43.68,3,0.0,43.68,11.7936,0.27,3,0
5550,CA-2014-159800,496,809,684,589,3,10,139.93,7,0.0,139.93,34.9825,0.25,3,0
5551,US-2014-159618,716,1413,608,913,2,67,2.672,1,0.2,3.34,0.334,0.125,4,0
5552,US-2014-159618,716,1568,608,913,2,67,16.656,6,0.2,20.819999999999997,-3.123,-0.18750000000000003,4,0
5553,US-2014-159618,716,218,608,913,2,67,79.512,3,0.2,99.39,20.8719,0.2625,4,0
5554,US-2014-159618,716,261,608,913,2,67,36.288,7,0.2,45.35999999999999,12.7008,0.35000000000000003,4,0
5555,US-2014-159618,716,900,608,913,2,67,67.9932,1,0.32,99.99000000000001,-12.9987,-0.19117647058823528,4,1
5556,CA-2017-116113,479,1525,281,834,1,154,10.16,2,0.0,10.16,3.4544,0.34,4,0
5557,CA-2015-125066,471,1393,640,218,2,130,6.16,2,0.0,6.16,1.9712,0.32,4,0
5558,CA-2015-125066,471,1474,640,218,2,130,56.3,2,0.0,56.3,15.764,0.28,4,0
5559,US-2015-114741,583,1748,402,896,2,284,6.48,1,0.0,6.48,3.1104,0.4799999999999999,4,0
5560,US-2015-114741,583,1245,402,896,2,284,1325.85,5,0.0,1325.85,238.653,0.18,4,0
5561,US-2015-114741,583,691,402,896,2,284,14.94,3,0.0,14.94,6.8724,0.46,4,0
5562,CA-2017-133263,532,304,186,460,1,149,34.54,1,0.0,34.54,17.27,0.5,2,0
5563,CA-2017-133263,532,307,186,460,1,149,2999.95,5,0.0,2999.95,1439.976,0.4800000000000001,2,0
5564,CA-2017-133263,532,28,186,460,1,149,64.12,4,0.0,64.12,30.7776,0.48,2,0
5565,CA-2017-157966,712,1516,678,678,4,27,19.456,4,0.2,24.319999999999997,2.1888,0.1125,0,0
5566,CA-2017-157966,712,1749,678,678,4,27,209.986,2,0.3,299.98,8.9994,0.04285714285714286,0,1
5567,CA-2017-157966,712,1454,678,678,4,27,29.76,5,0.2,37.2,1.86,0.0625,0,0
5568,CA-2017-157966,712,1585,678,678,4,27,89.768,1,0.3,128.24,-2.5648,-0.02857142857142857,0,1
5569,CA-2017-157966,712,307,678,678,4,27,959.984,2,0.2,1199.98,335.9944,0.35,0,0
5570,CA-2017-157966,712,549,678,678,4,27,15.552,3,0.2,19.439999999999998,5.6376,0.3625,0,0
5571,CA-2017-157966,712,1301,678,678,4,27,34.36,1,0.2,42.949999999999996,-7.3015,-0.2125,0,0
5572,CA-2014-151162,106,1523,30,338,2,48,98.376,3,0.2,122.97,35.6613,0.36249999999999993,4,0
5573,CA-2014-151162,106,692,30,338,2,48,29.94,4,0.7,99.79999999999998,-23.952,-0.8,4,1
5574,CA-2014-151162,106,1750,30,338,2,48,17.472,3,0.2,21.84,5.6784,0.32499999999999996,4,0
5575,CA-2014-151162,106,1751,30,338,2,48,36.738,1,0.4,61.230000000000004,-9.1845,-0.25,4,1
5576,CA-2014-151162,106,1188,30,338,2,48,179.94,2,0.4,299.90000000000003,-44.985,-0.25,4,1
5577,CA-2016-136686,168,442,940,187,2,55,383.64,6,0.0,383.64,122.7648,0.32,4,0
5578,CA-2016-136686,168,552,940,187,2,55,56.52,3,0.0,56.52,15.8256,0.27999999999999997,4,0
5579,CA-2017-137498,703,951,429,33,1,26,6.56,2,0.0,6.56,1.9024,0.29000000000000004,5,0
5580,CA-2017-137498,703,1226,429,33,1,26,243.92,5,0.2,304.9,-15.245,-0.0625,5,0
5581,CA-2017-137498,703,1715,429,33,1,26,47.52,9,0.0,47.52,22.8096,0.48,5,0
5582,CA-2017-163818,29,892,1056,1049,2,235,19.98,1,0.0,19.98,8.5914,0.43,4,0
5583,CA-2016-161158,29,903,196,1310,2,24,8.0,5,0.0,8.0,3.44,0.43,4,0
5584,CA-2014-116673,124,1393,535,175,1,89,6.16,2,0.0,6.16,1.9712,0.32,4,0
5585,CA-2017-105333,164,1752,330,770,2,165,83.56,4,0.0,83.56,1.6712,0.02,4,0
5586,CA-2017-105333,164,1753,330,770,2,165,546.06,3,0.0,546.06,163.818,0.30000000000000004,4,0
5587,CA-2017-105333,164,436,330,770,2,165,269.49,3,0.0,269.49,5.3898,0.02,4,0
5588,CA-2015-149993,316,846,532,306,3,195,10.9,5,0.0,10.9,3.597,0.32999999999999996,1,0
5589,CA-2014-168158,671,734,867,1363,2,151,6.096,2,0.2,7.62,2.2098,0.3625,5,0
5590,CA-2016-115224,141,76,17,26,1,95,34.05,3,0.0,34.05,9.534,0.28,3,0
5591,CA-2016-115224,141,719,17,26,1,95,352.38,2,0.0,352.38,81.0474,0.22999999999999998,3,0
5592,CA-2014-164742,505,813,304,639,1,101,245.98,2,0.0,245.98,27.0578,0.11,5,0
5593,CA-2014-164742,505,93,304,639,1,101,18.94,1,0.0,18.94,9.47,0.5,5,0
5594,US-2017-108014,372,698,124,921,2,178,59.913,7,0.7,199.70999999999995,-45.9333,-0.7666666666666667,6,1
5595,CA-2017-160325,163,470,242,242,4,129,391.98,2,0.0,391.98,109.7544,0.27999999999999997,0,0
5596,CA-2017-160325,163,1286,242,242,4,129,437.85,3,0.0,437.85,131.355,0.29999999999999993,0,0
5597,CA-2015-159779,767,142,13,1311,2,209,68.62,2,0.0,68.62,32.2514,0.4699999999999999,4,0
5598,CA-2017-151176,648,1060,779,298,2,309,25.02,3,0.0,25.02,6.5052,0.26,7,0
5599,CA-2017-151176,648,1743,779,298,2,309,10.71,3,0.0,10.71,2.7846,0.26,7,0
5600,CA-2014-108903,158,1754,463,463,4,48,55.984,2,0.2,69.98,4.1988,0.075,0,0
5601,CA-2014-108903,158,136,463,463,4,48,14.48,5,0.2,18.099999999999998,4.887,0.33749999999999997,0,0
5602,CA-2014-108903,158,1090,463,463,4,48,142.488,3,0.2,178.10999999999999,-3.5622,-0.024999999999999998,0,0
5603,CA-2016-117919,423,1755,279,49,1,17,14.16,1,0.2,17.7,1.062,0.075,2,0
5604,CA-2016-117919,423,1674,279,49,1,17,79.92,5,0.2,99.89999999999999,27.972,0.35000000000000003,2,0
5605,CA-2015-142475,511,1682,156,215,2,165,590.352,6,0.2,737.9399999999999,206.6232,0.35000000000000003,4,0
5606,CA-2016-134516,525,1446,874,478,2,308,17.088,2,0.2,21.36,1.068,0.0625,5,0
5607,CA-2016-134516,525,813,874,478,2,308,98.392,1,0.2,122.99,-11.0691,-0.11250000000000002,5,0
5608,CA-2017-105193,253,148,614,186,2,24,11.05,5,0.0,11.05,2.9835,0.26999999999999996,6,0
5609,CA-2015-168634,579,1035,402,556,2,10,7.78,2,0.0,7.78,2.0228,0.26,5,0
5610,CA-2017-117198,768,765,516,529,2,69,659.9,2,0.0,659.9,217.767,0.33,5,0
5611,CA-2015-145828,94,177,349,1293,3,94,53.04,3,0.2,66.3,-4.641,-0.08750000000000001,2,0
5612,CA-2017-121027,305,696,239,1030,2,60,843.9,2,0.0,843.9,371.316,0.44,4,0
5613,CA-2017-121027,305,578,239,1030,2,60,1496.16,9,0.0,1496.16,224.424,0.15,4,0
5614,CA-2016-147431,456,1756,1057,570,2,165,117.96,2,0.0,117.96,5.898,0.05,5,0
5615,CA-2016-158001,688,320,829,279,2,46,21.3,5,0.0,21.3,8.733,0.41000000000000003,4,0
5616,CA-2016-158001,688,78,829,279,2,46,1040.8,5,0.0,1040.8,281.016,0.27,4,0
5617,CA-2016-158001,688,564,829,279,2,46,29.34,6,0.0,29.34,7.9218,0.27,4,0
5618,CA-2017-125745,2,1123,161,1288,2,32,19.52,2,0.2,24.4,5.368,0.275,4,0
5619,CA-2015-101154,497,17,228,482,3,189,443.92,4,0.0,443.92,8.8784,0.019999999999999997,3,0
5620,US-2016-124163,282,296,478,956,2,500,499.95,5,0.0,499.95,174.9825,0.35,5,0
5621,US-2016-124163,282,1280,478,956,2,500,3.04,1,0.0,3.04,1.0336,0.34,5,0
5622,US-2016-124163,282,39,478,956,2,500,201.96,2,0.0,201.96,50.49,0.25,5,0
5623,US-2016-124163,282,1467,478,956,2,500,68.64,11,0.0,68.64,17.16,0.25,5,0
5624,CA-2016-121748,101,1073,1058,100,1,4,100.0,4,0.0,100.0,21.0,0.21,4,0
5625,CA-2016-121748,101,1333,1058,100,1,4,359.98,2,0.0,359.98,21.5988,0.06,4,0
5626,CA-2014-126683,453,51,412,1202,1,61,6.16,2,0.0,6.16,2.9568,0.48,2,0
5627,CA-2014-126683,453,972,412,1202,1,61,2348.82,9,0.0,2348.82,399.2994,0.16999999999999998,2,0
5628,CA-2017-148810,113,265,336,871,2,124,13.872,6,0.2,17.34,4.6818,0.3375,5,0
5629,CA-2017-148810,113,1757,336,871,2,124,273.552,3,0.2,341.94,-13.6776,-0.049999999999999996,5,0
5630,US-2016-146066,47,1001,1037,829,1,106,815.292,9,0.4,1358.8200000000002,-339.705,-0.41666666666666663,2,1
5631,CA-2014-127614,174,476,1059,1163,2,338,234.45,3,0.0,234.45,103.158,0.44,4,0
5632,CA-2014-127614,174,1022,1059,1163,2,338,1256.22,6,0.0,1256.22,75.3732,0.06,4,0
5633,CA-2014-127614,174,45,1059,1163,2,338,17.46,2,0.0,17.46,8.2062,0.47000000000000003,4,0
5634,CA-2016-101742,616,621,714,151,1,30,10.528,7,0.2,13.16,3.6848,0.35,5,0
5635,CA-2015-134943,712,998,902,402,3,542,152.8,5,0.0,152.8,76.4,0.5,1,0
5636,CA-2017-123022,338,341,214,566,2,543,82.56,5,0.2,103.2,28.896,0.35,5,0
5637,CA-2017-123022,338,1524,214,566,2,543,284.97,3,0.0,284.97,85.491,0.3,5,0
5638,CA-2017-113208,615,1758,607,460,2,166,60.84,3,0.0,60.84,23.1192,0.37999999999999995,7,0
5639,CA-2014-154893,307,158,1060,423,2,143,1325.76,6,0.2,1657.1999999999998,149.148,0.1125,6,0
5640,CA-2014-154893,307,468,1060,423,2,143,572.16,3,0.2,715.1999999999999,35.76,0.0625,6,0
5641,CA-2014-147900,83,1733,866,451,2,347,28.8,9,0.2,36.0,10.08,0.35,5,0
5642,CA-2017-106355,402,22,460,1335,3,317,11.12,4,0.0,11.12,2.8912,0.26,3,0
5643,CA-2016-127985,627,248,179,42,1,113,7.04,4,0.0,7.04,3.0976,0.44,4,0
5644,CA-2015-166604,707,1304,1061,1129,1,237,17.94,3,0.0,17.94,8.7906,0.48999999999999994,5,0
5645,CA-2017-120719,320,531,722,607,3,60,34.76,5,0.2,43.449999999999996,11.297,0.325,3,0
5646,CA-2017-127117,448,944,350,1364,2,93,74.45,5,0.0,74.45,20.1015,0.27,5,0
5647,CA-2015-104241,123,1002,1039,1146,2,213,192.22,14,0.0,192.22,69.1992,0.36000000000000004,5,0
5648,CA-2017-168179,678,586,809,660,2,364,19.44,3,0.0,19.44,9.3312,0.48000000000000004,5,0
5649,CA-2017-142342,296,1517,730,1334,1,431,32.4,5,0.0,32.4,15.552,0.48,2,0
5650,CA-2017-142342,296,1759,730,1334,1,431,57.9,5,0.0,57.9,28.95,0.5,2,0
5651,CA-2017-142342,296,1506,730,1334,1,431,10.56,2,0.0,10.56,0.0,0.0,2,0
5652,CA-2017-142342,296,179,730,1334,1,431,1194.165,5,0.15,1404.9,210.735,0.17647058823529413,2,0
5653,CA-2017-109099,153,1523,834,1345,2,30,40.99,1,0.0,40.99,20.0851,0.49,5,0
5654,US-2014-134187,261,135,131,8,2,107,2.94,1,0.0,2.94,0.7938,0.26999999999999996,7,0
5655,CA-2016-145261,572,444,123,1376,3,161,45.24,4,0.7,150.79999999999998,-30.16,-0.6666666666666666,3,1
5656,CA-2016-145261,572,513,123,1376,3,161,18.688,4,0.2,23.359999999999996,2.336,0.125,3,0
5657,CA-2016-145261,572,1750,123,1376,3,161,11.648,2,0.2,14.559999999999999,3.7856,0.325,3,0
5658,CA-2016-145261,572,438,123,1376,3,161,112.776,3,0.2,140.97,-8.4582,-0.075,3,0
5659,CA-2016-145261,572,1001,123,1376,3,161,377.45,5,0.5,754.9,-264.215,-0.7,3,1
5660,CA-2016-145261,572,1509,123,1376,3,161,15.936,4,0.2,19.919999999999998,5.1792,0.325,3,0
5661,CA-2016-145261,572,1379,123,1376,3,161,28.68,3,0.2,35.849999999999994,-7.17,-0.25,3,0
5662,CA-2016-108875,643,279,447,394,2,43,21.44,2,0.2,26.8,7.504,0.35,7,0
5663,CA-2016-108875,643,1044,447,394,2,43,511.056,9,0.2,638.8199999999999,-95.823,-0.1875,7,0
5664,CA-2016-141957,685,1760,659,659,4,56,18.656,2,0.2,23.319999999999997,1.3992,0.07500000000000001,0,0
5665,CA-2016-141957,685,1086,659,659,4,56,11.088,7,0.7,36.959999999999994,-8.1312,-0.7333333333333334,0,1
5666,CA-2016-141957,685,226,659,659,4,56,66.688,1,0.2,83.36,4.168,0.0625,0,0
5667,CA-2016-141957,685,822,659,659,4,56,99.488,2,0.2,124.36,8.7052,0.0875,0,0
5668,CA-2016-142405,340,677,726,1086,2,6,14.62,2,0.0,14.62,6.8714,0.47000000000000003,4,0
5669,CA-2016-142405,340,545,726,1086,2,6,53.984,14,0.2,67.48,17.5448,0.32499999999999996,4,0
5670,CA-2016-142405,340,1302,726,1086,2,6,389.97,3,0.0,389.97,132.5898,0.33999999999999997,4,0
5671,CA-2015-141012,229,1741,989,833,1,544,355.36,4,0.0,355.36,92.3936,0.26,2,0
5672,CA-2015-141012,229,1718,989,833,1,544,140.376,3,0.2,175.47,8.7735,0.0625,2,0
5673,CA-2017-127922,65,1653,856,133,2,177,15.84,2,0.2,19.799999999999997,5.544,0.35,7,0
5674,CA-2017-127922,65,524,856,133,2,177,8.448,2,0.2,10.56,2.64,0.3125,7,0
5675,CA-2016-146318,508,645,116,1387,2,60,12.96,2,0.0,12.96,6.2208,0.4799999999999999,5,0
5676,CA-2014-135993,602,180,1062,271,2,61,57.408,6,0.2,71.75999999999999,5.7408,0.1,5,0
5677,CA-2014-135993,602,1692,1062,271,2,61,27.6,4,0.0,27.6,2.208,0.08,5,0
5678,CA-2014-126802,234,1526,283,957,2,27,38.976,3,0.6,97.44,-50.6688,-1.3,7,1
5679,CA-2016-143924,650,849,1063,1093,2,545,20.44,7,0.0,20.44,9.198,0.45,6,0
5680,CA-2016-143924,650,520,1063,1093,2,545,109.92,2,0.0,109.92,53.8608,0.49,6,0
5681,CA-2016-141551,547,1207,447,956,2,474,6.38,1,0.0,6.38,2.9348,0.46,6,0
5682,CA-2016-141551,547,56,447,956,2,474,6.48,1,0.0,6.48,3.1104,0.4799999999999999,6,0
5683,CA-2014-164315,362,1635,1064,919,2,507,15.84,3,0.0,15.84,7.128,0.45,6,0
5684,CA-2014-164315,362,1522,1064,919,2,507,1049.93,7,0.0,1049.93,293.9804,0.27999999999999997,6,0
5685,CA-2014-164315,362,1272,1064,919,2,507,154.9,5,0.0,154.9,40.274,0.26,6,0
5686,CA-2015-131072,108,103,600,600,4,60,98.352,3,0.2,122.94,35.6526,0.3625,0,0
5687,CA-2014-131541,238,111,1065,1065,4,332,14.32,5,0.2,17.9,5.191,0.3625,0,0
5688,CA-2014-131541,238,1252,1065,1065,4,332,129.888,6,0.2,162.35999999999999,12.9888,0.09999999999999999,0,0
5689,CA-2014-131541,238,1215,1065,1065,4,332,48.944,7,0.2,61.18,16.5186,0.33749999999999997,0,0
5690,CA-2015-119550,43,1746,208,621,2,33,275.058,3,0.3,392.94,-90.3762,-0.32857142857142857,5,1
5691,US-2015-138093,367,1280,896,1136,2,309,27.36,9,0.0,27.36,9.3024,0.34,6,0
5692,US-2015-138093,367,423,896,1136,2,309,44.75,5,0.0,44.75,20.585,0.46,6,0
5693,US-2015-138093,367,525,896,1136,2,309,134.99,1,0.0,134.99,36.4473,0.26999999999999996,6,0
5694,US-2015-138093,367,1715,896,1136,2,309,26.4,5,0.0,26.4,12.672,0.48000000000000004,6,0
5695,US-2015-138093,367,324,896,1136,2,309,542.94,3,0.0,542.94,141.1644,0.25999999999999995,6,0
5696,CA-2016-126165,734,973,466,682,1,10,71.088,2,0.2,88.85999999999999,-1.7772,-0.025,2,0
5697,CA-2017-126123,327,339,337,1295,2,37,27.396,9,0.8,136.98000000000005,-42.4638,-1.5499999999999998,4,1
5698,CA-2017-126123,327,1081,337,1295,2,37,13.456,1,0.8,67.28000000000002,-23.548,-1.75,4,1
5699,CA-2016-143441,433,580,733,733,4,162,11.84,1,0.2,14.799999999999999,4.44,0.37500000000000006,0,0
5700,CA-2017-148320,39,1666,133,1184,2,10,35.88,6,0.0,35.88,17.5812,0.48999999999999994,5,0
5701,CA-2016-125661,403,619,391,492,3,178,40.752,3,0.2,50.94,15.282,0.375,2,0
5702,CA-2016-125661,403,1068,391,492,3,178,139.96,5,0.2,174.95,-22.7435,-0.1625,2,0
5703,US-2014-123519,287,951,638,1060,2,369,2.624,1,0.2,3.28,0.2952,0.1125,7,0
5704,US-2014-123519,287,1338,638,1060,2,369,136.53,1,0.4,227.55,-52.3365,-0.38333333333333336,7,1
5705,US-2014-123519,287,765,638,1060,2,369,263.96,1,0.2,329.94999999999993,42.8935,0.16250000000000003,7,0
5706,CA-2014-155593,262,1563,936,1069,2,70,11.64,3,0.0,11.64,3.3756,0.29,5,0
5707,CA-2017-136000,465,1596,586,146,1,30,40.176,3,0.2,50.22,14.5638,0.3625,3,0
5708,US-2015-160857,509,751,413,1061,2,24,79.44,3,0.0,79.44,30.1872,0.38,7,0
5709,US-2015-160857,509,1421,413,1061,2,24,357.93,3,0.0,357.93,7.1586,0.02,7,0
5710,US-2015-160857,509,475,413,1061,2,24,127.764,2,0.1,141.95999999999998,21.294,0.16666666666666669,7,0
5711,US-2015-160857,509,362,413,1061,2,24,2799.944,7,0.2,3499.93,1014.9797,0.3625,7,0
5712,US-2015-160857,509,1542,413,1061,2,24,19.44,3,0.0,19.44,9.3312,0.48000000000000004,7,0
5713,CA-2017-115805,148,522,690,690,4,156,36.792,1,0.2,45.99,4.1391,0.11249999999999999,0,0
5714,US-2014-143707,368,870,73,1196,2,46,5.94,3,0.0,5.94,1.6038,0.26999999999999996,4,0
5715,CA-2017-116939,152,842,146,366,2,196,177.55,5,0.0,177.55,47.9385,0.26999999999999996,4,0
5716,CA-2015-124107,313,696,331,89,1,542,619.95,5,0.0,619.95,111.591,0.17999999999999997,3,0
5717,CA-2015-124107,313,120,331,89,1,542,29.16,3,0.0,29.16,8.4564,0.29000000000000004,3,0
5718,CA-2015-124107,313,1452,331,89,1,542,57.96,7,0.0,57.96,27.2412,0.47,3,0
5719,CA-2015-124107,313,931,331,89,1,542,29.403,3,0.1,32.669999999999995,5.2272,0.17777777777777778,3,0
5720,CA-2017-126550,743,1570,1066,460,1,378,81.4,5,0.0,81.4,21.164,0.26,4,0
5721,CA-2015-138674,11,53,718,973,3,331,8.72,5,0.2,10.9,2.289,0.2625,3,0
5722,CA-2015-138674,11,1303,718,973,3,331,91.176,3,0.2,113.97,4.5588,0.049999999999999996,3,0
5723,CA-2015-138674,11,1234,718,973,3,331,159.968,4,0.2,199.95999999999998,29.994,0.1875,3,0
5724,CA-2016-165820,62,833,183,956,2,10,12.96,2,0.0,12.96,6.2208,0.4799999999999999,4,0
5725,CA-2014-103191,501,943,359,128,2,156,331.536,3,0.2,414.41999999999996,-82.884,-0.25,5,0
5726,CA-2015-103933,113,1337,13,875,3,165,899.91,9,0.0,899.91,395.9604,0.44,2,0
5727,CA-2015-110548,707,982,125,413,2,15,946.344,7,0.2,1182.93,118.293,0.125,4,0
5728,CA-2017-117324,188,1090,167,1097,2,8,178.11,3,0.0,178.11,32.0598,0.18,5,0
5729,CA-2017-117324,188,964,167,1097,2,8,1089.75,3,0.0,1089.75,305.13,0.27999999999999997,5,0
5730,CA-2017-117324,188,581,167,1097,2,8,61.06,2,0.0,61.06,28.0876,0.45999999999999996,5,0
5731,CA-2017-117324,188,1122,167,1097,2,8,459.92,4,0.0,459.92,41.3928,0.09,5,0
5732,CA-2017-117324,188,321,167,1097,2,8,27.52,4,0.0,27.52,12.6592,0.46,5,0
5733,CA-2017-143574,113,1532,223,1171,3,546,638.82,9,0.0,638.82,185.2578,0.29,3,0
5734,CA-2017-143574,113,683,223,1171,3,546,30.69,3,0.0,30.69,7.9794,0.26,3,0
5735,CA-2017-143574,113,981,223,1171,3,546,25.16,2,0.0,25.16,8.5544,0.33999999999999997,3,0
5736,CA-2014-111773,601,1459,291,1365,2,24,13.92,3,0.2,17.4,4.872,0.35,4,0
5737,CA-2014-148614,598,365,408,1404,2,14,19.36,2,0.0,19.36,9.2928,0.48,5,0
5738,CA-2014-148614,598,77,408,1404,2,14,19.3,2,0.0,19.3,5.79,0.3,5,0
5739,CA-2017-156139,670,1400,414,1009,2,10,38.376,3,0.2,47.96999999999999,13.4316,0.35000000000000003,6,0
5740,US-2017-147886,705,1642,616,186,3,262,12.96,2,0.0,12.96,6.3504,0.48999999999999994,3,0
5741,US-2017-147886,705,751,616,186,3,262,26.48,1,0.0,26.48,10.0624,0.38,3,0
5742,US-2017-147886,705,1094,616,186,3,262,532.72,2,0.2,665.9,53.272,0.09999999999999999,3,0
5743,US-2017-147886,705,653,616,186,3,262,26.72,4,0.0,26.72,12.8256,0.48,3,0
5744,US-2017-147886,705,579,616,186,3,262,20.04,3,0.0,20.04,9.6192,0.48,3,0
5745,US-2017-147886,705,419,616,186,3,262,795.48,7,0.0,795.48,7.9548,0.009999999999999998,3,0
5746,US-2017-147886,705,1393,616,186,3,262,21.56,7,0.0,21.56,6.8992,0.32000000000000006,3,0
5747,CA-2016-113733,24,496,17,940,2,255,249.584,2,0.2,311.97999999999996,31.198,0.125,4,0
5748,CA-2016-113733,24,722,17,940,2,255,68.112,3,0.2,85.13999999999999,17.8794,0.2625,4,0
5749,CA-2016-113733,24,1692,17,940,2,255,16.56,3,0.2,20.699999999999996,-2.484,-0.15000000000000002,4,0
5750,CA-2017-104913,55,1251,552,904,2,256,74.95,5,0.0,74.95,36.7255,0.48999999999999994,4,0
5751,CA-2014-145800,758,11,993,1393,2,547,355.455,3,0.5,710.91,-184.8366,-0.52,6,1
5752,CA-2016-125850,225,1761,116,1199,2,89,44.4,3,0.0,44.4,22.2,0.5,6,0
5753,CA-2016-125850,225,618,116,1199,2,89,20.65,5,0.0,20.65,9.499,0.4600000000000001,6,0
5754,CA-2016-118514,703,378,1067,1405,2,127,866.4,4,0.0,866.4,225.264,0.26,7,0
5755,CA-2015-150749,239,325,369,1406,1,29,5.56,2,0.0,5.56,1.4456,0.26,5,0
5756,CA-2014-163748,644,1684,1006,639,2,7,3.16,4,0.8,15.800000000000004,-8.532,-2.6999999999999997,4,1
5757,CA-2014-163748,644,616,1006,639,2,7,1999.96,5,0.2,2499.95,624.9875,0.31249999999999994,4,0
5758,CA-2015-119634,769,1007,1068,749,2,315,46.152,3,0.2,57.69,12.1149,0.2625,5,0
5759,CA-2015-149300,4,1735,7,522,3,187,32.985,3,0.5,65.97,-1.9791,-0.060000000000000005,1,1
5760,US-2016-111528,656,773,946,946,4,4,481.32,4,0.0,481.32,125.1432,0.26,0,0
5761,US-2016-111528,656,417,946,946,4,4,6.384,1,0.2,7.98,2.1546,0.33749999999999997,0,0
5762,CA-2017-158169,595,1108,802,734,3,548,542.94,3,0.0,542.94,152.0232,0.27999999999999997,3,0
5763,CA-2017-158169,595,1002,802,734,3,548,54.92,4,0.0,54.92,19.7712,0.36,3,0
5764,CA-2015-162047,93,1579,503,600,3,256,1448.82,10,0.1,1609.8,209.274,0.14444444444444446,2,0
5765,CA-2015-117772,431,1756,230,812,1,6,353.88,6,0.0,353.88,17.694,0.049999999999999996,2,0
5766,US-2014-126340,13,873,1069,688,2,549,333.576,3,0.2,416.97,25.0182,0.075,6,0
5767,CA-2016-149685,328,1352,751,681,2,66,60.144,6,0.2,75.17999999999999,20.2986,0.3375,7,0
5768,CA-2017-126396,754,937,566,511,1,33,85.2,6,0.2,106.5,20.235,0.2375,4,0
5769,CA-2015-154900,287,1043,1070,880,2,344,3.15,1,0.0,3.15,1.512,0.48000000000000004,4,0
5770,CA-2015-154900,287,127,1070,880,2,344,22.72,4,0.0,22.72,10.224,0.45,4,0
5771,CA-2015-103835,465,528,497,695,2,4,14.91,3,0.0,14.91,4.6221,0.31,4,0
5772,CA-2015-103835,465,1365,497,695,2,4,1158.12,4,0.0,1158.12,335.8548,0.29000000000000004,4,0
5773,CA-2015-158939,106,350,651,495,2,335,599.99,1,0.0,599.99,233.9961,0.39,5,0
5774,CA-2016-117408,237,356,1071,48,2,527,23.968,2,0.2,29.959999999999997,2.3968,0.09999999999999999,6,0
5775,CA-2016-142398,444,1757,409,948,2,2,638.288,7,0.2,797.86,-31.9144,-0.05,4,0
5776,CA-2016-142398,444,730,409,948,2,2,13.208,1,0.2,16.509999999999998,4.6228,0.35,4,0
5777,CA-2016-105277,216,626,430,17,2,136,15.528,3,0.2,19.41,5.823,0.375,4,0
5778,CA-2016-112060,447,922,430,11,2,10,104.85,1,0.0,104.85,50.328,0.48000000000000004,5,0
5779,CA-2014-105270,276,401,8,729,2,142,30.48,3,0.0,30.48,7.9248,0.26,7,0
5780,CA-2014-105270,276,1154,8,729,2,142,112.648,1,0.2,140.80999999999997,11.2648,0.09999999999999999,7,0
5781,US-2015-159513,480,1762,789,266,2,14,71.976,3,0.2,89.97,24.2919,0.33749999999999997,7,0
5782,CA-2015-155586,191,148,296,1136,1,550,2.21,1,0.0,2.21,0.5967,0.27,4,0
5783,CA-2015-155586,191,777,296,1136,1,550,15.52,4,0.0,15.52,7.4496,0.48000000000000004,4,0
5784,CA-2015-155586,191,1347,296,1136,1,550,36.44,4,0.0,36.44,16.398,0.45,4,0
5785,CA-2017-141117,766,367,281,1049,2,331,217.764,6,0.7,725.8799999999999,-384.7164,-1.7666666666666666,6,1
5786,CA-2017-141117,766,598,281,1049,2,331,39.072,6,0.2,48.84,4.3956,0.11249999999999999,6,0
5787,CA-2017-141117,766,829,281,1049,2,331,22.638,7,0.7,75.46,-16.6012,-0.7333333333333332,6,1
5788,CA-2017-141117,766,1386,281,1049,2,331,95.144,7,0.2,118.93,10.7037,0.11249999999999999,6,0
5789,CA-2017-115070,770,1393,319,350,1,134,12.32,5,0.2,15.4,1.848,0.15,4,0
5790,CA-2017-115070,770,697,319,350,1,134,4.419,3,0.7,14.729999999999997,-3.0933,-0.7000000000000001,4,1
5791,CA-2017-140186,311,660,366,281,3,411,35.0,7,0.0,35.0,16.8,0.48000000000000004,3,0
5792,CA-2017-140186,311,956,366,281,3,411,72.784,1,0.2,90.98,0.0,0.0,3,0
5793,CA-2017-140186,311,415,366,281,3,411,97.84,2,0.0,97.84,25.4384,0.26,3,0
5794,CA-2017-140186,311,29,366,281,3,411,51.75,1,0.0,51.75,15.525,0.3,3,0
5795,CA-2017-140186,311,706,366,281,3,411,46.672,2,0.2,58.339999999999996,16.3352,0.35000000000000003,3,0
5796,CA-2014-124856,437,1450,412,463,1,165,1395.54,9,0.0,1395.54,362.8404,0.26,4,0
5797,CA-2014-124856,437,139,412,463,1,165,117.36,4,0.0,117.36,36.3816,0.31,4,0
5798,CA-2014-124856,437,920,412,463,1,165,18.9,3,0.0,18.9,8.694,0.4600000000000001,4,0
5799,CA-2014-124856,437,969,412,463,1,165,77.52,2,0.0,77.52,37.9848,0.49000000000000005,4,0
5800,CA-2014-166716,258,1497,1072,56,1,27,421.372,2,0.3,601.96,-6.0196,-0.014285714285714284,5,1
5801,CA-2014-123225,439,1150,385,687,3,295,575.968,4,0.2,719.9599999999999,43.1976,0.07500000000000001,3,0
5802,CA-2014-123225,439,1554,385,687,3,295,10.368,2,0.2,12.959999999999999,3.6288,0.35,3,0
5803,CA-2015-163440,77,434,205,540,3,381,15.984,2,0.2,19.98,1.1988,0.07500000000000001,2,0
5804,US-2017-106796,656,1047,606,241,2,158,10.272,3,0.2,12.84,1.1556,0.11249999999999999,7,0
5805,CA-2017-113873,723,1221,39,124,2,78,61.792,4,0.2,77.24,6.1792,0.09999999999999999,6,0
5806,CA-2017-113873,723,714,39,124,2,78,205.9992,3,0.32,302.94000000000005,-27.2646,-0.1323529411764706,6,1
5807,CA-2016-149783,112,728,914,1244,1,366,12.192,3,0.2,15.24,4.1148,0.33749999999999997,3,0
5808,CA-2016-149783,112,1310,914,1244,1,366,87.168,2,0.2,108.96000000000001,8.7168,0.09999999999999998,3,0
5809,CA-2016-149783,112,1572,914,1244,1,366,31.744,2,0.2,39.68,8.3328,0.2625,3,0
5810,CA-2016-125017,209,480,1073,593,2,429,132.224,4,0.2,165.27999999999997,-18.1808,-0.1375,5,0
5811,US-2015-163279,252,814,205,515,2,89,105.52,4,0.0,105.52,48.5392,0.46,4,0
5812,US-2015-163279,252,1763,205,515,2,89,91.96,2,0.0,91.96,15.6332,0.17,4,0
5813,US-2015-163279,252,648,205,515,2,89,1487.976,3,0.2,1859.97,185.997,0.125,4,0
5814,CA-2015-150196,257,1724,741,231,3,24,19.44,3,0.0,19.44,9.3312,0.48000000000000004,1,0
5815,US-2015-106495,550,1208,926,1360,3,86,11.672,1,0.2,14.59,-0.7295,-0.0625,2,0
5816,CA-2014-124730,202,600,36,36,4,551,279.96,4,0.0,279.96,78.3888,0.28,0,0
5817,CA-2014-124730,202,62,36,36,4,551,12.912,3,0.2,16.14,4.6806,0.3625,0,0
5818,CA-2014-124730,202,881,36,36,4,551,17.088,4,0.2,21.36,5.7672,0.33749999999999997,0,0
5819,CA-2014-124730,202,323,36,36,4,551,93.15,9,0.0,93.15,44.712,0.48,0,0
5820,CA-2014-124730,202,746,36,36,4,551,11.52,4,0.0,11.52,5.6448,0.49000000000000005,0,0
5821,CA-2017-117632,729,1421,606,797,2,35,238.62,2,0.0,238.62,4.7724,0.02,6,0
5822,CA-2017-117632,729,1038,606,797,2,35,7.77,1,0.0,7.77,2.0979,0.27,6,0
5823,CA-2017-117632,729,720,606,797,2,35,285.48,5,0.2,356.85,-10.7055,-0.0375,6,0
5824,CA-2017-117632,729,1121,606,797,2,35,19.168,4,0.2,23.959999999999997,6.4692,0.3375,6,0
5825,CA-2014-115056,240,931,1074,1074,4,48,26.136,3,0.2,32.669999999999995,1.9602,0.075,0,0
5826,CA-2017-161067,684,977,214,1280,1,46,419.4,4,0.0,419.4,201.312,0.48000000000000004,3,0
5827,CA-2017-161067,684,1720,214,1280,1,46,90.801,1,0.1,100.89,14.1246,0.15555555555555553,3,0
5828,CA-2017-161067,684,212,214,1280,1,46,181.764,2,0.1,201.96,-8.0784,-0.044444444444444446,3,0
5829,CA-2017-161067,684,1062,214,1280,1,46,5.56,2,0.0,5.56,2.224,0.4000000000000001,3,0
5830,CA-2016-122063,463,310,276,1287,2,239,581.96,2,0.0,581.96,104.7528,0.17999999999999997,4,0
5831,CA-2016-122063,463,1145,276,1287,2,239,29.98,1,0.0,29.98,8.0946,0.26999999999999996,4,0
5832,CA-2015-111206,289,1302,1075,1407,2,189,519.96,4,0.0,519.96,176.7864,0.33999999999999997,4,0
5833,CA-2016-142895,444,949,659,1389,2,5,6.264,3,0.2,7.83,2.0358,0.325,5,0
5834,CA-2016-142895,444,956,659,1389,2,5,363.92,5,0.2,454.9,0.0,0.0,5,0
5835,CA-2015-101868,78,1637,989,383,2,329,64.2,5,0.7,213.99999999999997,-42.8,-0.6666666666666666,7,1
5836,CA-2015-101868,78,1161,989,383,2,329,38.52,3,0.7,128.39999999999998,-26.964,-0.7,7,1
5837,CA-2015-101868,78,1701,989,383,2,329,72.6,5,0.2,90.74999999999999,-8.1675,-0.11250000000000002,7,0
5838,CA-2017-133207,771,1764,345,735,2,2,57.568,4,0.2,71.96,5.7568,0.1,6,0
5839,CA-2015-132948,598,1765,1076,1406,2,61,83.7,5,0.0,83.7,3.348,0.039999999999999994,7,0
5840,CA-2015-134992,676,1194,358,121,1,102,32.4,5,0.0,32.4,15.552,0.48,4,0
5841,CA-2015-134992,676,929,358,121,1,102,47.98,2,0.0,47.98,11.0354,0.23,4,0
5842,CA-2015-126725,575,1766,973,83,2,189,415.968,4,0.2,519.96,51.996,0.125,4,0
5843,CA-2015-126725,575,887,973,83,2,189,304.9,5,0.0,304.9,6.098,0.02,4,0
5844,CA-2015-126725,575,1703,973,83,2,189,80.96,4,0.0,80.96,29.1456,0.36000000000000004,4,0
5845,CA-2015-126725,575,1668,973,83,2,189,777.21,7,0.0,777.21,54.4047,0.06999999999999999,4,0
5846,CA-2015-126725,575,989,973,83,2,189,32.4,5,0.0,32.4,15.552,0.48,4,0
5847,CA-2015-126725,575,902,973,83,2,189,225.568,2,0.2,281.96,2.8196,0.012499999999999999,4,0
5848,CA-2015-126725,575,1123,973,83,2,189,36.6,3,0.0,36.6,15.372,0.42,4,0
5849,CA-2015-121783,179,848,114,718,2,531,715.64,2,0.0,715.64,178.91,0.25,4,0
5850,CA-2015-121783,179,1245,114,718,2,531,795.51,3,0.0,795.51,143.1918,0.18,4,0
5851,CA-2015-121783,179,1573,114,718,2,531,549.99,1,0.0,549.99,274.995,0.5,4,0
5852,CA-2015-121783,179,445,114,718,2,531,74.76,3,0.0,74.76,34.3896,0.45999999999999996,4,0
5853,CA-2015-121783,179,222,114,718,2,531,29.22,3,0.0,29.22,12.8568,0.44,4,0
5854,US-2014-138835,527,309,1077,81,2,221,9.64,2,0.0,9.64,4.7236,0.49,4,0
5855,CA-2015-112214,707,1199,1078,1068,2,78,33.488,7,0.2,41.86,-1.2558,-0.0375,6,0
5856,CA-2015-112214,707,1512,1078,1068,2,78,23.04,3,0.2,28.799999999999997,-4.896,-0.2125,6,0
5857,CA-2015-112214,707,1283,1078,1068,2,78,1.362,1,0.8,6.810000000000002,-2.1792,-1.5999999999999996,6,1
5858,CA-2015-112214,707,1257,1078,1068,2,78,14.76,5,0.6,36.9,-11.439,-0.775,6,1
5859,US-2017-153255,301,1602,214,211,1,138,239.666,2,0.15,281.96,14.098,0.05882352941176471,4,0
5860,CA-2015-108119,653,1001,550,628,2,552,301.96,2,0.0,301.96,45.294,0.15,7,0
5861,CA-2015-157434,83,1051,1079,125,1,75,7.968,2,0.2,9.959999999999999,2.8884,0.3625,5,0
5862,CA-2016-101525,633,1767,767,1315,1,367,109.92,2,0.0,109.92,53.8608,0.49,3,0
5863,CA-2016-101525,633,1308,767,1315,1,367,19.44,3,0.0,19.44,9.3312,0.48000000000000004,3,0
5864,CA-2016-101525,633,797,767,1315,1,367,11.16,2,0.0,11.16,4.3524,0.39,3,0
5865,US-2014-117968,603,1277,80,1408,1,317,79.47,3,0.0,79.47,22.2516,0.28,2,0
5866,US-2014-117968,603,1606,80,1408,1,317,4.56,2,0.0,4.56,2.0064,0.44000000000000006,2,0
5867,US-2014-117968,603,630,80,1408,1,317,1133.35,5,0.0,1133.35,294.671,0.26,2,0
5868,CA-2016-158211,131,513,811,1135,2,106,4.672,1,0.2,5.839999999999999,0.584,0.125,4,0
5869,CA-2016-158211,131,921,811,1135,2,106,104.58,6,0.7,348.59999999999997,-80.178,-0.7666666666666666,4,1
5870,CA-2016-152247,672,446,78,397,2,553,1603.136,4,0.2,2003.9199999999998,100.196,0.0625,5,0
5871,CA-2016-128223,183,1745,404,404,4,159,1293.488,7,0.2,1616.86,80.843,0.0625,0,0
5872,CA-2016-154235,77,102,447,151,2,464,127.95,3,0.0,127.95,21.7515,0.16999999999999998,4,0
5873,CA-2017-129910,468,43,984,356,2,113,59.76,1,0.0,59.76,16.7328,0.28,4,0
5874,CA-2017-133095,383,1088,401,401,4,238,108.08,7,0.0,108.08,54.04,0.5,0,0
5875,CA-2017-133095,383,1311,401,401,4,238,9.54,3,0.0,9.54,4.3884,0.46,0,0
5876,CA-2015-130554,87,564,1004,266,3,12,11.736,3,0.2,14.67,1.0269,0.0875,2,0
5877,CA-2014-152443,436,670,372,543,2,129,447.86,7,0.0,447.86,219.4514,0.49,5,0
5878,CA-2014-152443,436,1666,372,543,2,129,17.94,3,0.0,17.94,8.7906,0.48999999999999994,5,0
5879,CA-2014-152443,436,1361,372,543,2,129,245.88,6,0.0,245.88,68.8464,0.28,5,0
5880,CA-2016-133319,598,1416,65,109,2,165,192.16,4,0.0,192.16,92.2368,0.48000000000000004,6,0
5881,CA-2016-133935,479,446,32,898,2,189,801.568,2,0.2,1001.9599999999999,50.098,0.0625,4,0
5882,CA-2016-133935,479,840,32,898,2,189,368.91,9,0.0,368.91,180.7659,0.48999999999999994,4,0
5883,CA-2016-133935,479,813,32,898,2,189,885.528,9,0.2,1106.9099999999999,-99.6219,-0.11249999999999999,4,0
5884,CA-2016-136301,554,376,70,544,1,10,28.28,2,0.0,28.28,7.3528,0.26,2,0
5885,CA-2016-136301,554,1360,70,544,1,10,4912.59,3,0.0,4912.59,196.5036,0.04,2,0
5886,US-2014-109456,202,953,1080,1137,4,95,14.352,3,0.2,17.939999999999998,5.0232,0.35,1,0
5887,US-2014-109456,202,604,1080,1137,4,95,179.97,3,0.0,179.97,86.3856,0.48,1,0
5888,CA-2017-151596,772,1355,1049,1345,3,482,42.76,1,0.0,42.76,11.1176,0.26,3,0
5889,CA-2015-147879,418,1768,821,794,2,554,45.68,2,0.0,45.68,21.0128,0.45999999999999996,5,0
5890,CA-2016-166625,759,1096,168,765,3,309,25.06,2,0.0,25.06,11.7782,0.47000000000000003,3,0
5891,CA-2016-146157,743,695,832,492,2,27,38.432,1,0.2,48.04,13.4512,0.35,5,0
5892,CA-2016-146157,743,147,832,492,2,27,21.568,2,0.2,26.96,1.6176,0.075,5,0
5893,CA-2016-146157,743,152,832,492,2,27,81.576,3,0.2,101.96999999999998,2.0394,0.025000000000000005,5,0
5894,CA-2017-159954,758,995,19,33,2,149,2.78,1,0.0,2.78,1.3622,0.49000000000000005,4,0
5895,CA-2017-100825,471,1292,429,33,2,2,99.87,3,0.0,99.87,23.9688,0.24000000000000002,5,0
5896,CA-2014-168305,485,1761,302,1069,2,14,44.4,3,0.0,44.4,22.2,0.5,7,0
5897,CA-2014-168305,485,1116,302,1069,2,14,21.4,5,0.0,21.4,9.63,0.45000000000000007,7,0
5898,CA-2016-167682,10,91,1016,527,2,239,71.12,4,0.0,71.12,22.0472,0.31,6,0
5899,CA-2016-167682,10,1418,1016,527,2,239,259.96,4,0.0,259.96,124.7808,0.48000000000000004,6,0
5900,CA-2017-108000,323,1171,603,1035,2,95,9.78,1,0.0,9.78,4.89,0.5,4,0
5901,CA-2015-146465,584,473,313,28,2,35,24.192,9,0.2,30.24,7.56,0.3125,4,0
5902,CA-2016-159639,332,1173,582,500,2,74,31.56,3,0.0,31.56,10.4148,0.33,5,0
5903,US-2017-153948,87,369,45,45,4,35,59.94,3,0.0,59.94,28.1718,0.47000000000000003,0,0
5904,US-2017-153948,87,1714,45,45,4,35,45.36,4,0.0,45.36,22.2264,0.49000000000000005,0,0
5905,US-2017-153948,87,1715,45,45,4,35,26.4,5,0.0,26.4,12.672,0.48000000000000004,0,0
5906,US-2017-153948,87,1656,45,45,4,35,41.4,4,0.0,41.4,19.872,0.48000000000000004,0,0
5907,US-2017-153948,87,659,45,45,4,35,16.95,1,0.0,16.95,1.017,0.06,0,0
5908,US-2016-113985,471,1088,500,1287,2,59,24.704,2,0.2,30.88,9.264,0.37499999999999994,5,0
5909,US-2016-113985,471,942,500,1287,2,59,59.7,3,0.0,59.7,26.865,0.44999999999999996,5,0
5910,US-2016-113985,471,1574,500,1287,2,59,14.52,3,0.0,14.52,5.6628,0.39,5,0
5911,US-2016-113985,471,1312,500,1287,2,59,104.184,3,0.2,130.23,33.8598,0.325,5,0
5912,CA-2016-155383,650,178,908,597,2,61,46.53,3,0.0,46.53,13.0284,0.27999999999999997,5,0
5913,CA-2014-120432,62,1769,830,87,1,554,25.5,3,0.0,25.5,6.63,0.26,2,0
5914,US-2015-126977,725,384,15,1353,2,46,14.9,5,0.0,14.9,1.043,0.06999999999999999,6,0
5915,US-2015-126977,725,50,15,1353,2,46,87.71,7,0.0,87.71,41.2237,0.47000000000000003,6,0
5916,US-2015-126977,725,914,15,1353,2,46,199.764,2,0.1,221.96,8.8784,0.04444444444444444,6,0
5917,US-2015-126977,725,393,15,1353,2,46,94.6,4,0.0,94.6,27.434,0.29000000000000004,6,0
5918,US-2015-126977,725,27,15,1353,2,46,4228.704,6,0.2,5285.879999999999,158.5764,0.037500000000000006,6,0
5919,US-2015-126977,725,1249,15,1353,2,46,2003.92,5,0.2,2504.9,-25.049,-0.012499999999999999,6,0
5920,US-2015-126977,725,600,15,1353,2,46,209.97,3,0.0,209.97,58.7916,0.28,6,0
5921,US-2015-126977,725,765,15,1353,2,46,659.9,2,0.0,659.9,217.767,0.33,6,0
5922,US-2015-126977,725,418,15,1353,2,46,110.96,2,0.0,110.96,53.2608,0.48000000000000004,6,0
5923,US-2015-126977,725,1050,15,1353,2,46,67.8,4,0.0,67.8,1.356,0.020000000000000004,6,0
5924,CA-2016-130288,159,972,492,886,1,165,313.176,2,0.4,521.96,-120.0508,-0.38333333333333336,4,1
5925,CA-2017-146458,580,1242,124,904,1,29,22.96,7,0.0,22.96,6.6584,0.29,3,0
5926,CA-2017-150420,242,990,96,111,2,397,1099.5,10,0.0,1099.5,362.835,0.32999999999999996,5,0
5927,US-2014-118997,20,1747,919,792,2,34,1215.92,8,0.0,1215.92,316.1392,0.26,4,0
5928,CA-2014-114314,588,3,857,772,2,146,7.31,1,0.0,7.31,3.4357,0.47000000000000003,4,0
5929,CA-2014-114314,588,1349,857,772,2,146,8.92,4,0.0,8.92,3.9248,0.44,4,0
5930,US-2017-169551,211,673,438,363,3,75,87.21,3,0.5,174.42,-45.3492,-0.5200000000000001,2,1
5931,US-2017-169551,211,261,438,363,3,75,15.552,3,0.2,19.439999999999998,5.4432,0.35000000000000003,2,0
5932,US-2017-169551,211,433,438,363,3,75,683.988,2,0.4,1139.9800000000002,-113.998,-0.16666666666666666,2,1
5933,US-2017-169551,211,1428,438,363,3,75,13.392,3,0.2,16.74,1.0044,0.075,2,0
5934,US-2017-169551,211,1696,438,363,3,75,16.776,3,0.2,20.97,4.8231,0.28750000000000003,2,0
5935,US-2017-169551,211,765,438,363,3,75,527.92,2,0.2,659.8999999999999,85.787,0.16250000000000003,2,0
5936,CA-2016-103107,47,535,976,976,4,6,25.4,5,0.0,25.4,8.636,0.33999999999999997,0,0
5937,CA-2016-103107,47,1193,976,976,4,6,177.48,3,0.2,221.84999999999997,19.9665,0.1125,0,0
5938,CA-2016-103107,47,994,976,976,4,6,71.976,3,0.2,89.97,8.997,0.125,0,0
5939,CA-2017-122077,640,1212,241,1127,2,303,95.992,1,0.2,119.99,9.5992,0.09999999999999999,6,0
5940,CA-2017-122077,640,1723,241,1127,2,303,13.216,4,0.2,16.52,4.2952,0.32500000000000007,6,0
5941,CA-2017-112431,356,478,387,337,1,14,435.84,12,0.0,435.84,130.752,0.30000000000000004,2,0
5942,CA-2017-112431,356,135,387,337,1,14,5.88,2,0.0,5.88,1.5876,0.26999999999999996,2,0
5943,CA-2016-151092,365,195,877,573,2,4,211.168,4,0.2,263.96,18.4772,0.0875,7,0
5944,CA-2014-104178,26,1449,56,551,2,2,6.28,1,0.0,6.28,2.6376,0.42,4,0
5945,CA-2014-104178,26,453,56,551,2,2,95.1,5,0.0,95.1,30.432,0.32,4,0
5946,CA-2014-104178,26,1348,56,551,2,2,25.92,4,0.0,25.92,12.4416,0.4799999999999999,4,0
5947,CA-2014-104178,26,763,56,551,2,2,48.84,4,0.0,48.84,13.1868,0.26999999999999996,4,0
5948,CA-2015-115924,535,1500,472,228,1,194,25.9,5,0.0,25.9,12.691,0.49000000000000005,4,0
5949,CA-2017-161046,119,762,917,917,4,373,42.68,4,0.0,42.68,19.6328,0.46,0,0
5950,CA-2017-161046,119,410,917,917,4,373,299.97,3,0.0,299.97,125.9874,0.41999999999999993,0,0
5951,CA-2017-161046,119,165,917,917,4,373,262.24,2,0.0,262.24,78.672,0.3,0,0
5952,CA-2017-161046,119,921,917,917,4,373,234.36,6,0.0,234.36,112.4928,0.48,0,0
5953,US-2017-141698,175,1770,5,82,2,17,20.736,4,0.2,25.919999999999998,7.2576,0.35,6,0
5954,US-2014-105151,738,1707,810,692,3,30,10.5,5,0.0,10.5,2.94,0.27999999999999997,1,0
5955,CA-2014-155796,748,1443,8,648,1,333,23.968,2,0.2,29.959999999999997,7.7896,0.325,4,0
5956,CA-2014-155796,748,38,8,648,1,333,521.96,4,0.5,1043.92,-250.5408,-0.4799999999999999,4,1
5957,CA-2016-127138,159,274,300,544,1,10,676.55,5,0.0,676.55,6.7655,0.010000000000000002,3,0
5958,CA-2016-127138,159,1272,300,544,1,10,154.9,5,0.0,154.9,40.274,0.26,3,0
5959,CA-2016-127138,159,662,300,544,1,10,30.56,4,0.0,30.56,14.9744,0.49,3,0
5960,CA-2016-127138,159,624,300,544,1,10,770.352,3,0.2,962.9399999999999,77.0352,0.1,3,0
5961,CA-2017-150602,505,1227,840,1303,1,63,21.12,4,0.0,21.12,6.5472,0.31,5,0
5962,CA-2014-140732,16,517,8,1409,1,26,575.928,9,0.2,719.91,57.5928,0.09999999999999999,2,0
5963,CA-2014-140732,16,1035,8,1409,1,26,7.78,2,0.0,7.78,2.0228,0.26,2,0
5964,CA-2014-140732,16,760,8,1409,1,26,123.92,4,0.0,123.92,55.764,0.45,2,0
5965,CA-2017-119011,757,1323,649,327,2,10,17.22,3,0.0,17.22,5.166,0.30000000000000004,5,0
5966,CA-2017-119011,757,118,649,327,2,10,226.56,6,0.0,226.56,63.4368,0.27999999999999997,5,0
5967,CA-2017-119011,757,1518,649,327,2,10,107.88,3,0.2,134.85,10.788,0.1,5,0
5968,CA-2016-166912,337,1523,805,328,3,30,81.98,2,0.0,81.98,40.1702,0.49,2,0
5969,CA-2014-141726,231,977,837,193,3,189,104.85,1,0.0,104.85,50.328,0.48000000000000004,2,0
5970,CA-2014-141726,231,305,837,193,3,189,8.704,2,0.2,10.88,3.1552,0.36249999999999993,2,0
5971,CA-2014-141726,231,389,837,193,3,189,19.92,4,0.0,19.92,9.7608,0.48999999999999994,2,0
5972,CA-2014-141726,231,614,837,193,3,189,43.02,3,0.0,43.02,15.4872,0.36,2,0
5973,CA-2017-115105,421,790,696,513,2,24,240.784,1,0.2,300.97999999999996,30.098,0.125,5,0
5974,CA-2015-143980,83,1471,708,1233,2,165,414.96,2,0.0,414.96,124.488,0.3,4,0
5975,CA-2016-135636,141,888,751,64,2,44,387.72,5,0.2,484.65000000000003,-67.851,-0.175,5,0
5976,CA-2017-102155,646,735,1003,730,2,440,360.38,2,0.0,360.38,93.6988,0.26,4,0
5977,CA-2017-102155,646,988,1003,730,2,440,13.56,2,0.0,13.56,6.2376,0.45999999999999996,4,0
5978,CA-2017-116953,604,303,559,1017,3,155,552.0,10,0.2,690.0,34.5,0.0625,1,0
5979,CA-2014-117765,47,978,558,104,2,313,429.9,5,0.0,429.9,111.774,0.26,6,0
5980,CA-2014-117765,47,28,558,104,2,313,32.06,2,0.0,32.06,15.3888,0.48,6,0
5981,CA-2014-117765,47,168,558,104,2,313,161.96,2,0.0,161.96,45.3488,0.27999999999999997,6,0
5982,CA-2014-117765,47,338,558,104,2,313,19.86,2,0.0,19.86,5.7594,0.29000000000000004,6,0
5983,CA-2016-114895,161,1642,832,86,2,46,12.96,2,0.0,12.96,6.3504,0.48999999999999994,7,0
5984,CA-2017-112984,700,631,119,66,1,106,20.544,6,0.2,25.68,6.42,0.3125,2,0
5985,CA-2016-163776,560,1436,1081,198,2,502,185.58,6,0.0,185.58,76.0878,0.41,6,0
5986,CA-2016-163776,560,1562,1081,198,2,502,77.56,2,0.0,77.56,35.6776,0.45999999999999996,6,0
5987,CA-2016-163776,560,211,1081,198,2,502,87.92,4,0.0,87.92,0.8792,0.01,6,0
5988,CA-2016-163776,560,1523,1081,198,2,502,245.94,6,0.0,245.94,120.5106,0.49,6,0
5989,CA-2016-163776,560,481,1081,198,2,502,8.6,1,0.0,8.6,4.042,0.47,6,0
5990,CA-2016-163776,560,1660,1081,198,2,502,504.9,5,0.0,504.9,126.225,0.25,6,0
5991,US-2017-163300,302,1179,176,297,2,14,2357.488,7,0.2,2946.8599999999997,884.058,0.375,6,0
5992,US-2017-163300,302,195,176,297,2,14,369.544,7,0.2,461.92999999999995,32.3351,0.0875,6,0
5993,US-2017-163300,302,390,176,297,2,14,184.752,3,0.2,230.94,-20.7846,-0.1125,6,0
5994,CA-2016-162187,375,721,26,26,4,48,64.96,5,0.2,81.19999999999999,-4.06,-0.0625,0,0
5995,CA-2016-162187,375,1567,26,26,4,48,13.52,2,0.2,16.9,1.69,0.125,0,0
5996,CA-2016-162187,375,1586,26,26,4,48,458.43,5,0.3,654.9000000000001,-137.529,-0.3,0,1
5997,CA-2016-162187,375,644,26,26,4,48,387.136,4,0.2,483.92,24.196,0.0625,0,0
5998,CA-2016-162187,375,963,26,26,4,48,328.59,3,0.4,547.65,-147.8655,-0.45,0,1
5999,US-2014-112991,65,902,326,638,2,555,338.352,3,0.2,422.93999999999994,4.2294,0.0125,4,0
6000,US-2014-112991,65,713,326,638,2,555,25.92,4,0.0,25.92,12.4416,0.4799999999999999,4,0
6001,US-2014-112991,65,394,326,638,2,555,91.36,4,0.0,91.36,42.0256,0.45999999999999996,4,0
6002,CA-2014-124079,576,1143,737,507,2,52,87.96,3,0.2,109.94999999999999,7.6965,0.08750000000000001,4,0
6003,CA-2014-124079,576,531,737,507,2,52,5.214,2,0.7,17.38,-4.1712,-0.7999999999999999,4,1
6004,US-2017-146878,298,103,297,1292,2,230,12.294,1,0.7,40.98,-8.6058,-0.7,6,1
6005,CA-2017-107244,370,628,211,221,2,26,19.76,4,0.0,19.76,8.2992,0.42,4,0
6006,CA-2015-100657,574,1535,122,210,2,25,109.764,2,0.1,121.96,8.5372,0.07777777777777778,5,0
6007,CA-2017-129581,472,1301,158,405,2,274,128.85,3,0.0,128.85,3.8655,0.030000000000000002,7,0
6008,CA-2017-129028,335,102,720,356,3,330,127.95,3,0.0,127.95,21.7515,0.16999999999999998,2,0
6009,CA-2015-135580,53,1139,1082,836,2,14,68.52,3,0.0,68.52,31.5192,0.46,4,0
6010,CA-2015-135580,53,353,1082,836,2,14,74.94,3,0.0,74.94,14.2386,0.19,4,0
6011,CA-2015-135580,53,669,1082,836,2,14,2548.56,6,0.2,3185.7,286.713,0.11250000000000002,4,0
6012,CA-2015-135580,53,232,1082,836,2,14,271.44,3,0.0,271.44,122.148,0.45,4,0
6013,CA-2015-135580,53,1192,1082,836,2,14,287.88,3,0.2,359.84999999999997,35.985,0.125,4,0
6014,CA-2016-159016,581,1103,613,22,3,142,14.9,5,0.0,14.9,7.152,0.48,1,0
6015,CA-2016-159016,581,1149,613,22,3,142,4158.912,8,0.2,5198.64,363.9048,0.0875,1,0
6016,CA-2014-102652,673,1763,323,792,2,14,91.96,2,0.0,91.96,15.6332,0.17,6,0
6017,CA-2014-102652,673,284,323,792,2,14,33.11,7,0.0,33.11,12.9129,0.39,6,0
6018,CA-2014-102652,673,1166,323,792,2,14,19.44,3,0.0,19.44,9.3312,0.48000000000000004,6,0
6019,CA-2014-102652,673,1487,323,792,2,14,55.48,1,0.0,55.48,26.6304,0.48000000000000004,6,0
6020,CA-2014-152422,632,10,1083,983,1,48,91.92,5,0.2,114.89999999999999,11.49,0.125,5,0
6021,US-2016-156692,644,1296,573,573,4,556,17.34,2,0.0,17.34,4.6818,0.27,0,0
6022,US-2016-156692,644,358,573,573,4,556,71.98,2,0.0,71.98,15.1158,0.21,0,0
6023,CA-2014-130869,91,112,665,872,2,539,7.08,3,0.2,8.85,2.478,0.35000000000000003,4,0
6024,US-2017-128832,323,1068,559,843,3,260,69.98,2,0.0,69.98,4.8986,0.06999999999999999,3,0
6025,CA-2017-139717,662,1726,1044,776,1,404,646.272,8,0.2,807.84,64.6272,0.09999999999999999,2,0
6026,CA-2017-139717,662,728,1044,776,1,404,10.368,2,0.2,12.959999999999999,3.7584,0.3625,2,0
6027,CA-2017-136007,557,1472,661,581,2,61,8.4,5,0.0,8.4,0.336,0.04,7,0
6028,CA-2017-136007,557,832,661,581,2,61,71.96,5,0.2,89.94999999999999,25.186,0.35000000000000003,7,0
6029,CA-2016-157364,300,685,259,832,3,223,18.48,2,0.2,23.099999999999998,6.006,0.325,2,0
6030,US-2016-112970,622,951,697,626,3,14,9.84,3,0.0,9.84,2.8536,0.29000000000000004,1,0
6031,US-2017-152492,739,1181,92,92,4,230,239.24,1,0.2,299.05,23.924,0.09999999999999999,0,0
6032,CA-2016-101168,165,1227,592,315,2,557,21.12,4,0.0,21.12,6.5472,0.31,7,0
6033,CA-2017-104010,144,134,757,1017,3,165,54.9,5,0.0,54.9,15.372,0.28,2,0
6034,CA-2015-130253,453,1525,640,218,2,2,15.24,3,0.0,15.24,5.1816,0.34,4,0
6035,US-2015-155369,311,415,1084,335,2,297,19.568,2,0.8,97.84000000000003,-52.8336,-2.6999999999999997,6,1
6036,US-2015-155369,311,761,1084,335,2,297,310.392,4,0.8,1551.9600000000003,-512.1468,-1.65,6,1
6037,CA-2016-131205,732,379,914,163,2,522,42.6,3,0.0,42.6,16.614,0.39,4,0
6038,CA-2016-131205,732,413,914,163,2,522,113.94,6,0.0,113.94,54.6912,0.48000000000000004,4,0
6039,CA-2016-131205,732,572,914,163,2,522,129.92,4,0.0,129.92,5.1968,0.04,4,0
6040,CA-2016-131205,732,1274,914,163,2,522,5.28,3,0.0,5.28,2.5344,0.48000000000000004,4,0
6041,CA-2017-122364,136,1119,242,366,2,142,859.2,3,0.2,1074.0,75.18,0.08750000000000001,5,0
6042,CA-2017-122364,136,1771,242,366,2,142,506.28,3,0.2,632.8499999999999,177.198,0.35000000000000003,5,0
6043,CA-2016-117912,15,1105,1085,598,2,172,14.368,2,0.2,17.96,3.9512,0.275,4,0
6044,CA-2017-145702,341,542,241,1270,1,366,314.352,3,0.2,392.93999999999994,-35.3646,-0.11250000000000002,5,0
6045,CA-2017-145702,341,1051,241,1270,1,366,27.888,7,0.2,34.86,10.1094,0.3625,5,0
6046,CA-2015-113215,435,1072,38,1015,2,116,238.152,3,0.2,297.68999999999994,89.307,0.37500000000000006,5,0
6047,CA-2016-154662,683,1745,633,951,2,40,692.94,3,0.0,692.94,173.235,0.25,7,0
6048,CA-2015-105571,292,571,210,1216,2,230,16.146,9,0.7,53.81999999999999,-12.9168,-0.7999999999999999,4,1
6049,CA-2015-105571,292,1177,210,1216,2,230,1345.485,5,0.7,4484.949999999999,-1031.5385,-0.7666666666666668,4,1
6050,CA-2016-152765,202,1694,1086,1134,3,67,173.488,7,0.2,216.85999999999999,54.215,0.3125,3,0
6051,CA-2015-153878,773,333,335,29,2,202,57.75,5,0.0,57.75,16.17,0.28,5,0
6052,CA-2015-153878,773,1310,335,29,2,202,272.4,5,0.0,272.4,76.272,0.28,5,0
6053,CA-2016-124016,186,1026,714,183,1,404,11.952,3,0.2,14.94,4.0338,0.3375,3,0
6054,CA-2016-124016,186,1458,714,183,1,404,28.0,4,0.2,35.0,7.7,0.275,3,0
6055,CA-2016-124016,186,700,714,183,1,404,12.201,7,0.7,40.669999999999995,-9.7608,-0.7999999999999999,3,1
6056,CA-2016-113551,174,1340,299,624,3,466,2.068,1,0.8,10.340000000000003,-3.4122,-1.65,2,1
6057,CA-2016-113551,174,1403,299,624,3,466,83.84,8,0.2,104.8,30.392,0.3625,2,0
6058,CA-2014-107524,608,153,1087,1289,2,30,11.36,2,0.0,11.36,5.3392,0.47000000000000003,6,0
6059,CA-2014-107524,608,58,1087,1289,2,30,36.4,5,0.0,36.4,17.472,0.48000000000000004,6,0
6060,CA-2014-138072,316,1564,126,929,2,75,27.968,2,0.2,34.96,6.992,0.25,4,0
6061,CA-2015-134201,259,842,890,393,2,145,142.04,4,0.0,142.04,38.3508,0.27,6,0
6062,CA-2015-134201,259,283,890,393,2,145,14.67,3,0.0,14.67,6.0147,0.41000000000000003,6,0
6063,CA-2015-111780,268,852,708,1082,1,89,1199.96,5,0.2,1499.95,224.9925,0.1875,5,0
6064,CA-2015-111780,268,795,708,1082,1,89,12.6,3,0.0,12.6,6.174,0.49000000000000005,5,0
6065,CA-2015-111780,268,458,708,1082,1,89,17.94,3,0.0,17.94,8.073,0.45,5,0
6066,CA-2015-119942,75,640,58,1004,3,75,23.904,6,0.2,29.88,7.7688,0.325,2,0
6067,CA-2015-151547,734,1206,185,652,2,558,88.96,8,0.2,111.19999999999999,10.008,0.1125,6,0
6068,CA-2017-166695,255,406,969,1270,2,469,518.272,8,0.2,647.84,-97.176,-0.1875,4,0
6069,CA-2017-166695,255,771,969,1270,2,469,6.98,1,0.0,6.98,3.3504,0.48,4,0
6070,CA-2017-166695,255,1772,969,1270,2,469,343.2,1,0.2,428.99999999999994,38.61,0.1125,4,0
6071,CA-2017-167542,471,677,803,649,2,75,17.544,3,0.2,21.93,5.9211,0.33749999999999997,7,0
6072,CA-2015-120901,768,622,621,811,2,111,152.688,2,0.2,190.85999999999999,-26.7204,-0.17500000000000002,4,0
6073,CA-2015-120901,768,846,621,811,2,111,3.488,2,0.2,4.359999999999999,0.5668,0.1625,4,0
6074,CA-2015-120901,768,328,621,811,2,111,5.888,2,0.2,7.359999999999999,-1.3248,-0.225,4,0
6075,CA-2017-121398,93,1243,54,615,2,142,153.552,3,0.2,191.93999999999997,51.8238,0.3375,4,0
6076,CA-2017-121398,93,274,54,615,2,142,270.62,2,0.0,270.62,2.7062,0.01,4,0
6077,CA-2016-151561,311,476,143,1244,2,165,468.9,6,0.0,468.9,206.316,0.44,6,0
6078,CA-2016-151561,311,1520,143,1244,2,165,72.48,2,0.0,72.48,30.4416,0.42,6,0
6079,CA-2016-151561,311,504,143,1244,2,165,10.95,3,0.0,10.95,3.285,0.30000000000000004,6,0
6080,CA-2016-151561,311,442,143,1244,2,165,191.82,3,0.0,191.82,61.3824,0.32,6,0
6081,CA-2017-154676,126,1223,486,1300,3,33,151.056,9,0.2,188.82,7.5528,0.049999999999999996,3,0
6082,US-2014-165589,181,1599,1088,1088,4,339,25.16,5,0.6,62.9,-11.322,-0.44999999999999996,0,1
6083,US-2016-132577,189,1500,442,582,2,15,6.216,6,0.8,31.08000000000001,-9.6348,-1.55,5,1
6084,US-2016-132577,189,1610,442,582,2,15,23.616,9,0.2,29.52,2.6568,0.1125,5,0
6085,US-2016-132577,189,1375,442,582,2,15,24.032,2,0.2,30.04,-0.6008,-0.025,5,0
6086,US-2016-132577,189,949,442,582,2,15,2.088,1,0.2,2.61,0.6786,0.32499999999999996,5,0
6087,US-2016-132577,189,1391,442,582,2,15,4.488,6,0.8,22.44000000000001,-6.732,-1.5,5,1
6088,CA-2015-114048,14,222,640,218,2,147,29.22,3,0.0,29.22,12.8568,0.44,4,0
6089,CA-2015-137281,542,681,386,1360,2,237,6.48,1,0.0,6.48,3.1104,0.4799999999999999,4,0
6090,US-2017-162068,332,923,117,1347,1,523,1.188,2,0.7,3.959999999999999,-0.99,-0.8333333333333334,3,1
6091,CA-2017-100111,278,932,1089,987,2,46,272.646,3,0.1,302.94,18.1764,0.06666666666666667,6,0
6092,CA-2017-100111,278,1773,1089,987,2,46,212.8,2,0.0,212.8,95.76,0.45,6,0
6093,CA-2017-100111,278,1672,1089,987,2,46,38.52,9,0.0,38.52,18.1044,0.4699999999999999,6,0
6094,CA-2017-100111,278,478,1089,987,2,46,72.64,2,0.0,72.64,21.792,0.30000000000000004,6,0
6095,CA-2017-100111,278,76,1089,987,2,46,45.4,4,0.0,45.4,12.712,0.28,6,0
6096,CA-2017-100111,278,321,1089,987,2,46,13.76,2,0.0,13.76,6.3296,0.46,6,0
6097,CA-2017-100111,278,52,1089,987,2,46,80.991,1,0.1,89.99,8.0991,0.1,6,0
6098,CA-2017-100111,278,186,1089,987,2,46,11.784,3,0.2,14.73,3.9771,0.33749999999999997,6,0
6099,CA-2017-100111,278,53,1089,987,2,46,4.36,2,0.0,4.36,1.7876,0.41,6,0
6100,CA-2017-100111,278,285,1089,987,2,46,2888.127,11,0.1,3209.0299999999997,609.7157,0.2111111111111111,6,0
6101,CA-2017-100111,278,1149,1089,987,2,46,1299.66,2,0.0,1299.66,350.9082,0.27,6,0
6102,CA-2017-100111,278,446,1089,987,2,46,2254.41,5,0.1,2504.8999999999996,375.735,0.16666666666666669,6,0
6103,CA-2017-100111,278,140,1089,987,2,46,104.85,3,0.0,104.85,28.3095,0.27,6,0
6104,CA-2017-100111,278,85,1089,987,2,46,59.97,3,0.0,59.97,20.3898,0.34,6,0
6105,US-2017-132381,657,737,1030,1044,3,106,314.532,2,0.4,524.22,-83.8752,-0.2666666666666667,2,1
6106,CA-2015-147011,404,320,653,138,2,329,13.632,4,0.2,17.04,3.5784,0.2625,4,0
6107,CA-2014-120852,577,536,415,1262,2,71,19.432,2,0.8,97.16000000000001,-49.5516,-2.5500000000000003,5,1
6108,CA-2014-120852,577,961,415,1262,2,71,65.44,5,0.2,81.8,-8.18,-0.125,5,0
6109,CA-2016-150007,549,1551,109,1143,2,156,6.0,2,0.2,7.5,2.1,0.35000000000000003,5,0
6110,CA-2016-150007,549,1311,109,1143,2,156,1.908,3,0.8,9.540000000000001,-3.2436,-1.7,5,1
6111,CA-2016-124590,728,1497,397,77,2,272,1474.802,7,0.3,2106.86,-21.0686,-0.014285714285714287,4,1
6112,CA-2016-124590,728,15,397,77,2,272,110.096,2,0.2,137.62,33.0288,0.3,4,0
6113,CA-2016-124590,728,204,397,77,2,272,16.752,6,0.2,20.939999999999998,5.4444,0.325,4,0
6114,CA-2016-124590,728,2,397,77,2,272,1537.074,9,0.3,2195.82,0.0,0.0,4,1
6115,CA-2016-124590,728,624,397,77,2,272,449.372,2,0.3,641.96,-12.8392,-0.02857142857142857,4,1
6116,CA-2016-133802,71,45,561,232,2,559,41.904,6,0.2,52.38,14.1426,0.33749999999999997,6,0
6117,US-2016-113677,476,1774,374,259,2,165,2279.96,4,0.0,2279.96,592.7896,0.25999999999999995,6,0
6118,US-2016-113677,476,640,374,259,2,165,14.94,3,0.0,14.94,6.8724,0.46,6,0
6119,CA-2017-143378,336,517,21,146,2,331,191.976,3,0.2,239.97,19.1976,0.1,6,0
6120,CA-2017-143378,336,1069,21,146,2,331,23.832,3,0.2,29.79,6.5538,0.27499999999999997,6,0
6121,CA-2017-143378,336,442,21,146,2,331,409.216,8,0.2,511.52,61.3824,0.15,6,0
6122,CA-2017-143378,336,367,21,146,2,331,72.588,2,0.7,241.95999999999995,-128.2388,-1.7666666666666668,6,1
6123,CA-2017-152660,559,1425,770,35,2,27,61.568,2,0.2,76.96,4.6176,0.07500000000000001,5,0
6124,CA-2015-142139,175,1255,285,578,2,472,20.96,4,0.2,26.2,6.812,0.325,5,0
6125,CA-2017-145772,165,1045,96,1250,2,2,44.75,5,0.0,44.75,8.5025,0.19,4,0
6126,CA-2017-145772,165,1775,96,1250,2,2,11.96,2,0.0,11.96,5.382,0.44999999999999996,4,0
6127,CA-2017-145772,165,767,96,1250,2,2,3.912,1,0.2,4.89,1.2714,0.325,4,0
6128,CA-2016-124100,553,164,1045,1204,2,30,327.996,6,0.1,364.44,54.666,0.16666666666666666,6,0
6129,US-2014-158400,693,1088,1090,920,3,10,49.408,4,0.2,61.76,18.528,0.37499999999999994,3,0
6130,CA-2017-162033,774,937,607,460,2,221,53.25,3,0.0,53.25,20.7675,0.38999999999999996,7,0
6131,CA-2017-162033,774,1015,607,460,2,221,3.76,2,0.0,3.76,1.316,0.35000000000000003,7,0
6132,CA-2014-163447,354,213,423,521,2,165,767.214,14,0.1,852.46,161.9674,0.21111111111111108,4,0
6133,CA-2017-145737,270,1523,176,1089,2,560,163.96,5,0.2,204.95,59.4355,0.3625,5,0
6134,CA-2016-148096,775,1530,766,1147,3,63,161.28,2,0.2,201.6,12.096,0.075,3,0
6135,CA-2016-146766,628,282,255,255,4,459,192.8,4,0.0,192.8,55.912,0.29,0,0
6136,CA-2015-105613,608,1576,1091,421,2,479,27.696,3,0.2,34.62,3.462,0.125,4,0
6137,CA-2015-105613,608,1307,1091,421,2,479,73.164,6,0.8,365.8200000000001,-186.5682,-2.55,4,1
6138,US-2016-142251,384,482,732,255,1,476,32.064,6,0.2,40.08,11.2224,0.35000000000000003,4,0
6139,CA-2014-131247,316,431,810,528,2,95,205.666,2,0.15,241.96,-12.098,-0.05882352941176471,5,0
6140,US-2015-113593,721,1425,25,705,3,561,115.44,3,0.0,115.44,30.0144,0.26,2,0
6141,CA-2017-121083,441,1767,363,664,2,114,274.8,5,0.0,274.8,134.652,0.48999999999999994,6,0
6142,CA-2017-121083,441,1167,363,664,2,114,195.64,4,0.0,195.64,3.9128,0.02,6,0
6143,CA-2017-121083,441,958,363,664,2,114,257.98,2,0.0,257.98,74.8142,0.29,6,0
6144,CA-2017-121083,441,1572,363,664,2,114,119.04,6,0.0,119.04,48.8064,0.41,6,0
6145,CA-2017-151190,219,1071,819,871,2,199,20.07,3,0.0,20.07,9.2322,0.46,4,0
6146,CA-2014-133543,731,502,1092,59,2,59,11.76,4,0.0,11.76,3.1752,0.26999999999999996,4,0
6147,CA-2017-105130,602,502,611,921,2,35,11.76,4,0.0,11.76,3.1752,0.26999999999999996,4,0
6148,CA-2017-105130,602,987,611,921,2,35,40.736,2,0.2,50.919999999999995,14.7668,0.36250000000000004,4,0
6149,CA-2016-161928,664,1552,813,623,1,10,201.584,2,0.2,251.98,12.599,0.0625,2,0
6150,CA-2017-101322,685,57,117,1347,3,107,340.704,6,0.2,425.88,-34.0704,-0.09999999999999999,3,0
6151,US-2016-106600,529,1545,144,1410,3,113,354.9,5,0.0,354.9,88.725,0.25,3,0
6152,CA-2014-111871,736,1602,773,91,1,95,1198.33,10,0.15,1409.8,70.49,0.058823529411764705,3,0
6153,CA-2017-139437,362,211,446,142,2,26,87.92,4,0.0,87.92,0.8792,0.01,5,0
6154,CA-2017-151484,52,1417,694,757,3,75,51.968,2,0.2,64.96,10.3936,0.19999999999999998,3,0
6155,CA-2017-151484,52,81,694,757,3,75,51.336,3,0.2,64.16999999999999,5.7753,0.1125,3,0
6156,CA-2017-151484,52,404,694,757,3,75,332.704,1,0.2,415.88,33.2704,0.1,3,0
6157,CA-2017-151484,52,1382,694,757,3,75,42.408,3,0.2,53.01,9.5418,0.225,3,0
6158,CA-2016-104150,744,114,1093,1222,1,313,81.54,3,0.0,81.54,38.3238,0.47,2,0
6159,CA-2016-104150,744,1776,1093,1222,1,313,167.28,12,0.0,167.28,23.4192,0.13999999999999999,2,0
6160,CA-2016-161025,307,1663,276,11,2,14,772.68,4,0.0,772.68,108.1752,0.14,6,0
6161,CA-2014-103989,205,525,1094,91,3,153,323.976,3,0.2,404.96999999999997,28.3479,0.0875,2,0
6162,CA-2014-103989,205,1140,1094,91,3,153,11.808,4,0.2,14.76,3.9852,0.33749999999999997,2,0
6163,CA-2014-103989,205,377,1094,91,3,153,26.16,3,0.2,32.699999999999996,1.962,0.075,2,0
6164,CA-2014-103989,205,1404,1094,91,3,153,33.57,5,0.7,111.89999999999999,-25.737,-0.7666666666666666,2,1
6165,CA-2014-103989,205,1036,1094,91,3,153,4.992,3,0.2,6.239999999999999,1.3728,0.275,2,0
6166,CA-2014-103989,205,1683,1094,91,3,153,20.016,3,0.2,25.019999999999996,5.5044,0.275,2,0
6167,CA-2014-103989,205,1773,1094,91,3,153,170.24,2,0.2,212.8,53.2,0.3125,2,0
6168,CA-2015-142433,302,127,705,335,2,67,117.456,3,0.2,146.82,44.046,0.375,5,0
6169,CA-2015-132815,460,497,445,358,1,142,22.96,2,0.0,22.96,11.2504,0.49,3,0
6170,CA-2014-101266,463,482,10,1195,1,29,13.36,2,0.0,13.36,6.4128,0.48,3,0
6171,CA-2016-141523,776,1396,1055,436,1,46,34.248,3,0.2,42.809999999999995,11.5587,0.3375,5,0
6172,CA-2016-141523,776,825,1055,436,1,46,3.52,2,0.0,3.52,1.0208,0.29,5,0
6173,US-2014-106299,126,952,1095,234,2,335,26.7,5,0.0,26.7,12.549,0.47,6,0
6174,US-2014-106299,126,1652,1095,234,2,335,21.2,2,0.0,21.2,9.116,0.43,6,0
6175,US-2014-106299,126,1075,1095,234,2,335,838.38,2,0.0,838.38,226.3626,0.26999999999999996,6,0
6176,CA-2015-158421,674,775,482,121,2,38,1690.04,4,0.0,1690.04,422.51,0.25,5,0
6177,CA-2015-158421,674,577,482,121,2,38,85.96,7,0.0,85.96,24.0688,0.28,5,0
6178,CA-2015-158421,674,1698,482,121,2,38,121.96,2,0.0,121.96,57.3212,0.47000000000000003,5,0
6179,CA-2015-158421,674,1777,482,121,2,38,23.92,4,0.0,23.92,11.7208,0.49,5,0
6180,CA-2015-158421,674,912,482,121,2,38,63.96,2,0.0,63.96,6.396,0.09999999999999999,5,0
6181,CA-2015-158421,674,1371,482,121,2,38,629.95,5,0.0,629.95,176.386,0.27999999999999997,5,0
6182,CA-2015-158421,674,530,482,121,2,38,113.73,3,0.0,113.73,32.9817,0.29,5,0
6183,CA-2015-158421,674,348,482,121,2,38,14.6,2,0.0,14.6,6.862,0.47000000000000003,5,0
6184,CA-2015-158421,674,17,482,121,2,38,887.84,8,0.0,887.84,17.7568,0.019999999999999997,5,0
6185,CA-2016-143609,490,39,26,181,3,41,403.92,5,0.2,504.9,25.245,0.0625,2,0
6186,CA-2015-138331,601,819,977,1309,2,75,106.8,10,0.2,133.5,10.68,0.1,5,0
6187,CA-2015-138954,187,393,220,973,3,46,70.95,3,0.0,70.95,20.5755,0.29000000000000004,2,0
6188,CA-2015-138954,187,1345,220,973,3,46,34.944,6,0.2,43.68,11.7936,0.33749999999999997,2,0
6189,CA-2015-138954,187,1042,220,973,3,46,119.04,6,0.0,119.04,35.712,0.3,2,0
6190,CA-2017-157903,563,1192,1096,799,2,562,383.84,4,0.2,479.79999999999995,47.98,0.125,4,0
6191,CA-2016-157259,342,1741,436,1291,2,46,799.56,9,0.0,799.56,207.8856,0.26,4,0
6192,CA-2017-107986,597,471,1097,1097,4,6,31.44,3,0.0,31.44,8.4888,0.26999999999999996,0,0
6193,CA-2017-104927,744,713,67,378,2,15,25.92,5,0.2,32.4,9.072,0.3499999999999999,4,0
6194,CA-2017-104927,744,859,67,378,2,15,6.33,5,0.8,31.650000000000006,-9.8115,-1.55,4,1
6195,CA-2017-104927,744,641,67,378,2,15,75.88,5,0.2,94.85,26.558,0.35000000000000003,4,0
6196,CA-2017-113453,381,904,209,961,2,106,329.988,2,0.4,549.98,-76.9972,-0.23333333333333336,7,1
6197,CA-2017-113453,381,1070,209,961,2,106,71.376,3,0.2,89.22,-4.461,-0.0625,7,0
6198,CA-2015-149909,155,1347,51,973,2,135,63.77,7,0.0,63.77,28.6965,0.44999999999999996,4,0
6199,CA-2015-149909,155,1260,51,973,2,135,50.97,3,0.0,50.97,13.2522,0.26,4,0
6200,CA-2015-149909,155,695,51,973,2,135,96.08,2,0.0,96.08,46.1184,0.48000000000000004,4,0
6201,CA-2015-146675,767,1078,393,705,2,190,1439.968,4,0.2,1799.96,485.9892,0.33749999999999997,4,0
6202,CA-2015-146675,767,1701,393,705,2,190,43.56,3,0.2,54.45,-4.9005,-0.1125,4,0
6203,CA-2016-118332,8,902,187,444,2,431,563.92,5,0.2,704.8999999999999,7.049,0.012500000000000002,7,0
6204,CA-2016-133669,604,1693,148,190,2,48,235.152,8,0.4,391.92,-47.0304,-0.2,6,1
6205,CA-2017-145660,378,764,97,735,3,369,7.712,2,0.2,9.639999999999999,1.7352,0.225,2,0
6206,CA-2016-133697,321,1347,202,1058,1,15,51.016,7,0.2,63.769999999999996,15.9425,0.3125,4,0
6207,CA-2016-133697,321,551,202,1058,1,15,25.248,4,0.2,31.56,7.89,0.3125,4,0
6208,CA-2016-133697,321,395,202,1058,1,15,56.686,1,0.3,80.98,-14.5764,-0.2571428571428571,4,1
6209,CA-2017-148138,546,912,366,622,2,369,51.168,2,0.2,63.959999999999994,-6.396,-0.125,4,0
6210,CA-2017-119809,454,761,239,327,2,6,2793.528,9,0.2,3491.9099999999994,942.8157,0.3375,7,0
6211,CA-2017-119809,454,385,239,327,2,6,1000.02,7,0.0,1000.02,290.0058,0.29000000000000004,7,0
6212,CA-2017-119809,454,505,239,327,2,6,65.94,3,0.0,65.94,22.4196,0.34,7,0
6213,CA-2017-149944,94,830,106,674,1,563,18.24,3,0.0,18.24,9.12,0.5,4,0
6214,CA-2017-149944,94,514,106,674,1,563,76.12,2,0.0,76.12,22.0748,0.29,4,0
6215,CA-2014-128538,239,589,857,772,2,415,7.64,1,0.0,7.64,3.7436,0.49,4,0
6216,CA-2015-161711,467,206,110,156,2,46,68.16,3,0.0,68.16,27.9456,0.41000000000000003,5,0
6217,CA-2015-161711,467,838,110,156,2,46,62.24,8,0.0,62.24,29.2528,0.47,5,0
6218,US-2015-129553,311,1137,1098,992,2,176,29.97,3,0.0,29.97,0.2997,0.010000000000000002,6,0
6219,CA-2016-160220,560,1021,202,1374,2,191,125.7,6,0.0,125.7,35.196,0.27999999999999997,6,0
6220,CA-2016-160220,560,665,202,1374,2,191,191.98,2,0.0,191.98,51.8346,0.27,6,0
6221,CA-2016-160220,560,384,202,1374,2,191,20.86,7,0.0,20.86,1.4602,0.06999999999999999,6,0
6222,US-2017-157224,678,920,33,66,1,63,56.7,9,0.0,56.7,26.082,0.45999999999999996,4,0
6223,CA-2017-140627,214,206,332,754,2,564,72.704,4,0.2,90.87999999999998,19.0848,0.26250000000000007,4,0
6224,CA-2017-140627,214,910,332,754,2,564,12.264,7,0.2,15.329999999999998,1.0731,0.0875,4,0
6225,CA-2017-140627,214,73,332,754,2,564,218.352,3,0.2,272.94,-54.588,-0.25,4,0
6226,CA-2015-133445,224,1488,349,331,2,41,66.294,1,0.7,220.97999999999996,-103.8606,-1.5666666666666669,4,1
6227,CA-2015-133445,224,1456,349,331,2,41,291.168,4,0.2,363.96,-14.5584,-0.05,4,0
6228,CA-2014-148782,139,688,982,846,2,275,88.776,3,0.2,110.96999999999998,7.7679,0.08750000000000001,5,0
6229,CA-2016-148208,405,41,116,1387,2,178,110.376,4,0.4,183.96,-20.2356,-0.18333333333333335,5,1
6230,CA-2016-148208,405,44,116,1387,2,178,55.176,3,0.2,68.97,15.8631,0.2875,5,0
6231,CA-2017-127656,509,774,498,730,2,565,30.32,4,0.0,30.32,11.8248,0.39,6,0
6232,US-2017-142188,227,638,221,221,4,60,177.568,2,0.2,221.96,8.8784,0.04999999999999999,0,0
6233,US-2017-142188,227,511,221,221,4,60,19.44,3,0.0,19.44,9.3312,0.48000000000000004,0,0
6234,US-2017-142188,227,512,221,221,4,60,71.28,11,0.0,71.28,34.2144,0.48,0,0
6235,US-2017-142188,227,1499,221,221,4,60,1471.96,5,0.2,1839.95,459.9875,0.3125,0,0
6236,US-2017-142188,227,1778,221,221,4,60,79.96,5,0.2,99.94999999999999,-17.991,-0.225,0,0
6237,CA-2016-144400,142,245,1099,536,2,75,57.576,3,0.2,71.97,21.591,0.375,4,0
6238,US-2016-155180,510,1264,116,1411,2,30,26.336,4,0.2,32.919999999999995,9.2176,0.35,7,0
6239,CA-2015-134075,457,1282,296,1136,2,59,166.5,3,0.0,166.5,21.645,0.13,4,0
6240,CA-2015-134075,457,735,296,1136,2,59,360.38,2,0.0,360.38,93.6988,0.26,4,0
6241,US-2016-131912,110,909,518,475,1,142,11.744,1,0.2,14.68,3.8168,0.325,3,0
6242,CA-2017-141572,629,1436,40,1402,1,209,247.44,8,0.0,247.44,101.4504,0.41000000000000003,3,0
6243,CA-2014-134621,504,1000,1060,130,2,85,18.24,2,0.7,60.79999999999998,-14.592,-0.8,7,1
6244,CA-2016-165561,616,1567,391,86,2,293,25.35,3,0.0,25.35,7.605,0.3,4,0
6245,CA-2015-112305,684,1168,313,666,2,60,119.04,6,0.0,119.04,30.9504,0.25999999999999995,5,0
6246,CA-2015-112305,684,1257,313,666,2,60,22.14,3,0.0,22.14,6.4206,0.29,5,0
6247,CA-2015-112305,684,1696,313,666,2,60,13.98,2,0.0,13.98,6.0114,0.43,5,0
6248,CA-2017-121580,587,1312,149,401,2,135,43.41,1,0.0,43.41,19.9686,0.46,6,0
6249,CA-2017-121580,587,1036,149,401,2,135,6.24,3,0.0,6.24,2.6208,0.42,6,0
6250,CA-2017-121580,587,1779,149,401,2,135,465.16,2,0.0,465.16,120.9416,0.25999999999999995,6,0
6251,CA-2017-121580,587,227,149,401,2,135,7.98,1,0.0,7.98,3.99,0.5,6,0
6252,CA-2014-101147,431,361,267,775,3,37,2.394,1,0.8,11.970000000000002,-6.3441,-2.65,2,1
6253,CA-2014-165806,92,491,885,885,4,511,58.32,9,0.0,58.32,27.9936,0.48,0,0
6254,CA-2014-165806,92,1087,885,885,4,511,200.97,3,0.0,200.97,50.2425,0.25,0,0
6255,CA-2015-151624,101,1566,1015,472,2,154,21.36,8,0.0,21.36,8.1168,0.38,6,0
6256,CA-2017-139444,137,86,429,176,2,303,9.856,4,0.2,12.319999999999999,3.4496,0.35000000000000003,6,0
6257,CA-2015-133977,402,1427,685,1015,1,97,3.444,1,0.7,11.479999999999999,-2.5256,-0.7333333333333333,2,1
6258,CA-2017-141425,256,263,809,45,1,48,384.592,2,0.2,480.73999999999995,-81.7258,-0.21250000000000002,4,0
6259,CA-2015-133536,582,662,263,1111,1,30,22.92,3,0.0,22.92,11.2308,0.49,2,0
6260,CA-2015-150441,268,799,864,494,1,239,11.36,4,0.0,11.36,5.5664,0.49,4,0
6261,CA-2015-162607,198,526,794,1211,2,61,14.592,3,0.2,18.24,4.9248,0.3375,6,0
6262,CA-2017-103506,757,323,284,945,2,256,41.4,4,0.0,41.4,19.872,0.48000000000000004,4,0
6263,CA-2016-132479,150,383,447,183,3,229,442.372,7,0.8,2211.8600000000006,-729.9138,-1.6500000000000001,2,1
6264,CA-2017-160724,454,1024,1025,1412,2,113,34.5,3,0.0,34.5,15.525,0.45,5,0
6265,US-2016-115952,102,69,1100,1100,4,313,28.85,5,0.0,28.85,14.425,0.5,0,0
6266,CA-2014-146731,248,835,936,1069,2,396,3.488,2,0.2,4.359999999999999,1.1772,0.3375,5,0
6267,CA-2014-146731,248,682,936,1069,2,396,143.856,9,0.2,179.82,48.5514,0.3375,5,0
6268,CA-2015-115392,85,496,487,243,1,566,311.98,2,0.0,311.98,93.594,0.3,3,0
6269,CA-2015-115392,85,1367,487,243,1,566,22.45,5,0.0,22.45,10.327,0.46,3,0
6270,CA-2017-102379,180,141,575,1140,2,233,39.992,1,0.2,49.989999999999995,-7.9984,-0.2,4,0
6271,CA-2017-102379,180,1579,575,1140,2,233,1159.056,9,0.2,1448.82,43.4646,0.0375,4,0
6272,CA-2017-102379,180,916,575,1140,2,233,179.9,5,0.0,179.9,44.975,0.25,4,0
6273,CA-2017-149706,156,1197,158,1260,3,567,116.312,7,0.2,145.39,23.2624,0.2,1,0
6274,US-2016-139087,590,1380,20,406,1,60,12.42,3,0.0,12.42,4.4712,0.36,5,0
6275,US-2016-139087,590,1780,20,406,1,60,428.4,3,0.0,428.4,89.964,0.21000000000000002,5,0
6276,US-2016-139087,590,1593,20,406,1,60,24.75,5,0.0,24.75,10.89,0.44,5,0
6277,US-2016-139087,590,301,20,406,1,60,87.71,7,0.0,87.71,41.2237,0.47000000000000003,5,0
6278,US-2016-139087,590,55,20,406,1,60,69.52,2,0.0,69.52,17.38,0.25,5,0
6279,US-2016-139087,590,781,20,406,1,60,20.784,2,0.2,25.979999999999997,-4.6764,-0.225,5,0
6280,US-2016-139087,590,962,20,406,1,60,12.816,3,0.2,16.02,4.1652,0.32499999999999996,5,0
6281,CA-2017-152226,102,1140,606,942,2,94,5.904,2,0.2,7.38,1.9926,0.33749999999999997,4,0
6282,CA-2015-116484,524,1781,313,651,2,369,63.824,2,0.2,79.77999999999999,9.5736,0.15000000000000002,6,0
6283,CA-2015-116484,524,1756,313,651,2,369,141.552,3,0.2,176.93999999999997,-26.541,-0.1875,6,0
6284,CA-2016-100944,554,1698,447,151,2,14,304.9,5,0.0,304.9,143.303,0.47000000000000003,4,0
6285,CA-2016-100944,554,1154,447,151,2,14,563.24,5,0.2,704.05,56.324,0.09999999999999999,4,0
6286,CA-2016-125080,101,1259,148,1374,2,347,661.176,2,0.4,1101.96,-231.4116,-0.35,5,1
6287,CA-2016-121020,345,836,1058,732,2,560,239.976,3,0.2,299.96999999999997,17.9982,0.075,7,0
6288,CA-2014-100090,183,1022,1002,137,2,35,502.488,3,0.2,628.11,-87.9354,-0.17500000000000002,4,0
6289,CA-2014-100090,183,801,1002,137,2,35,196.704,6,0.2,245.88,68.8464,0.35,4,0
6290,US-2015-139675,377,121,650,1305,1,550,915.136,4,0.2,1143.9199999999998,102.9528,0.1125,5,0
6291,US-2015-139675,377,515,650,1305,1,550,327.76,8,0.0,327.76,91.7728,0.28,5,0
6292,CA-2017-143756,251,1132,575,257,3,271,701.96,2,0.0,701.96,168.4704,0.24,3,0
6293,CA-2015-151253,617,688,1101,34,2,142,88.776,3,0.2,110.96999999999998,7.7679,0.08750000000000001,4,0
6294,CA-2015-151253,617,1395,1101,34,2,142,64.14,3,0.0,64.14,16.6764,0.26,4,0
6295,CA-2014-141152,576,736,1102,112,3,24,33.552,1,0.2,41.94,12.582,0.375,3,0
6296,CA-2014-141313,322,1365,130,1370,2,568,1737.18,6,0.0,1737.18,503.7822,0.29,4,0
6297,CA-2014-141313,322,427,130,1370,2,568,704.25,5,0.0,704.25,84.51,0.12000000000000001,4,0
6298,CA-2014-141313,322,1734,130,1370,2,568,141.76,4,0.0,141.76,66.6272,0.47000000000000003,4,0
6299,CA-2014-169852,246,59,619,966,2,143,36.36,3,0.2,45.449999999999996,12.2715,0.3375,5,0
6300,CA-2017-107314,596,1782,330,735,3,10,25.83,3,0.0,25.83,9.5571,0.37000000000000005,3,0
6301,US-2014-161305,642,103,572,1377,2,37,24.588,3,0.8,122.94000000000003,-38.1114,-1.55,6,1
6302,US-2014-161305,642,756,572,1377,2,37,13.984,2,0.2,17.48,4.7196,0.33749999999999997,6,0
6303,CA-2017-166919,118,1693,52,345,2,78,195.96,5,0.2,244.95,19.596,0.09999999999999999,4,0
6304,CA-2017-162712,72,1091,979,309,1,414,74.352,3,0.2,92.94,23.235,0.3125,2,0
6305,CA-2017-107552,483,712,1025,1025,4,46,6.68,1,0.0,6.68,3.2064,0.48,0,0
6306,CA-2016-163328,735,1591,255,62,1,569,17.584,7,0.2,21.979999999999997,-4.1762,-0.2375,2,0
6307,CA-2016-163328,735,1586,255,62,1,569,104.784,1,0.2,130.98,-14.4078,-0.13749999999999998,2,0
6308,CA-2016-163328,735,1674,255,62,1,569,47.952,3,0.2,59.94,16.7832,0.35000000000000003,2,0
6309,CA-2016-163328,735,1632,255,62,1,569,650.352,3,0.2,812.9399999999999,-97.5528,-0.15000000000000002,2,0
6310,CA-2016-163328,735,509,255,62,1,569,629.184,8,0.2,786.4799999999999,228.0792,0.3625,2,0
6311,CA-2016-163328,735,641,255,62,1,569,15.176,1,0.2,18.97,5.3116,0.35000000000000003,2,0
6312,CA-2014-112837,753,102,1103,1102,2,570,127.95,3,0.0,127.95,21.7515,0.16999999999999998,5,0
6313,CA-2017-120019,244,1663,912,1217,2,70,579.51,3,0.0,579.51,81.1314,0.14,5,0
6314,CA-2017-120019,244,1251,912,1217,2,70,14.99,1,0.0,14.99,7.3451,0.49000000000000005,5,0
6315,CA-2014-100762,244,109,157,504,2,31,151.92,4,0.0,151.92,45.576,0.30000000000000004,5,0
6316,CA-2014-100762,244,509,157,504,2,31,196.62,2,0.0,196.62,96.3438,0.49,5,0
6317,CA-2014-100762,244,1416,157,504,2,31,144.12,3,0.0,144.12,69.1776,0.48,5,0
6318,CA-2014-100762,244,227,157,504,2,31,15.96,2,0.0,15.96,7.98,0.5,5,0
6319,CA-2017-161459,495,1558,921,1162,1,288,39.96,5,0.2,49.949999999999996,3.4965,0.08750000000000001,4,0
6320,CA-2017-161459,495,127,921,1162,1,288,34.08,6,0.0,34.08,15.336,0.45,4,0
6321,CA-2017-160017,134,586,395,281,2,134,10.368,2,0.2,12.959999999999999,3.6288,0.35,4,0
6322,CA-2014-123316,260,508,304,1137,2,185,7.752,3,0.2,9.69,2.8101,0.3625,4,0
6323,CA-2014-141299,177,662,562,160,1,375,15.28,2,0.0,15.28,7.4872,0.49,4,0
6324,CA-2014-104402,552,1735,1104,671,2,286,65.97,3,0.0,65.97,31.0059,0.47000000000000003,6,0
6325,CA-2015-110289,241,482,1105,122,2,10,33.4,5,0.0,33.4,16.032,0.48000000000000004,4,0
6326,CA-2015-110289,241,440,1105,122,2,10,210.84,4,0.0,210.84,103.3116,0.49,4,0
6327,CA-2014-167927,191,5,408,756,2,21,13.98,1,0.0,13.98,4.0542,0.29,6,0
6328,CA-2014-167927,191,270,408,756,2,21,272.94,3,0.0,272.94,30.0234,0.11,6,0
6329,CA-2014-167927,191,537,408,756,2,21,19.05,5,0.0,19.05,8.9535,0.47,6,0
6330,CA-2014-167927,191,15,408,756,2,21,247.716,4,0.1,275.24,93.5816,0.37777777777777777,6,0
6331,CA-2014-167927,191,1292,408,756,2,21,66.58,2,0.0,66.58,15.9792,0.24000000000000002,6,0
6332,CA-2014-167927,191,1065,408,756,2,21,43.92,3,0.0,43.92,12.7368,0.29,6,0
6333,CA-2014-167927,191,876,408,756,2,21,14.73,3,0.0,14.73,4.8609,0.33,6,0
6334,CA-2014-167927,191,991,408,756,2,21,29.7,5,0.0,29.7,13.365,0.45,6,0
6335,CA-2014-133305,709,315,385,859,2,165,49.12,4,0.0,49.12,23.0864,0.47000000000000003,4,0
6336,CA-2014-133305,709,1204,385,859,2,165,18.28,5,0.2,22.85,6.398,0.35,4,0
6337,CA-2016-165995,697,1531,134,48,2,142,47.04,4,0.0,47.04,15.9936,0.34,7,0
6338,CA-2016-165995,697,1496,134,48,2,142,339.96,5,0.2,424.94999999999993,42.495,0.125,7,0
6339,CA-2017-143112,478,1514,362,450,2,46,87.8,4,0.0,87.8,43.9,0.5,4,0
6340,CA-2017-143112,478,813,362,450,2,46,221.382,2,0.1,245.98,2.4598,0.011111111111111112,4,0
6341,CA-2017-143112,478,1647,362,450,2,46,5199.96,4,0.0,5199.96,1351.9896,0.26,4,0
6342,US-2017-105830,552,1167,414,461,3,404,156.512,4,0.2,195.64,-35.2152,-0.225,2,0
6343,CA-2015-146255,671,241,1106,367,3,286,119.85,3,0.0,119.85,52.734,0.44000000000000006,3,0
6344,CA-2015-146255,671,339,1106,367,3,286,30.44,2,0.0,30.44,14.9156,0.49,3,0
6345,CA-2015-146255,671,1003,1106,367,3,286,69.28,2,0.0,69.28,33.2544,0.4799999999999999,3,0
6346,CA-2015-146255,671,1603,1106,367,3,286,587.97,3,0.0,587.97,170.5113,0.29,3,0
6347,CA-2017-104822,47,1124,180,180,4,24,24.55,5,0.0,24.55,12.0295,0.49,0,0
6348,CA-2015-104486,139,339,490,1413,2,10,12.176,1,0.2,15.219999999999999,4.4138,0.3625,5,0
6349,CA-2015-104486,139,254,490,1413,2,10,37.32,3,0.0,37.32,10.4496,0.28,5,0
6350,CA-2015-104486,139,355,490,1413,2,10,35.06,2,0.0,35.06,10.518,0.3,5,0
6351,CA-2017-161557,152,798,214,566,2,163,108.4,5,0.6,271.0,-105.69,-0.975,5,1
6352,CA-2017-161130,668,945,133,1184,2,329,361.376,2,0.2,451.71999999999997,27.1032,0.07500000000000001,5,0
6353,US-2015-161347,669,1233,1024,445,2,75,2.412,1,0.7,8.04,-2.01,-0.8333333333333333,6,1
6354,US-2015-109015,30,1613,685,812,2,165,8.39,1,0.0,8.39,2.0975,0.25,6,0
6355,US-2015-109015,30,982,685,812,2,165,337.98,2,0.0,337.98,101.394,0.3,6,0
6356,CA-2014-110611,558,194,192,304,2,75,83.92,5,0.2,104.89999999999999,-13.637,-0.1625,7,0
6357,CA-2017-139080,295,1182,206,481,2,6,19.68,5,0.2,24.599999999999998,6.888,0.35,5,0
6358,CA-2017-139080,295,748,206,481,2,6,25.92,4,0.0,25.92,12.4416,0.4799999999999999,5,0
6359,CA-2017-139080,295,1010,206,481,2,6,6.48,1,0.0,6.48,3.1104,0.4799999999999999,5,0
6360,CA-2017-139080,295,1764,206,481,2,6,86.352,6,0.2,107.94,8.6352,0.09999999999999999,5,0
6361,CA-2015-115693,764,1474,896,84,2,4,56.3,2,0.0,56.3,15.764,0.28,5,0
6362,US-2014-107993,340,1584,642,954,2,331,51.016,7,0.2,63.769999999999996,8.2901,0.1625,5,0
6363,CA-2017-110443,238,444,611,921,2,571,150.8,5,0.2,188.5,56.55,0.37499999999999994,4,0
6364,CA-2017-110443,238,1783,611,921,2,571,1039.992,1,0.2,1299.9899999999998,103.9992,0.1,4,0
6365,CA-2017-110443,238,1724,611,921,2,571,51.84,8,0.0,51.84,24.8832,0.4799999999999999,4,0
6366,CA-2017-144848,285,1784,1096,1335,3,30,41.22,1,0.0,41.22,11.1294,0.27,1,0
6367,CA-2017-144848,285,263,1096,1335,3,30,240.37,1,0.0,240.37,7.2111,0.03,1,0
6368,CA-2017-144848,285,477,1096,1335,3,30,119.02,2,0.0,119.02,33.3256,0.28,1,0
6369,US-2017-147998,194,1198,241,1270,2,59,133.12,5,0.2,166.4,49.92,0.375,5,0
6370,CA-2016-103919,735,286,340,878,2,71,38.08,5,0.6,95.19999999999999,-29.512,-0.775,4,1
6371,CA-2016-113425,452,1532,832,832,4,30,113.568,2,0.2,141.95999999999998,12.7764,0.1125,0,0
6372,CA-2017-143035,255,108,622,362,1,30,83.92,4,0.0,83.92,21.8192,0.25999999999999995,2,0
6373,CA-2017-143035,255,791,622,362,1,30,6.63,3,0.0,6.63,3.1161,0.47,2,0
6374,CA-2017-143035,255,696,622,362,1,30,371.97,3,0.0,371.97,66.9546,0.18,2,0
6375,CA-2014-107811,157,655,334,524,2,32,561.584,2,0.2,701.9799999999999,70.198,0.125,4,0
6376,CA-2014-107811,157,353,334,524,2,32,99.92,5,0.2,124.89999999999999,-1.249,-0.0125,4,0
6377,CA-2016-163216,586,86,878,1156,3,106,4.928,2,0.2,6.159999999999999,1.7248,0.35000000000000003,3,0
6378,US-2016-116442,547,1257,273,597,2,26,14.76,2,0.0,14.76,4.2804,0.29000000000000004,7,0
6379,CA-2017-150623,749,410,319,350,2,506,99.99,1,0.0,99.99,41.9958,0.42000000000000004,4,0
6380,CA-2017-150623,749,1278,319,350,2,506,286.15,5,0.0,286.15,71.5375,0.25,4,0
6381,US-2014-163797,481,1507,919,139,2,524,49.792,8,0.2,62.24,-11.8256,-0.2375,5,0
6382,CA-2016-127236,181,575,893,1198,2,158,299.975,5,0.5,599.95,-167.986,-0.5599999999999999,4,1
6383,CA-2016-127236,181,1327,893,1198,2,158,158.376,4,0.4,263.96000000000004,-36.9544,-0.23333333333333334,4,1
6384,US-2017-104661,622,801,788,1352,3,111,32.784,4,0.8,163.92000000000004,-52.4544,-1.6,3,1
6385,US-2017-104661,622,247,788,1352,3,111,47.984,2,0.2,59.98,14.3952,0.3,3,0
6386,US-2017-104661,622,1600,788,1352,3,111,62.592,8,0.2,78.24,13.3008,0.21250000000000002,3,0
6387,US-2017-104661,622,411,788,1352,3,111,4.276,1,0.8,21.380000000000003,-6.6278,-1.55,3,1
6388,CA-2014-134103,161,524,1107,520,2,152,10.56,2,0.0,10.56,4.752,0.44999999999999996,5,0
6389,CA-2014-134103,161,157,1107,520,2,152,229.94,2,0.0,229.94,6.8982,0.030000000000000002,5,0
6390,CA-2015-147529,461,634,1108,1324,2,29,311.15,5,0.0,311.15,146.2405,0.47000000000000003,4,0
6391,CA-2015-147529,461,220,1108,1324,2,29,12.96,2,0.0,12.96,6.3504,0.48999999999999994,4,0
6392,CA-2016-129126,8,1491,883,1055,2,165,14.62,2,0.0,14.62,6.7252,0.46,5,0
6393,CA-2016-129126,8,1187,883,1055,2,165,5.76,2,0.0,5.76,2.8224,0.49000000000000005,5,0
6394,CA-2016-129126,8,111,883,1055,2,165,21.48,6,0.0,21.48,10.5252,0.49,5,0
6395,CA-2016-129126,8,1072,883,1055,2,165,396.92,4,0.0,396.92,198.46,0.5,5,0
6396,CA-2016-129126,8,457,883,1055,2,165,17.15,1,0.0,17.15,4.6305,0.27,5,0
6397,CA-2016-129126,8,1785,883,1055,2,165,23.12,2,0.2,28.9,7.803,0.33749999999999997,5,0
6398,CA-2017-131632,572,280,1109,260,2,163,5.248,2,0.2,6.56,0.5904,0.1125,4,0
6399,CA-2017-151981,40,1406,635,802,2,209,824.95,5,0.0,824.95,247.485,0.3,6,0
6400,CA-2017-151981,40,1039,635,802,2,209,24.64,8,0.0,24.64,11.8272,0.48,6,0
6401,CA-2017-151981,40,109,635,802,2,209,227.88,6,0.0,227.88,68.364,0.30000000000000004,6,0
6402,CA-2017-125472,233,1120,1110,1402,3,300,241.96,2,0.0,241.96,33.8744,0.14,1,0
6403,CA-2017-125472,233,1066,1110,1402,3,300,3.89,1,0.0,3.89,1.8672,0.48,1,0
6404,CA-2017-125472,233,1566,1110,1402,3,300,8.01,3,0.0,8.01,3.0438,0.38,1,0
6405,CA-2015-156328,529,1193,673,902,2,315,177.48,3,0.2,221.84999999999997,19.9665,0.1125,5,0
6406,CA-2017-154074,309,407,516,265,1,322,569.568,2,0.2,711.9599999999999,7.1196,0.0125,2,0
6407,CA-2017-154074,309,81,516,265,1,322,149.73,7,0.0,149.73,43.4217,0.29000000000000004,2,0
6408,CA-2017-161774,219,1190,305,357,3,17,899.43,5,0.3,1284.9,-12.849,-0.014285714285714287,1,1
6409,CA-2017-161774,219,1176,305,357,3,17,46.2,5,0.2,57.75,5.775,0.125,1,0
6410,CA-2017-161774,219,1786,305,357,3,17,47.952,3,0.2,59.94,16.1838,0.3375,1,0
6411,CA-2017-161774,219,1558,305,357,3,17,7.992,1,0.2,9.99,0.6993,0.08750000000000001,1,0
6412,CA-2017-161774,219,1685,305,357,3,17,76.864,2,0.2,96.08,26.9024,0.35,1,0
6413,CA-2017-151211,572,142,630,963,2,176,102.93,3,0.0,102.93,48.3771,0.47,6,0
6414,CA-2017-151211,572,961,630,963,2,176,98.16,6,0.0,98.16,9.816,0.1,6,0
6415,CA-2017-142671,661,1737,469,238,1,476,11.52,5,0.7,38.39999999999999,-7.68,-0.6666666666666666,4,1
6416,CA-2017-144750,394,657,171,171,4,524,83.88,1,0.2,104.85,29.358,0.35000000000000003,0,0
6417,CA-2016-111976,380,1410,388,300,2,75,108.576,4,0.4,180.96,-25.3344,-0.23333333333333334,4,1
6418,CA-2016-111976,380,1029,388,300,2,75,5.984,2,0.2,7.4799999999999995,-1.3464,-0.225,4,0
6419,CA-2016-140130,305,134,732,733,2,313,21.96,2,0.0,21.96,6.1488,0.27999999999999997,5,0
6420,CA-2016-140130,305,1266,732,733,2,313,368.97,3,0.0,368.97,81.1734,0.21999999999999997,5,0
6421,CA-2016-140130,305,1561,732,733,2,313,12.39,3,0.0,12.39,3.4692,0.27999999999999997,5,0
6422,CA-2016-140130,305,1440,732,733,2,313,332.94,3,0.0,332.94,9.9882,0.030000000000000002,5,0
6423,CA-2014-159121,706,1098,712,602,2,541,111.93,7,0.0,111.93,34.6983,0.31,6,0
6424,CA-2015-149650,373,368,1041,1380,3,233,454.272,8,0.2,567.8399999999999,-73.8192,-0.1625,3,0
6425,CA-2017-115777,771,1554,972,1044,2,129,19.44,3,0.0,19.44,9.3312,0.48000000000000004,5,0
6426,CA-2016-143714,667,1389,455,1023,2,75,8399.976,4,0.4,13999.960000000001,1119.9968,0.1333333333333333,4,1
6427,CA-2016-143714,667,1787,455,1023,2,75,6.294,1,0.7,20.979999999999997,-4.196,-0.6666666666666666,4,1
6428,CA-2016-143714,667,816,455,1023,2,75,10.368,2,0.2,12.959999999999999,3.6288,0.35,4,0
6429,CA-2016-143714,667,1788,455,1023,2,75,122.382,3,0.4,203.97000000000003,-24.4764,-0.2,4,1
6430,CA-2014-165764,130,721,936,846,2,223,25.984,2,0.2,32.48,-1.624,-0.0625,4,0
6431,CA-2014-165764,130,115,936,846,2,223,945.036,6,0.4,1575.06,-299.2614,-0.31666666666666665,4,1
6432,CA-2014-165764,130,1283,936,846,2,223,14.301,7,0.7,47.669999999999995,-10.4874,-0.7333333333333333,4,1
6433,CA-2014-165764,130,1305,936,846,2,223,410.352,3,0.2,512.9399999999999,-51.294,-0.125,4,0
6434,CA-2015-121405,713,1018,1111,389,2,27,23.52,5,0.2,29.4,8.526,0.3625,5,0
6435,CA-2015-121405,713,1410,1111,389,2,27,180.96,5,0.2,226.2,13.572,0.075,5,0
6436,US-2017-116897,507,1458,838,149,3,544,35.0,4,0.0,35.0,14.7,0.42,2,0
6437,US-2017-116897,507,622,838,149,3,544,477.15,5,0.0,477.15,28.629,0.060000000000000005,2,0
6438,US-2017-116897,507,1444,838,149,3,544,302.376,3,0.2,377.96999999999997,22.6782,0.07500000000000001,2,0
6439,US-2017-113992,63,4,818,485,2,303,974.988,4,0.3,1392.8400000000001,-97.4988,-0.09999999999999999,5,1
6440,CA-2014-166891,418,1586,778,192,3,24,589.41,5,0.1,654.9,-6.549,-0.011111111111111112,2,0
6441,CA-2016-101161,309,925,64,202,2,24,34.7,5,0.0,34.7,12.492,0.36,7,0
6442,CA-2016-101161,309,1292,64,202,2,24,99.87,3,0.0,99.87,23.9688,0.24000000000000002,7,0
6443,CA-2016-101161,309,1238,64,202,2,24,37.94,2,0.0,37.94,18.2112,0.4800000000000001,7,0
6444,CA-2016-101161,309,1509,64,202,2,24,24.9,5,0.0,24.9,11.454,0.4600000000000001,7,0
6445,CA-2016-101161,309,906,64,202,2,24,82.26,3,0.0,82.26,33.7266,0.4099999999999999,7,0
6446,CA-2015-151785,371,1085,617,367,2,37,7.104,6,0.2,8.879999999999999,2.4864,0.35000000000000003,5,0
6447,US-2017-119816,500,29,169,905,1,15,103.5,5,0.6,258.75,-77.625,-0.75,2,1
6448,US-2017-119816,500,1099,169,905,1,15,2.464,1,0.2,3.0799999999999996,0.8624,0.35000000000000003,2,0
6449,US-2017-119816,500,377,169,905,1,15,8.72,1,0.2,10.9,0.654,0.075,2,0
6450,CA-2015-156510,553,974,13,1311,2,317,10.76,2,0.0,10.76,5.1648,0.48,4,0
6451,CA-2015-156510,553,394,13,1311,2,317,45.68,2,0.0,45.68,21.0128,0.45999999999999996,4,0
6452,CA-2015-156510,553,88,13,1311,2,317,6.7,1,0.0,6.7,2.211,0.32999999999999996,4,0
6453,US-2015-110261,702,985,547,707,1,572,158.376,3,0.2,197.97,13.8579,0.08750000000000001,4,0
6454,CA-2015-125710,538,1540,1050,314,2,67,3.44,2,0.2,4.3,0.559,0.1625,5,0
6455,CA-2017-161102,686,87,690,647,3,95,56.56,2,0.0,56.56,15.2712,0.27,3,0
6456,CA-2017-161102,686,1227,690,647,3,95,36.96,7,0.0,36.96,11.4576,0.31,3,0
6457,CA-2014-110065,71,1237,80,431,2,30,135.99,1,0.0,135.99,36.7173,0.27,6,0
6458,CA-2014-110065,71,1606,80,431,2,30,15.96,7,0.0,15.96,7.0224,0.44,6,0
6459,US-2017-133361,322,869,305,1349,3,309,3.76,2,0.0,3.76,1.0904,0.29000000000000004,3,0
6460,US-2017-133361,322,426,305,1349,3,309,14.7,5,0.0,14.7,6.615,0.45,3,0
6461,US-2017-133361,322,1454,305,1349,3,309,37.2,5,0.0,37.2,9.3,0.25,3,0
6462,US-2017-133361,322,1049,305,1349,3,309,89.97,3,0.0,89.97,18.8937,0.21,3,0
6463,US-2017-133361,322,1586,305,1349,3,309,261.96,2,0.0,261.96,23.5764,0.09000000000000001,3,0
6464,US-2017-133361,322,199,305,1349,3,309,74.0,5,0.0,74.0,37.0,0.5,3,0
6465,US-2016-155404,358,1495,898,151,2,176,13.28,2,0.0,13.28,6.3744,0.48,6,0
6466,CA-2015-114503,212,1755,51,973,2,560,84.96,6,0.2,106.19999999999999,6.372,0.07500000000000001,4,0
6467,CA-2017-153080,14,1600,1054,1127,1,142,68.46,7,0.0,68.46,25.3302,0.37000000000000005,3,0
6468,CA-2016-163804,490,404,500,17,2,260,2079.4,5,0.0,2079.4,582.232,0.27999999999999997,6,0
6469,CA-2016-163804,490,1067,500,17,2,260,629.95,5,0.0,629.95,176.386,0.27999999999999997,6,0
6470,CA-2016-163804,490,442,500,17,2,260,72.42,6,0.0,72.42,23.8986,0.32999999999999996,6,0
6471,CA-2015-108532,386,985,1112,1342,2,152,131.98,2,0.0,131.98,35.6346,0.27,4,0
6472,CA-2015-108532,386,961,1112,1342,2,152,114.52,7,0.0,114.52,11.452,0.1,4,0
6473,CA-2014-151897,726,301,572,1227,2,33,100.24,10,0.2,125.29999999999998,33.831,0.3375,4,0
6474,CA-2016-113292,73,964,197,232,1,85,871.8,3,0.2,1089.7499999999998,87.18,0.10000000000000002,2,0
6475,CA-2014-149524,30,928,1113,627,3,12,61.96,4,0.5,123.92,-53.2856,-0.86,1,1
6476,CA-2017-140872,750,882,96,194,2,119,4.554,3,0.7,15.179999999999998,-3.4914,-0.7666666666666666,7,1
6477,CA-2017-140872,750,190,96,194,2,119,5.2,2,0.2,6.5,0.585,0.11249999999999999,7,0
6478,CA-2017-140872,750,218,96,194,2,119,205.992,1,0.2,257.48999999999995,-2.5749,-0.0125,7,0
6479,CA-2017-140872,750,1146,96,194,2,119,15.552,3,0.2,19.439999999999998,5.4432,0.35000000000000003,7,0
6480,CA-2017-140872,750,1067,96,194,2,119,503.96,5,0.2,629.9499999999999,50.396,0.1,7,0
6481,CA-2017-140872,750,1299,96,194,2,119,24.472,7,0.2,30.59,1.8354,0.075,7,0
6482,CA-2017-140872,750,416,96,194,2,119,241.568,2,0.2,301.96,0.0,0.0,7,0
6483,CA-2017-140872,750,1616,96,194,2,119,110.4,2,0.2,138.0,-4.14,-0.0375,7,0
6484,CA-2017-113908,472,856,96,256,2,165,384.768,2,0.4,641.28,-115.4304,-0.30000000000000004,6,1
6485,CA-2017-113908,472,1729,96,256,2,165,78.66,6,0.0,78.66,36.1836,0.46,6,0
6486,CA-2017-113908,472,753,96,256,2,165,45.36,4,0.0,45.36,22.2264,0.49000000000000005,6,0
6487,CA-2015-120621,494,228,1114,515,2,223,962.08,4,0.2,1202.6,156.338,0.16249999999999998,5,0
6488,CA-2015-120621,494,1396,1114,515,2,223,12.843,3,0.7,42.809999999999995,-9.8463,-0.7666666666666666,5,1
6489,CA-2015-120621,494,146,1114,515,2,223,295.456,14,0.2,369.32,96.0232,0.325,5,0
6490,US-2017-148866,342,1435,21,242,2,165,32.4,5,0.0,32.4,15.552,0.48,5,0
6491,CA-2014-149594,752,597,1115,112,2,75,103.936,4,0.2,129.92,16.8896,0.1625,4,0
6492,CA-2016-113845,136,200,74,882,2,416,289.568,2,0.2,361.96,10.8588,0.037500000000000006,5,0
6493,CA-2016-113845,136,338,74,882,2,416,39.72,5,0.2,49.65,4.4685,0.11249999999999999,5,0
6494,CA-2016-113845,136,1082,74,882,2,416,244.768,4,0.2,305.96,24.4768,0.1,5,0
6495,CA-2017-111262,169,47,961,753,1,15,24.0,2,0.2,30.0,-2.7,-0.1125,4,0
6496,CA-2017-111262,169,290,961,753,1,15,15.552,3,0.2,19.439999999999998,5.4432,0.35000000000000003,4,0
6497,CA-2017-111262,169,961,961,753,1,15,26.176,2,0.2,32.72,-3.272,-0.125,4,0
6498,CA-2015-103135,777,6,1116,1281,2,176,20.94,3,0.0,20.94,6.0726,0.29,4,0
6499,CA-2015-103135,777,492,1116,1281,2,176,135.09,9,0.0,135.09,62.1414,0.45999999999999996,4,0
6500,CA-2015-103135,777,1236,1116,1281,2,176,279.86,14,0.0,279.86,64.3678,0.23,4,0
6501,CA-2015-103135,777,492,1116,1281,2,176,90.06,6,0.0,90.06,41.4276,0.45999999999999996,4,0
6502,CA-2014-129147,703,1502,982,1232,2,82,539.964,6,0.4,899.9400000000002,-107.9928,-0.19999999999999998,4,1
6503,CA-2014-129147,703,180,982,1232,2,82,50.232,7,0.4,83.72,-10.0464,-0.2,4,1
6504,CA-2014-129147,703,411,982,1232,2,82,19.242,3,0.7,64.13999999999999,-13.4694,-0.7,4,1
6505,CA-2017-128265,101,404,702,904,1,165,1247.64,3,0.0,1247.64,349.3392,0.27999999999999997,5,0
6506,CA-2016-152331,778,148,191,1187,2,156,5.304,3,0.2,6.63,0.4641,0.0875,4,0
6507,US-2016-128909,260,1775,791,1228,1,106,19.136,4,0.2,23.919999999999998,5.98,0.31250000000000006,2,0
6508,US-2016-128909,260,576,791,1228,1,106,332.832,4,0.2,416.03999999999996,-24.9624,-0.075,2,0
6509,CA-2017-102197,84,315,699,378,2,30,279.9,5,0.0,279.9,137.151,0.4900000000000001,6,0
6510,CA-2017-102197,84,302,699,378,2,30,50.352,3,0.2,62.93999999999999,17.6232,0.35000000000000003,6,0
6511,CA-2017-102197,84,753,699,378,2,30,34.02,3,0.0,34.02,16.6698,0.48999999999999994,6,0
6512,CA-2017-167640,764,704,905,435,2,10,23.88,6,0.0,23.88,8.1192,0.33999999999999997,4,0
6513,CA-2017-167640,764,1364,905,435,2,10,11.52,4,0.0,11.52,5.6448,0.49000000000000005,4,0
6514,CA-2017-167640,764,1523,905,435,2,10,286.93,7,0.0,286.93,140.5957,0.49,4,0
6515,CA-2017-167640,764,958,905,435,2,10,206.384,2,0.2,257.97999999999996,23.2182,0.1125,4,0
6516,US-2017-116652,503,956,176,21,2,35,218.352,3,0.2,272.94,0.0,0.0,4,0
6517,US-2017-116652,503,1061,176,21,2,35,529.9,5,0.0,529.9,105.98,0.2,4,0
6518,US-2017-116652,503,1069,176,21,2,35,99.3,10,0.0,99.3,41.706,0.42000000000000004,4,0
6519,US-2017-116652,503,1310,176,21,2,35,108.96,2,0.0,108.96,30.5088,0.28,4,0
6520,US-2017-116652,503,473,176,21,2,35,2.688,1,0.2,3.36,0.84,0.31249999999999994,4,0
6521,CA-2017-138289,482,317,1035,1352,1,31,5443.96,4,0.0,5443.96,2504.2216,0.45999999999999996,2,0
6522,CA-2017-138289,482,1720,1035,1352,1,31,302.67,3,0.0,302.67,72.6408,0.24,2,0
6523,CA-2017-138289,482,1789,1035,1352,1,31,56.07,7,0.0,56.07,25.2315,0.45,2,0
6524,CA-2016-129308,386,1622,275,1298,2,75,10.08,2,0.2,12.6,3.276,0.32499999999999996,6,0
6525,CA-2016-129308,386,967,275,1298,2,75,59.994,1,0.4,99.99000000000001,-12.9987,-0.21666666666666665,6,1
6526,CA-2016-129308,386,32,275,1298,2,75,5.715,5,0.7,19.049999999999997,-4.7625,-0.8333333333333334,6,1
6527,CA-2016-129308,386,1376,275,1298,2,75,9.42,5,0.7,31.399999999999995,-7.85,-0.8333333333333333,6,1
6528,CA-2016-157791,663,616,444,1291,1,123,1999.96,4,0.0,1999.96,899.982,0.44999999999999996,5,0
6529,CA-2014-146864,405,1790,1092,59,2,24,216.4,4,0.0,216.4,56.264,0.26,4,0
6530,CA-2014-103744,676,866,1117,1221,2,295,6.936,3,0.2,8.67,2.3409,0.3375,4,0
6531,CA-2014-103744,676,778,1117,1221,2,295,4.428,3,0.8,22.140000000000004,-6.8634,-1.55,4,1
6532,US-2017-107384,237,1040,770,167,2,39,8.8,5,0.0,8.8,2.552,0.29,4,0
6533,US-2017-107384,237,1780,770,167,2,39,142.8,1,0.0,142.8,29.988,0.21,4,0
6534,US-2017-107384,237,1594,770,167,2,39,399.95,5,0.0,399.95,143.982,0.36,4,0
6535,CA-2014-128209,219,1177,665,755,2,251,2152.776,3,0.2,2690.97,726.5619,0.3375,5,0
6536,CA-2014-128209,219,1249,665,755,2,251,4007.84,10,0.2,5009.8,-50.098,-0.012499999999999999,5,0
6537,CA-2014-169684,93,963,23,1414,3,366,328.59,3,0.4,547.65,-147.8655,-0.45,3,1
6538,CA-2014-169684,93,357,23,1414,3,366,98.352,3,0.2,122.94,-24.588,-0.25,3,0
6539,CA-2015-109862,97,560,970,629,2,286,158.99,1,0.0,158.99,41.3374,0.26,5,0
6540,CA-2015-109862,97,1341,970,629,2,286,291.1,5,0.0,291.1,75.686,0.26,5,0
6541,US-2017-107888,418,1636,674,124,3,6,73.68,6,0.0,73.68,34.6296,0.47000000000000003,3,0
6542,US-2017-107888,418,584,674,124,3,6,139.92,2,0.0,139.92,23.7864,0.17,3,0
6543,US-2017-107888,418,1518,674,124,3,6,107.88,3,0.2,134.85,10.788,0.1,3,0
6544,US-2017-107888,418,1292,674,124,3,6,33.29,1,0.0,33.29,7.9896,0.24000000000000002,3,0
6545,US-2017-154872,25,1562,305,797,2,178,58.17,5,0.7,193.89999999999998,-46.536,-0.8,4,1
6546,US-2017-154872,25,841,305,797,2,178,5.04,2,0.2,6.3,1.764,0.35,4,0
6547,US-2017-154872,25,1694,305,797,2,178,24.784,1,0.2,30.979999999999997,7.745,0.3125,4,0
6548,CA-2014-113880,666,84,73,1196,2,387,634.116,6,0.3,905.88,-172.1172,-0.2714285714285714,4,1
6549,CA-2014-113880,666,1750,73,1196,2,387,17.472,3,0.2,21.84,5.6784,0.32499999999999996,4,0
6550,US-2015-164966,690,793,118,510,3,88,155.88,6,0.0,155.88,38.97,0.25,2,0
6551,CA-2015-126739,424,1456,550,503,1,46,327.564,4,0.1,363.96000000000004,21.8376,0.06666666666666665,2,0
6552,CA-2017-161578,47,482,820,203,1,2,13.36,2,0.0,13.36,6.4128,0.48,5,0
6553,CA-2017-161578,47,968,820,203,1,2,158.9,5,0.0,158.9,7.945,0.05,5,0
6554,CA-2014-137092,61,591,23,69,1,156,319.968,4,0.2,399.96,71.9928,0.225,2,0
6555,CA-2014-137092,61,1673,23,69,1,156,505.32,3,0.2,631.65,31.5825,0.0625,2,0
6556,CA-2014-137092,61,1791,23,69,1,156,3.808,1,0.2,4.76,1.2376,0.325,2,0
6557,CA-2014-137092,61,1312,23,69,1,156,8.682,1,0.8,43.41000000000001,-14.7594,-1.7,2,1
6558,CA-2014-137092,61,581,23,69,1,156,24.424,1,0.2,30.529999999999998,7.9378,0.325,2,0
6559,CA-2015-166947,495,500,1118,1415,2,251,1522.638,9,0.1,1691.82,169.182,0.1111111111111111,5,0
6560,CA-2016-160941,461,971,659,1389,2,53,419.9,5,0.0,419.9,197.353,0.47000000000000003,5,0
6561,CA-2016-160941,461,366,659,1389,2,53,3.15,1,0.0,3.15,1.512,0.48000000000000004,5,0
6562,CA-2017-144680,610,732,186,460,3,175,33.62,5,0.8,168.10000000000002,-90.774,-2.7,2,1
6563,CA-2014-166086,565,62,1119,553,2,129,16.14,3,0.0,16.14,7.9086,0.49,5,0
6564,CA-2014-166086,565,1583,1119,553,2,129,194.25,2,0.3,277.5,-38.85,-0.2,5,1
6565,CA-2014-166086,565,672,1119,553,2,129,8.64,3,0.0,8.64,2.5056,0.29,5,0
6566,CA-2014-166086,565,636,1119,553,2,129,872.32,4,0.0,872.32,244.2496,0.27999999999999997,5,0
6567,CA-2017-131282,91,570,1120,1294,1,527,243.992,4,0.8,1219.9600000000003,-426.986,-1.75,3,1
6568,CA-2017-131282,91,1326,1120,1294,1,527,7.12,5,0.2,8.9,0.712,0.09999999999999999,3,0
6569,CA-2014-100678,28,60,892,1151,2,15,2.688,2,0.2,3.36,1.008,0.375,4,0
6570,CA-2014-100678,28,292,892,1151,2,15,317.058,3,0.3,452.94,-18.1176,-0.05714285714285714,4,1
6571,CA-2014-100678,28,634,892,1151,2,15,149.352,3,0.2,186.69,50.4063,0.3375,4,0
6572,CA-2014-100678,28,1524,892,1151,2,15,227.976,3,0.2,284.96999999999997,28.497,0.125,4,0
6573,CA-2016-161543,743,1297,1121,459,2,60,11.96,2,0.0,11.96,5.8604,0.49,6,0
6574,CA-2016-160535,772,427,882,886,2,171,563.4,4,0.0,563.4,67.608,0.12000000000000001,5,0
6575,CA-2016-160535,772,1792,882,886,2,171,319.92,8,0.0,319.92,118.3704,0.37,5,0
6576,CA-2017-123085,720,1544,449,145,2,142,1049.44,8,0.0,1049.44,440.7648,0.42,5,0
6577,CA-2017-123085,720,57,449,145,2,142,170.352,3,0.2,212.94,-17.0352,-0.09999999999999999,5,0
6578,CA-2015-153752,198,1130,402,556,1,102,173.94,6,0.0,173.94,50.4426,0.29,5,0
6579,CA-2014-103660,597,1150,56,1195,2,6,1007.944,7,0.2,1259.9299999999998,75.5958,0.075,5,0
6580,CA-2016-169887,653,1084,333,333,4,60,6.68,1,0.0,6.68,3.2064,0.48,0,0
6581,CA-2016-169887,653,1623,333,333,4,60,8.34,3,0.0,8.34,2.2518,0.26999999999999996,0,0
6582,CA-2016-169887,653,1793,333,333,4,60,101.94,3,0.0,101.94,30.582,0.3,0,0
6583,CA-2016-148516,62,604,1122,1191,2,200,179.97,3,0.0,179.97,86.3856,0.48,4,0
6584,CA-2017-104731,563,1386,247,945,2,271,101.94,6,0.0,101.94,29.5626,0.29,6,0
6585,CA-2017-104731,563,705,247,945,2,271,271.96,4,0.0,271.96,67.99,0.25,6,0
6586,CA-2017-104731,563,248,247,945,2,271,8.8,5,0.0,8.8,3.872,0.43999999999999995,6,0
6587,CA-2017-104731,563,951,247,945,2,271,19.68,6,0.0,19.68,5.7072,0.29000000000000004,6,0
6588,CA-2017-104731,563,714,247,945,2,271,302.94,3,0.0,302.94,69.6762,0.22999999999999998,6,0
6589,CA-2017-104731,563,592,247,945,2,271,14.94,3,0.0,14.94,7.1712,0.48,6,0
6590,CA-2017-104731,563,414,247,945,2,271,231.72,2,0.0,231.72,11.586,0.05,6,0
6591,CA-2014-164749,697,618,894,960,3,573,9.912,3,0.2,12.39,3.2214,0.32499999999999996,3,0
6592,CA-2015-103716,11,333,29,1413,2,95,34.65,3,0.0,34.65,9.702,0.28,6,0
6593,CA-2015-103716,11,501,29,1413,2,95,19.8,5,0.2,24.75,1.7325,0.0875,6,0
6594,CA-2016-126795,219,543,901,951,1,24,33.568,2,0.2,41.959999999999994,11.7488,0.35,3,0
6595,CA-2015-146290,459,647,125,1224,2,305,125.93,7,0.0,125.93,35.2604,0.27999999999999997,7,0
6596,CA-2017-157112,56,461,757,467,3,48,11.76,5,0.7,39.199999999999996,-7.84,-0.6666666666666666,3,1
6597,CA-2017-157112,56,129,757,467,3,48,5.344,1,0.2,6.68,1.8704,0.35,3,0
6598,CA-2014-169257,648,249,572,1377,2,134,1.365,1,0.7,4.549999999999999,-0.91,-0.6666666666666667,6,1
6599,CA-2014-169257,648,1414,572,1377,2,134,62.016,2,0.2,77.52,22.4808,0.3625,6,0
6600,CA-2014-154095,22,527,267,1036,2,235,60.72,3,0.0,60.72,23.6808,0.39,5,0
6601,CA-2014-154095,22,1439,267,1036,2,235,146.82,3,0.0,146.82,73.41,0.5,5,0
6602,CA-2014-154095,22,1145,267,1036,2,235,239.84,8,0.0,239.84,64.7568,0.26999999999999996,5,0
6603,CA-2014-154095,22,287,267,1036,2,235,15.66,6,0.0,15.66,7.2036,0.45999999999999996,5,0
6604,CA-2017-146346,363,887,47,309,3,574,146.352,3,0.2,182.94,-32.9292,-0.225,3,0
6605,CA-2016-148852,648,495,440,1207,2,201,5.94,3,0.0,5.94,0.0,0.0,5,0
6606,CA-2016-148852,648,1005,440,1207,2,201,45.36,7,0.0,45.36,21.7728,0.48,5,0
6607,CA-2016-148852,648,782,440,1207,2,201,211.168,4,0.2,263.96,23.7564,0.11249999999999999,5,0
6608,CA-2016-148852,648,212,440,1207,2,201,484.704,6,0.2,605.88,-84.8232,-0.175,5,0
6609,CA-2016-148852,648,1521,440,1207,2,201,371.976,3,0.2,464.96999999999997,116.2425,0.3125,5,0
6610,US-2015-118906,11,329,367,367,4,235,89.82,6,0.0,89.82,25.1496,0.28,0,0
6611,CA-2016-168921,123,1233,202,333,3,14,19.296,3,0.2,24.119999999999997,6.03,0.3125,2,0
6612,CA-2015-107678,766,269,1123,153,2,176,191.96,2,0.0,191.96,51.8292,0.26999999999999996,7,0
6613,CA-2015-107678,766,21,1123,153,2,176,21.3,3,0.0,21.3,9.798,0.45999999999999996,7,0
6614,CA-2015-107678,766,540,1123,153,2,176,469.95,5,0.0,469.95,131.586,0.28,7,0
6615,CA-2015-107678,766,584,1123,153,2,176,209.88,3,0.0,209.88,35.6796,0.17,7,0
6616,CA-2016-123512,161,1602,27,352,3,63,239.666,2,0.15,281.96,14.098,0.05882352941176471,2,0
6617,CA-2016-123512,161,1346,27,352,3,63,22.5,6,0.0,22.5,10.8,0.48000000000000004,2,0
6618,CA-2016-123512,161,1767,27,352,3,63,219.84,4,0.0,219.84,107.7216,0.49,2,0
6619,US-2017-167402,435,1348,1124,1352,1,335,32.4,5,0.0,32.4,15.552,0.48,5,0
6620,US-2017-167402,435,1754,1124,1352,1,335,209.94,6,0.0,209.94,54.5844,0.26,5,0
6621,US-2017-167402,435,466,1124,1352,1,335,4164.05,5,0.0,4164.05,83.281,0.02,5,0
6622,US-2017-167402,435,1545,1124,1352,1,335,212.94,3,0.0,212.94,53.235,0.25,5,0
6623,CA-2014-130449,779,6,1125,341,3,10,41.88,6,0.0,41.88,12.1452,0.29,3,0
6624,CA-2014-130449,779,574,1125,341,3,10,58.48,8,0.0,58.48,27.4856,0.47000000000000003,3,0
6625,CA-2015-141250,401,1214,1126,652,2,575,102.438,1,0.3,146.34,-13.1706,-0.12857142857142856,4,1
6626,CA-2015-141250,401,1460,1126,652,2,575,199.304,4,0.3,284.72,-8.5416,-0.04285714285714286,4,1
6627,CA-2014-145541,484,1630,638,1060,2,24,6999.96,4,0.0,6999.96,2239.9872,0.32,7,0
6628,CA-2014-138513,553,90,236,280,2,293,12.96,2,0.0,12.96,6.2208,0.4799999999999999,4,0
6629,CA-2015-135489,544,223,445,358,1,24,279.86,14,0.0,279.86,134.3328,0.4799999999999999,3,0
6630,CA-2015-125696,473,1182,654,1273,2,576,7.38,5,0.7,24.599999999999994,-5.412,-0.7333333333333333,4,1
6631,CA-2016-105081,556,1004,592,946,2,61,698.352,3,0.2,872.9399999999999,52.3764,0.075,5,0
6632,CA-2016-105081,556,1111,592,946,2,61,1747.25,5,0.0,1747.25,629.01,0.36,5,0
6633,US-2016-146857,535,1310,716,542,1,335,54.48,1,0.0,54.48,15.2544,0.28,2,0
6634,CA-2016-166275,197,652,1058,1058,4,10,199.99,1,0.0,199.99,85.9957,0.43,0,0
6635,CA-2017-144498,470,351,637,637,4,44,68.541,11,0.7,228.46999999999994,-52.5481,-0.7666666666666667,0,1
6636,CA-2017-144498,470,35,637,637,4,44,627.168,4,0.2,783.9599999999999,70.5564,0.11249999999999999,0,0
6637,CA-2017-144498,470,581,637,637,4,44,122.12,5,0.2,152.65,39.689,0.325,0,0
6638,CA-2017-103352,262,373,345,330,1,165,6.99,3,0.0,6.99,2.0271,0.29,3,0
6639,CA-2017-103352,262,1404,345,330,1,165,107.424,6,0.2,134.28,36.2556,0.33749999999999997,3,0
6640,CA-2014-108609,322,1235,657,982,1,204,1421.664,8,0.4,2369.44,-734.5264,-0.5166666666666666,2,1
6641,CA-2017-128328,23,543,486,1416,2,305,125.88,6,0.0,125.88,60.4224,0.48000000000000004,4,0
6642,CA-2017-128328,23,686,486,1416,2,305,79.78,2,0.0,79.78,29.5186,0.37,4,0
6643,CA-2017-128328,23,1761,486,1416,2,305,133.2,9,0.0,133.2,66.6,0.5,4,0
6644,US-2015-156496,577,820,545,749,2,314,438.368,4,0.2,547.9599999999999,38.3572,0.0875,6,0
6645,US-2015-156496,577,772,545,749,2,314,139.944,7,0.2,174.92999999999998,-31.4874,-0.22500000000000003,6,0
6646,US-2015-156496,577,587,545,749,2,314,133.472,4,0.2,166.84,15.0156,0.11249999999999999,6,0
6647,US-2016-127334,487,216,273,1376,2,331,564.195,3,0.5,1128.39,-304.6653,-0.5399999999999999,6,1
6648,US-2016-127334,487,1310,273,1376,2,331,87.168,2,0.2,108.96000000000001,8.7168,0.09999999999999998,6,0
6649,US-2017-124779,293,472,566,221,3,175,42.616,7,0.8,213.08000000000004,-68.1856,-1.5999999999999999,3,1
6650,US-2017-124779,293,1688,566,221,3,175,319.984,2,0.2,399.97999999999996,107.9946,0.3375,3,0
6651,US-2017-124779,293,272,566,221,3,175,45.92,5,0.2,57.4,15.498,0.33749999999999997,3,0
6652,US-2017-124779,293,751,566,221,3,175,21.184,2,0.6,52.96,-11.6512,-0.5499999999999999,3,1
6653,US-2017-124779,293,181,566,221,3,175,20.736,4,0.2,25.919999999999998,7.2576,0.35,3,0
6654,US-2017-124779,293,1535,566,221,3,175,213.43,5,0.3,304.90000000000003,-39.637,-0.18571428571428572,3,1
6655,CA-2017-135937,455,873,298,1417,2,28,333.576,3,0.2,416.97,25.0182,0.075,7,0
6656,CA-2017-135937,455,1228,298,1417,2,28,31.992,1,0.2,39.99,4.7988,0.15,7,0
6657,CA-2017-135937,455,912,298,1417,2,28,51.168,2,0.2,63.959999999999994,-6.396,-0.125,7,0
6658,CA-2017-135937,455,1511,298,1417,2,28,10.64,5,0.2,13.3,3.857,0.3625,7,0
6659,CA-2017-135937,455,593,298,1417,2,28,68.704,2,0.2,85.87999999999998,16.3172,0.23750000000000002,7,0
6660,CA-2017-135937,455,978,298,1417,2,28,386.91,9,0.5,773.82,-185.7168,-0.48,7,1
6661,CA-2015-129322,592,1644,817,545,1,129,39.66,2,0.0,39.66,11.898,0.30000000000000004,2,0
6662,CA-2015-129322,592,1052,817,545,1,129,113.92,2,0.0,113.92,33.0368,0.29,2,0
6663,CA-2015-129322,592,1243,817,545,1,129,447.86,7,0.0,447.86,210.4942,0.47,2,0
6664,CA-2017-162173,221,720,41,753,2,221,356.85,5,0.0,356.85,60.6645,0.16999999999999998,6,0
6665,CA-2017-162173,221,843,41,753,2,221,251.58,7,0.0,251.58,113.211,0.44999999999999996,6,0
6666,CA-2016-115483,366,1767,217,428,1,275,219.84,5,0.2,274.8,79.692,0.3625,4,0
6667,CA-2017-122175,223,1686,606,305,1,276,42.85,5,0.0,42.85,15.426,0.36,2,0
6668,CA-2017-122175,223,642,606,305,1,276,6.16,2,0.0,6.16,2.9568,0.48,2,0
6669,CA-2017-122175,223,1769,606,305,1,276,17.0,2,0.0,17.0,4.42,0.26,2,0
6670,CA-2017-122175,223,1564,606,305,1,276,87.4,5,0.0,87.4,34.96,0.39999999999999997,2,0
6671,CA-2017-161088,415,529,1127,149,2,113,29.84,2,0.0,29.84,13.428,0.45,4,0
6672,CA-2014-154837,517,583,710,10,1,4,49.568,2,0.2,61.959999999999994,17.3488,0.35000000000000003,4,0
6673,CA-2015-153794,116,109,862,1218,2,143,265.86,7,0.0,265.86,79.758,0.3,5,0
6674,CA-2015-135510,70,1794,578,812,2,327,67.96,4,0.0,67.96,12.2328,0.18,7,0
6675,CA-2015-109337,659,854,83,522,1,453,10.92,6,0.0,10.92,4.914,0.44999999999999996,2,0
6676,CA-2015-109337,659,1795,83,522,1,453,83.9,2,0.0,83.9,22.653,0.26999999999999996,2,0
6677,CA-2015-109337,659,1684,83,522,1,453,19.75,5,0.0,19.75,5.135,0.26,2,0
6678,CA-2015-109337,659,1544,83,522,1,453,393.54,3,0.0,393.54,165.2868,0.42,2,0
6679,CA-2014-150329,175,905,983,1006,2,52,46.872,7,0.2,58.589999999999996,3.5154,0.075,4,0
6680,CA-2017-145037,27,377,265,211,1,317,10.9,1,0.0,10.9,2.834,0.26,5,0
6681,CA-2017-145037,27,369,265,211,1,317,79.92,4,0.0,79.92,37.5624,0.47,5,0
6682,CA-2017-145037,27,1620,265,211,1,317,146.82,3,0.0,146.82,73.41,0.5,5,0
6683,CA-2017-154466,504,752,315,461,3,57,3.6,2,0.0,3.6,1.728,0.48,1,0
6684,CA-2014-109134,369,1534,1128,850,2,142,20.04,6,0.0,20.04,8.8176,0.44000000000000006,5,0
6685,US-2015-129637,499,907,998,938,2,51,180.016,1,0.2,225.01999999999998,-15.7514,-0.08750000000000001,5,0
6686,US-2015-129637,499,690,998,938,2,51,41.552,2,0.6,103.88,-19.7372,-0.47500000000000003,5,1
6687,US-2015-129637,499,951,998,938,2,51,13.12,5,0.2,16.4,1.476,0.1125,5,0
6688,CA-2015-165162,644,1363,264,1032,2,4,1117.92,4,0.0,1117.92,55.896,0.049999999999999996,7,0
6689,CA-2017-140494,699,1131,435,1396,1,10,111.96,4,0.0,111.96,21.2724,0.19000000000000003,5,0
6690,CA-2017-104108,533,1280,575,35,2,15,12.16,5,0.2,15.2,2.128,0.17500000000000002,7,0
6691,US-2017-165869,625,237,690,486,2,202,17.52,4,0.0,17.52,8.4096,0.48,5,0
6692,US-2017-165869,625,409,690,486,2,202,155.88,6,0.0,155.88,54.558,0.35000000000000003,5,0
6693,CA-2017-160899,661,1312,939,803,1,418,477.51,11,0.0,477.51,219.6546,0.45999999999999996,2,0
6694,CA-2017-144225,694,1398,1034,281,1,309,164.88,3,0.0,164.88,80.7912,0.49000000000000005,2,0
6695,US-2016-163538,777,1098,371,134,2,57,47.97,3,0.0,47.97,14.8707,0.31,4,0
6696,US-2016-155103,441,1592,500,1287,2,24,415.176,3,0.2,518.9699999999999,134.9322,0.325,5,0
6697,US-2016-155103,441,909,500,1287,2,24,35.232,3,0.2,44.04,11.4504,0.325,5,0
6698,US-2016-155103,441,1398,500,1287,2,24,54.96,1,0.0,54.96,26.9304,0.49,5,0
6699,CA-2017-145429,518,1796,247,801,2,143,16.34,2,0.0,16.34,7.6798,0.47000000000000003,4,0
6700,CA-2017-145429,518,1154,247,801,2,143,225.296,2,0.2,281.61999999999995,22.5296,0.09999999999999999,4,0
6701,CA-2017-145429,518,302,247,801,2,143,50.352,3,0.2,62.93999999999999,17.6232,0.35000000000000003,4,0
6702,CA-2015-153535,496,1155,1129,1138,2,576,163.136,4,0.2,203.92,20.392,0.125,4,0
6703,CA-2015-153535,496,881,1129,1138,2,576,6.408,4,0.7,21.36,-4.9128,-0.7666666666666666,4,1
6704,CA-2015-139164,395,1237,538,1142,2,107,217.584,2,0.2,271.97999999999996,19.0386,0.0875,5,0
6705,CA-2015-139164,395,805,538,1142,2,107,5.43,3,0.0,5.43,1.7919,0.33,5,0
6706,CA-2015-139164,395,161,538,1142,2,107,143.976,3,0.2,179.97,8.9985,0.0625,5,0
6707,CA-2016-112277,282,919,546,307,2,3,519.68,7,0.2,649.5999999999999,58.464,0.1125,5,0
6708,CA-2014-167724,409,1797,139,892,2,309,7.83,3,0.0,7.83,3.6018,0.45999999999999996,5,0
6709,CA-2015-123141,48,158,718,903,2,577,883.84,4,0.2,1104.8,99.432,0.1125,5,0
6710,CA-2015-123141,48,269,718,903,2,577,230.352,3,0.2,287.94,20.1558,0.0875,5,0
6711,CA-2016-149503,71,1161,11,940,3,353,273.92,8,0.2,342.4,99.296,0.3625,3,0
6712,CA-2017-163069,308,1025,239,171,1,48,9.912,3,0.2,12.39,1.239,0.125,3,0
6713,CA-2017-107629,73,1320,818,818,4,302,266.352,6,0.6,665.8799999999999,-292.9872,-1.1,0,1
6714,CA-2017-107629,73,268,818,818,4,302,56.328,3,0.6,140.82,-26.7558,-0.475,0,1
6715,CA-2017-107629,73,961,818,818,4,302,39.264,3,0.2,49.08,-4.908,-0.125,0,0
6716,CA-2017-107629,73,1572,818,818,4,302,95.232,6,0.2,119.03999999999999,24.9984,0.2625,0,0
6717,CA-2016-134789,279,660,144,174,2,402,30.0,6,0.0,30.0,14.4,0.48000000000000004,7,0
6718,CA-2016-134789,279,549,144,174,2,402,25.92,4,0.0,25.92,12.7008,0.48999999999999994,7,0
6719,CA-2016-134789,279,893,144,174,2,402,159.92,4,0.0,159.92,31.984,0.20000000000000004,7,0
6720,CA-2016-130442,12,938,187,1055,3,578,34.944,3,0.2,43.68,3.0576,0.0875,3,0
6721,CA-2017-102974,318,633,21,242,2,4,149.95,5,0.0,149.95,31.4895,0.21000000000000002,5,0
6722,CA-2017-102974,318,1760,21,242,2,4,23.32,2,0.0,23.32,6.0632,0.26,5,0
6723,CA-2017-102974,318,1261,21,242,2,4,16.74,3,0.0,16.74,4.8546,0.29,5,0
6724,US-2017-166394,719,1100,508,1280,1,557,14.82,6,0.0,14.82,6.9654,0.47,2,0
6725,CA-2016-128811,228,204,127,1143,2,6,10.47,3,0.0,10.47,4.8162,0.46,4,0
6726,CA-2016-128811,228,1648,127,1143,2,6,11.07,3,0.0,11.07,5.2029,0.47,4,0
6727,CA-2016-128811,228,626,127,1143,2,6,20.704,4,0.2,25.88,7.764,0.375,4,0
6728,CA-2017-145443,282,1734,683,734,1,239,177.2,5,0.0,177.2,83.284,0.4700000000000001,5,0
6729,CA-2016-165827,717,1173,255,1200,2,124,50.496,6,0.2,63.12,8.2056,0.1625,5,0
6730,CA-2015-156734,297,1283,653,783,3,298,6.129,3,0.7,20.429999999999996,-4.4946,-0.7333333333333334,2,1
6731,CA-2015-156734,297,229,653,783,3,298,643.136,4,0.2,803.92,56.2744,0.08750000000000001,2,0
6732,CA-2015-156734,297,290,653,783,3,298,20.736,4,0.2,25.919999999999998,7.2576,0.35,2,0
6733,CA-2014-120096,723,1487,1130,971,3,43,177.536,4,0.2,221.92,62.1376,0.35,3,0
6734,CA-2014-120096,723,1267,1130,971,3,43,32.432,2,0.2,40.54,3.2432,0.09999999999999999,3,0
6735,CA-2015-141754,774,677,140,708,2,230,11.696,2,0.2,14.62,3.9474,0.3375,5,0
6736,CA-2016-123358,538,984,343,765,2,35,113.76,3,0.0,113.76,44.3664,0.38999999999999996,7,0
6737,CA-2016-123358,538,1663,343,765,2,35,579.51,3,0.0,579.51,81.1314,0.14,7,0
6738,CA-2016-123358,538,1765,343,765,2,35,150.66,9,0.0,150.66,6.0264,0.04,7,0
6739,CA-2016-123358,538,492,343,765,2,35,48.032,4,0.2,60.03999999999999,15.6104,0.325,7,0
6740,CA-2014-144029,515,1355,543,1179,2,37,102.624,3,0.2,128.27999999999997,7.6968,0.075,5,0
6741,CA-2014-144029,515,1190,543,1179,2,37,359.772,2,0.3,513.96,-5.1396,-0.014285714285714285,5,1
6742,CA-2014-144029,515,797,543,1179,2,37,13.392,3,0.2,16.74,3.1806,0.23750000000000002,5,0
6743,US-2017-101784,139,65,92,498,2,142,122.136,3,0.2,152.67,-13.7403,-0.1125,5,0
6744,CA-2015-156923,134,151,1131,764,2,356,35.88,6,0.0,35.88,16.146,0.45,4,0
6745,CA-2017-111269,395,591,115,979,1,83,479.952,6,0.2,599.9399999999999,107.9892,0.225,2,0
6746,CA-2017-111269,395,251,115,979,1,83,23.92,5,0.2,29.900000000000002,1.794,0.075,2,0
6747,CA-2017-159156,34,1444,39,674,3,30,629.95,5,0.0,629.95,163.787,0.26,3,0
6748,CA-2017-100230,212,441,158,935,2,46,14.952,1,0.2,18.689999999999998,5.0463,0.33749999999999997,4,0
6749,CA-2017-100230,212,1358,158,935,2,46,17.94,3,0.0,17.94,8.073,0.45,4,0
6750,CA-2017-100230,212,1718,158,935,2,46,116.98,2,0.0,116.98,29.245,0.25,4,0
6751,CA-2016-154767,670,1535,932,1187,1,336,121.96,2,0.0,121.96,20.7332,0.17,2,0
6752,CA-2016-154767,670,1519,932,1187,1,336,8.74,2,0.0,8.74,2.2724,0.26,2,0
6753,CA-2016-154767,670,335,932,1187,1,336,61.96,2,0.0,61.96,27.882,0.45,2,0
6754,CA-2016-154767,670,1407,932,1187,1,336,7.96,2,0.0,7.96,3.7412,0.47000000000000003,2,0
6755,CA-2016-154767,670,15,932,1187,1,336,275.24,4,0.0,275.24,121.1056,0.43999999999999995,2,0
6756,CA-2017-124205,780,1463,176,21,2,101,47.4,5,0.0,47.4,18.96,0.4,4,0
6757,CA-2017-124205,780,1585,176,21,2,101,512.96,4,0.0,512.96,143.6288,0.28,4,0
6758,CA-2017-124205,780,804,176,21,2,101,395.94,6,0.0,395.94,102.9444,0.26,4,0
6759,CA-2017-124205,780,357,176,21,2,101,81.96,2,0.0,81.96,0.0,0.0,4,0
6760,CA-2017-165715,768,895,575,167,2,308,32.776,1,0.2,40.97,2.4582,0.075,6,0
6761,CA-2017-100636,158,73,336,161,2,46,272.94,3,0.0,272.94,0.0,0.0,4,0
6762,CA-2016-162943,716,902,1132,1389,1,46,253.764,2,0.1,281.96,31.0156,0.12222222222222222,2,0
6763,CA-2016-144764,211,3,477,163,2,37,29.24,5,0.2,36.55,9.8685,0.33749999999999997,6,0
6764,CA-2016-144764,211,211,477,163,2,37,35.168,2,0.2,43.959999999999994,-8.3524,-0.2375,6,0
6765,CA-2016-144764,211,1798,477,163,2,37,1362.9,3,0.3,1947.0000000000002,-19.47,-0.014285714285714284,6,1
6766,CA-2017-100615,696,292,694,559,2,156,317.058,3,0.3,452.94,-18.1176,-0.05714285714285714,4,1
6767,CA-2017-100615,696,33,694,559,2,156,15.76,2,0.2,19.7,3.546,0.22499999999999998,4,0
6768,CA-2017-100615,696,1028,694,559,2,156,14.56,5,0.6,36.4,-6.188,-0.425,4,1
6769,CA-2014-109302,729,913,1133,560,2,101,196.21,7,0.0,196.21,98.105,0.5,4,0
6770,CA-2017-139787,656,1659,21,398,2,113,35.4,5,0.0,35.4,13.452,0.38,4,0
6771,CA-2017-139402,715,1079,35,1097,2,52,419.4,5,0.2,524.2499999999999,146.79,0.35,4,0
6772,CA-2017-139402,715,1785,35,1097,2,52,13.005,3,0.7,43.349999999999994,-9.9705,-0.7666666666666666,4,1
6773,CA-2016-119018,195,309,255,1,2,26,7.712,2,0.2,9.639999999999999,2.7956,0.3625,4,0
6774,CA-2016-119018,195,1582,255,1,2,26,4.176,1,0.2,5.22,1.305,0.3125,4,0
6775,CA-2016-119018,195,1799,255,1,2,26,38.88,6,0.0,38.88,18.6624,0.48000000000000004,4,0
6776,CA-2015-105361,442,250,369,389,2,24,17.64,4,0.0,17.64,8.1144,0.45999999999999996,6,0
6777,US-2016-152373,691,42,65,109,2,66,93.456,3,0.2,116.82,-17.523,-0.1875,6,0
6778,US-2017-166037,643,1234,481,1395,2,30,449.91,9,0.0,449.91,157.4685,0.35,4,0
6779,US-2016-147711,521,1122,324,163,1,309,344.94,3,0.0,344.94,31.0446,0.09,5,0
6780,US-2016-147711,521,1257,324,163,1,309,14.76,2,0.0,14.76,4.2804,0.29000000000000004,5,0
6781,US-2016-147711,521,850,324,163,1,309,12.76,2,0.0,12.76,5.8696,0.46,5,0
6782,US-2016-147711,521,677,324,163,1,309,58.48,8,0.0,58.48,27.4856,0.47000000000000003,5,0
6783,CA-2017-121293,548,546,801,689,1,106,20.096,4,0.2,25.119999999999997,3.0144,0.15000000000000002,3,0
6784,CA-2017-121293,548,1800,801,689,1,106,37.752,3,0.2,47.19,4.2471,0.11249999999999999,3,0
6785,CA-2017-121293,548,1745,801,689,1,106,138.588,1,0.4,230.98,-34.647,-0.25,3,1
6786,CA-2017-121293,548,392,801,689,1,106,259.92,5,0.2,324.9,-25.992,-0.09999999999999999,3,0
6787,CA-2017-121293,548,261,801,689,1,106,20.736,4,0.2,25.919999999999998,7.2576,0.35,3,0
6788,CA-2015-118843,102,785,1024,1182,2,149,129.93,3,0.0,129.93,12.993,0.09999999999999999,7,0
6789,CA-2015-118843,102,992,1024,1182,2,149,69.93,7,0.0,69.93,31.4685,0.44999999999999996,7,0
6790,CA-2015-161445,567,400,68,1316,1,36,140.736,4,0.2,175.92,12.3144,0.0875,2,0
6791,CA-2016-124527,781,256,77,1020,3,53,8.32,5,0.2,10.4,2.808,0.33749999999999997,1,0
6792,CA-2016-162348,409,1612,339,626,2,380,9.98,1,0.0,9.98,2.7944,0.27999999999999997,5,0
6793,CA-2014-141005,395,543,861,1369,3,70,62.94,3,0.0,62.94,30.2112,0.48000000000000004,3,0
6794,CA-2015-145394,205,1032,548,313,2,27,21.488,2,0.2,26.86,1.6116,0.075,4,0
6795,CA-2015-145394,205,1279,548,313,2,27,239.976,3,0.2,299.96999999999997,26.9973,0.1125,4,0
6796,CA-2015-145394,205,1619,548,313,2,27,34.504,2,0.6,86.25999999999999,-15.5268,-0.45,4,1
6797,CA-2015-168809,499,1002,768,768,4,17,20.104,2,0.6,50.26,-16.5858,-0.825,0,1
6798,CA-2015-168809,499,413,768,768,4,17,3.798,1,0.8,18.990000000000006,-6.0768,-1.6,0,1
6799,CA-2015-168809,499,1801,768,768,4,17,7.88,5,0.6,19.7,-3.94,-0.5,0,1
6800,CA-2016-109827,430,224,592,315,2,52,35.445,1,0.5,70.89,-24.1026,-0.6799999999999999,7,1
6801,CA-2016-109827,430,1385,592,315,2,52,269.97,2,0.7,899.9,-386.957,-1.4333333333333331,7,1
6802,CA-2016-109827,430,1203,592,315,2,52,45.12,3,0.2,56.39999999999999,-7.896,-0.17500000000000002,7,0
6803,CA-2016-109827,430,726,592,315,2,52,100.8,2,0.2,125.99999999999999,21.42,0.21250000000000002,7,0
6804,CA-2016-109827,430,1145,592,315,2,52,47.968,2,0.2,59.96,4.1972,0.08749999999999998,7,0
6805,CA-2014-152233,169,1234,1083,192,3,283,99.98,2,0.0,99.98,34.993,0.35000000000000003,1,0
6806,CA-2014-125682,517,1384,755,642,3,149,9.96,2,0.0,9.96,4.8804,0.48999999999999994,3,0
6807,CA-2017-162880,242,309,54,615,2,579,3.856,1,0.2,4.819999999999999,1.3978,0.3625,4,0
6808,CA-2015-128125,183,448,1053,58,2,15,98.376,3,0.2,122.97,35.6613,0.36249999999999993,5,0
6809,CA-2015-128125,183,1609,1053,58,2,15,22.38,3,0.6,55.949999999999996,-7.833,-0.35000000000000003,5,1
6810,CA-2017-156237,520,626,33,176,3,12,3.882,2,0.7,12.939999999999998,-2.588,-0.6666666666666666,1,1
6811,CA-2017-156237,520,1795,33,176,3,12,12.585,1,0.7,41.949999999999996,-18.0385,-1.4333333333333331,1,1
6812,CA-2017-156237,520,395,33,176,3,12,113.372,2,0.3,161.96,-29.1528,-0.2571428571428571,1,1
6813,CA-2017-156237,520,786,33,176,3,12,18.312,4,0.7,61.03999999999999,-12.208,-0.6666666666666666,1,1
6814,CA-2017-156237,520,1802,33,176,3,12,127.936,8,0.2,159.92,4.7976,0.0375,1,0
6815,CA-2017-156237,520,345,33,176,3,12,241.17,2,0.7,803.8999999999999,-168.819,-0.7,1,1
6816,CA-2014-144414,486,1036,1104,262,2,60,6.24,3,0.0,6.24,2.6208,0.42,4,0
6817,CA-2014-144414,486,295,1104,262,2,60,17.9,5,0.0,17.9,8.95,0.5,4,0
6818,CA-2014-144414,486,317,1104,262,2,60,3266.376,3,0.2,4082.9700000000003,1061.5722,0.325,4,0
6819,CA-2017-163860,629,1339,117,1282,2,121,1.68,5,0.8,8.400000000000002,-2.688,-1.6,4,1
6820,CA-2017-163860,629,1495,117,1282,2,121,7.968,3,0.6,19.919999999999998,-2.3904,-0.3,4,1
6821,CA-2017-163860,629,168,117,1282,2,121,113.372,2,0.3,161.96,-3.2392,-0.02857142857142857,4,1
6822,CA-2017-163860,629,346,117,1282,2,121,2.96,2,0.6,7.3999999999999995,-1.406,-0.475,4,1
6823,US-2017-115609,474,732,809,660,2,2,168.1,5,0.0,168.1,43.706,0.26,5,0
6824,CA-2015-154291,454,467,396,1286,2,154,98.46,9,0.0,98.46,49.23,0.5,4,0
6825,CA-2015-154291,454,364,396,1286,2,154,358.58,2,0.0,358.58,39.4438,0.11000000000000001,4,0
6826,CA-2016-118689,569,721,825,791,2,378,32.48,2,0.0,32.48,4.872,0.15000000000000002,7,0
6827,CA-2016-118689,569,1389,825,791,2,378,17499.95,5,0.0,17499.95,8399.976,0.48000000000000004,7,0
6828,CA-2016-118689,569,1499,825,791,2,378,735.98,2,0.0,735.98,331.191,0.44999999999999996,7,0
6829,CA-2016-118689,569,697,825,791,2,378,34.37,7,0.0,34.37,16.8413,0.49000000000000005,7,0
6830,CA-2016-118689,569,208,825,791,2,378,33.96,2,0.0,33.96,9.5088,0.28,7,0
6831,CA-2016-140438,464,985,436,798,1,30,197.97,3,0.0,197.97,53.4519,0.27,3,0
6832,US-2017-123204,751,1299,247,945,2,24,17.48,4,0.0,17.48,4.5448,0.26,6,0
6833,CA-2015-112522,274,1413,999,873,2,27,8.016,3,0.2,10.02,1.002,0.125,7,0
6834,CA-2016-153101,308,963,163,163,4,201,146.04,1,0.2,182.54999999999998,-12.7785,-0.0875,0,0
6835,CA-2016-142615,607,1776,74,391,2,580,27.88,2,0.0,27.88,3.9032,0.14,4,0
6836,CA-2017-142643,394,581,454,180,2,381,152.65,5,0.0,152.65,70.219,0.45999999999999996,5,0
6837,CA-2017-142643,394,206,454,180,2,381,22.72,1,0.0,22.72,9.3152,0.41000000000000003,5,0
6838,CA-2015-116260,542,325,381,985,2,276,11.12,4,0.0,11.12,2.8912,0.26,6,0
6839,CA-2017-107517,713,1740,1120,840,2,217,1640.7,5,0.0,1640.7,459.396,0.28,4,0
6840,CA-2017-107517,713,919,1120,840,2,217,371.2,5,0.2,463.99999999999994,41.76,0.1125,4,0
6841,CA-2015-166338,487,92,402,215,3,413,14.832,3,0.7,49.44,-10.3824,-0.7,1,1
6842,CA-2016-123946,296,1692,127,43,2,29,20.7,3,0.0,20.7,1.656,0.08,5,0
6843,CA-2016-123946,296,1229,127,43,2,29,11.34,3,0.0,11.34,5.2164,0.46,5,0
6844,CA-2016-123946,296,1034,127,43,2,29,67.9,5,0.0,67.9,0.679,0.01,5,0
6845,CA-2016-123946,296,1803,127,43,2,29,1059.12,4,0.0,1059.12,307.1448,0.29,5,0
6846,CA-2014-147543,605,1181,523,137,2,581,478.48,2,0.2,598.1,47.848,0.09999999999999999,6,0
6847,US-2016-159093,603,1789,196,676,2,2,32.04,4,0.0,32.04,14.418,0.45,5,0
6848,CA-2016-162110,74,432,428,406,2,52,55.992,1,0.2,69.99,3.4995,0.0625,4,0
6849,US-2016-163461,591,1685,1134,1029,3,529,76.864,2,0.2,96.08,26.9024,0.35,3,0
6850,CA-2014-101462,547,1443,1018,574,2,63,59.92,4,0.0,59.92,27.5632,0.45999999999999996,5,0
6851,US-2016-100461,706,38,1135,1336,2,57,1565.88,6,0.0,1565.88,407.1288,0.26,4,0
6852,US-2016-100461,706,59,1135,1336,2,57,106.05,7,0.0,106.05,49.8435,0.47000000000000003,4,0
6853,US-2017-162670,752,178,332,117,1,367,62.04,4,0.0,62.04,17.3712,0.28,5,0
6854,US-2017-162670,752,1406,332,117,1,367,494.97,3,0.0,494.97,148.491,0.3,5,0
6855,US-2017-162670,752,197,332,117,1,367,367.96,4,0.0,367.96,14.7184,0.04000000000000001,5,0
6856,US-2017-162670,752,1135,332,117,1,367,44.96,2,0.0,44.96,20.6816,0.45999999999999996,5,0
6857,US-2017-162670,752,1698,332,117,1,367,182.94,3,0.0,182.94,85.9818,0.47000000000000003,5,0
6858,CA-2017-128965,520,946,828,301,2,142,28.14,3,0.0,28.14,13.5072,0.48,5,0
6859,CA-2017-128965,520,933,828,301,2,142,7.38,2,0.0,7.38,3.4686,0.47,5,0
6860,CA-2017-128965,520,846,828,301,2,142,10.9,5,0.0,10.9,3.597,0.32999999999999996,5,0
6861,CA-2017-128965,520,607,828,301,2,142,274.89,11,0.0,274.89,46.7313,0.17,5,0
6862,CA-2017-128965,520,1187,828,301,2,142,23.04,8,0.0,23.04,11.2896,0.49000000000000005,5,0
6863,CA-2017-128965,520,1210,828,301,2,142,218.352,3,0.2,272.94,-19.1058,-0.0875,5,0
6864,CA-2017-138618,200,1441,97,167,2,66,10.368,2,0.2,12.959999999999999,3.6288,0.35,7,0
6865,US-2016-126452,555,742,1037,771,2,26,12.672,2,0.2,15.84,4.752,0.37499999999999994,7,0
6866,US-2016-126452,555,462,1037,771,2,26,91.96,5,0.2,114.94999999999999,-20.691,-0.225,7,0
6867,US-2016-126452,555,107,1037,771,2,26,254.97,3,0.0,254.97,91.7892,0.36,7,0
6868,US-2016-126452,555,1432,1037,771,2,26,31.984,2,0.2,39.98,-7.996,-0.25,7,0
6869,US-2016-126452,555,1383,1037,771,2,26,2887.056,9,0.2,3608.8199999999997,180.441,0.0625,7,0
6870,US-2016-126452,555,1466,1037,771,2,26,12.96,2,0.0,12.96,6.2208,0.4799999999999999,7,0
6871,US-2016-126452,555,1611,1037,771,2,26,47.52,9,0.0,47.52,21.384,0.44999999999999996,7,0
6872,CA-2016-145009,576,691,6,17,1,27,11.952,3,0.2,14.94,3.8844,0.325,3,0
6873,CA-2015-162544,66,1669,1136,547,3,60,4.98,1,0.0,4.98,2.3406,0.4699999999999999,3,0
6874,CA-2014-124394,15,829,1137,69,1,582,10.78,5,0.8,53.900000000000006,-17.248,-1.6,5,1
6875,CA-2014-124394,15,960,1137,69,1,582,119.976,3,0.2,149.97,-17.9964,-0.15000000000000002,5,0
6876,US-2016-121013,463,1352,65,546,2,338,25.06,2,0.0,25.06,11.7782,0.47000000000000003,5,0
6877,US-2016-121013,463,1259,65,546,2,338,1652.94,3,0.0,1652.94,314.0586,0.19,5,0
6878,US-2015-123918,1,860,53,53,4,163,131.376,6,0.6,328.44,-95.2476,-0.725,0,1
6879,US-2015-123918,1,1084,53,53,4,163,5.344,1,0.2,6.68,1.8704,0.35,0,0
6880,CA-2015-137113,70,446,495,902,1,60,2003.92,5,0.2,2504.9,125.245,0.0625,4,0
6881,CA-2015-137113,70,1331,495,902,1,60,32.4,5,0.0,32.4,15.552,0.48,4,0
6882,CA-2015-137113,70,215,495,902,1,60,1913.4,9,0.0,1913.4,401.814,0.21,4,0
6883,CA-2015-137113,70,1167,495,902,1,60,146.73,3,0.0,146.73,2.9346,0.02,4,0
6884,CA-2015-137113,70,394,495,902,1,60,114.2,5,0.0,114.2,52.532,0.45999999999999996,4,0
6885,CA-2015-120677,218,1477,71,594,2,40,2567.84,8,0.0,2567.84,770.352,0.3,4,0
6886,CA-2017-123036,457,104,19,698,2,158,37.056,4,0.2,46.31999999999999,8.8008,0.23750000000000004,7,0
6887,CA-2017-123036,457,1016,19,698,2,158,259.896,2,0.4,433.16,-56.3108,-0.21666666666666665,7,1
6888,CA-2017-120222,329,70,1017,744,2,4,19.05,3,0.0,19.05,8.763,0.45999999999999996,7,0
6889,CA-2017-120222,329,998,1017,744,2,4,73.344,3,0.2,91.67999999999999,27.504,0.37500000000000006,7,0
6890,CA-2017-164756,165,180,66,586,2,113,95.68,8,0.0,95.68,26.7904,0.27999999999999997,4,0
6891,CA-2017-164756,165,252,66,586,2,113,50.96,7,0.0,50.96,24.4608,0.48,4,0
6892,CA-2017-164756,165,109,66,586,2,113,113.94,3,0.0,113.94,34.182,0.30000000000000004,4,0
6893,CA-2017-164756,165,1466,66,586,2,113,25.92,4,0.0,25.92,12.4416,0.4799999999999999,4,0
6894,CA-2017-164756,165,1525,66,586,2,113,20.32,4,0.0,20.32,6.9088,0.34,4,0
6895,CA-2017-164756,165,54,66,586,2,113,411.98,2,0.0,411.98,119.4742,0.29,4,0
6896,CA-2017-164756,165,611,66,586,2,113,34.48,2,0.0,34.48,9.9992,0.29000000000000004,4,0
6897,CA-2017-164756,165,1690,66,586,2,113,244.55,5,0.0,244.55,114.9385,0.47,4,0
6898,CA-2017-122028,238,1225,239,327,2,347,10.782,3,0.7,35.94,-7.9068,-0.7333333333333333,7,1
6899,US-2015-165512,746,813,1138,990,1,18,602.651,7,0.3,860.93,-163.5767,-0.2714285714285714,2,1
6900,US-2015-165512,746,1207,1138,990,1,18,7.656,6,0.8,38.28000000000001,-13.0152,-1.7000000000000002,2,1
6901,CA-2015-140557,185,658,68,862,2,30,559.93,7,0.0,559.93,167.979,0.30000000000000004,4,0
6902,US-2017-135013,404,307,1139,1139,4,126,2399.96,5,0.2,2999.95,839.986,0.35,0,0
6903,CA-2017-111220,330,660,265,566,2,156,16.0,4,0.2,20.0,5.6,0.35,6,0
6904,CA-2017-111220,330,1804,265,566,2,156,5.588,2,0.8,27.940000000000005,-15.0876,-2.7,6,1
6905,CA-2017-111220,330,1756,265,566,2,156,235.92,5,0.2,294.9,-44.235,-0.1875,6,0
6906,US-2017-149006,273,684,1140,167,1,91,10.68,1,0.0,10.68,2.8836,0.27,2,0
6907,CA-2017-149468,154,341,969,969,4,191,41.28,2,0.0,41.28,19.8144,0.48,0,0
6908,CA-2016-140249,518,1719,721,340,2,6,1001.584,2,0.2,1251.9799999999998,125.198,0.125,6,0
6909,US-2017-135503,69,1257,390,935,2,389,14.76,2,0.0,14.76,4.2804,0.29000000000000004,5,0
6910,CA-2014-126277,24,758,104,1266,1,48,2.502,3,0.7,8.339999999999998,-2.0016,-0.8,5,1
6911,US-2017-115301,365,267,571,1325,2,6,115.96,2,0.0,115.96,25.5112,0.22,4,0
6912,CA-2017-168942,76,822,379,486,1,10,186.54,3,0.0,186.54,50.3658,0.27,4,0
6913,US-2017-128398,606,686,744,1025,1,14,159.56,4,0.0,159.56,59.0372,0.37,3,0
6914,CA-2015-104115,102,105,822,383,2,583,55.984,2,0.2,69.98,4.1988,0.075,4,0
6915,CA-2014-142510,414,547,1092,283,2,37,132.16,1,0.2,165.2,9.912,0.07500000000000001,7,0
6916,CA-2014-142510,414,529,1092,283,2,37,17.904,6,0.8,89.52000000000002,-31.332,-1.75,7,1
6917,CA-2014-142510,414,969,1092,283,2,37,124.032,4,0.2,155.04,44.9616,0.3625,7,0
6918,CA-2014-124247,742,1132,758,1060,2,380,1403.92,5,0.2,1754.9,70.196,0.049999999999999996,5,0
6919,CA-2016-105473,299,1512,948,725,1,61,28.8,3,0.0,28.8,0.864,0.03,2,0
6920,CA-2015-102806,429,801,1032,72,2,106,24.588,2,0.7,81.96,-18.0312,-0.7333333333333333,7,1
6921,CA-2017-121706,79,544,426,581,2,538,356.79,7,0.0,356.79,99.9012,0.27999999999999997,4,0
6922,CA-2017-109211,391,619,1096,319,2,165,16.98,1,0.0,16.98,8.49,0.5,6,0
6923,CA-2015-134257,385,509,200,532,1,342,491.55,5,0.0,491.55,240.8595,0.49,3,0
6924,CA-2015-134257,385,437,200,532,1,342,7.38,2,0.0,7.38,3.3948,0.46,3,0
6925,CA-2015-137925,539,939,673,785,2,46,23.66,7,0.0,23.66,10.8836,0.45999999999999996,4,0
6926,CA-2015-137925,539,1545,673,785,2,46,681.408,12,0.2,851.76,42.588,0.0625,4,0
6927,CA-2016-140046,731,1730,1063,1093,2,4,18.9,3,0.0,18.9,8.694,0.4600000000000001,6,0
6928,CA-2016-140382,77,1248,662,675,1,10,93.68,4,0.0,93.68,25.2936,0.27,2,0
6929,CA-2016-140382,77,574,662,675,1,10,21.93,3,0.0,21.93,10.3071,0.47000000000000003,2,0
6930,CA-2016-140382,77,349,662,675,1,10,862.344,7,0.2,1077.93,97.0137,0.11249999999999999,2,0
6931,CA-2016-140382,77,682,662,675,1,10,19.98,1,0.0,19.98,9.3906,0.47,2,0
6932,CA-2014-164182,462,1805,687,668,2,12,13.494,1,0.4,22.490000000000002,-2.249,-0.16666666666666669,4,1
6933,CA-2014-164182,462,1731,687,668,2,12,23.988,2,0.4,39.980000000000004,-13.993,-0.5833333333333334,4,1
6934,CA-2014-164182,462,1802,687,668,2,12,31.984,2,0.2,39.98,1.1994,0.0375,4,0
6935,CA-2014-164182,462,1063,687,668,2,12,41.584,2,0.2,51.980000000000004,4.6782,0.1125,4,0
6936,CA-2017-137365,163,98,330,735,1,295,95.976,3,0.2,119.97,-10.7973,-0.1125,3,0
6937,CA-2016-129847,639,1806,477,914,3,156,84.272,2,0.6,210.68,-75.8448,-0.9,2,1
6938,CA-2014-126963,520,1768,346,346,4,295,36.544,2,0.2,45.67999999999999,11.8768,0.325,0,0
6939,CA-2016-125094,414,1807,733,1200,2,60,479.72,4,0.0,479.72,52.7692,0.10999999999999999,4,0
6940,CA-2017-107132,610,670,336,161,2,30,102.368,2,0.2,127.96,37.1084,0.36250000000000004,4,0
6941,CA-2017-107132,610,676,336,161,2,30,28.4,5,0.0,28.4,8.236,0.29000000000000004,4,0
6942,CA-2017-107132,610,519,336,161,2,30,713.88,4,0.0,713.88,214.164,0.3,4,0
6943,CA-2017-107132,610,1275,336,161,2,30,68.52,3,0.0,68.52,31.5192,0.46,4,0
6944,CA-2015-139248,710,1808,396,118,2,4,623.96,5,0.2,779.95,38.9975,0.0625,5,0
6945,CA-2014-148369,765,995,866,128,2,286,11.12,4,0.0,11.12,5.4488,0.49000000000000005,4,0
6946,CA-2016-106243,412,1220,956,965,2,165,523.92,5,0.2,654.8999999999999,-26.196,-0.05000000000000001,4,0
6947,CA-2015-126466,271,311,530,51,2,53,2.48,2,0.0,2.48,1.1656,0.47,4,0
6948,CA-2015-130365,234,943,335,1079,2,174,221.024,2,0.2,276.28,-55.256,-0.25,4,0
6949,CA-2015-130365,234,1535,335,1079,2,174,128.058,3,0.3,182.94,-23.7822,-0.18571428571428572,4,1
6950,CA-2017-143021,400,1125,124,124,4,165,58.408,7,0.2,73.00999999999999,18.2525,0.3125,0,0
6951,CA-2017-143021,400,973,124,124,4,165,79.974,3,0.4,133.29000000000002,-29.3238,-0.36666666666666664,0,1
6952,CA-2015-161767,137,1809,313,28,2,163,479.988,2,0.4,799.98,55.9986,0.11666666666666667,4,1
6953,CA-2015-129917,32,1182,654,293,3,142,11.808,3,0.2,14.76,4.1328,0.35,1,0
6954,CA-2015-129917,32,1596,654,293,3,142,53.568,4,0.2,66.96,19.4184,0.3625,1,0
6955,CA-2015-129917,32,1371,654,293,3,142,503.96,5,0.2,629.9499999999999,50.396,0.1,1,0
6956,CA-2015-115420,323,762,335,943,2,26,21.34,2,0.0,21.34,9.8164,0.46,7,0
6957,CA-2016-157588,782,1345,217,1081,2,113,36.4,5,0.0,36.4,17.108,0.47000000000000003,5,0
6958,CA-2016-157588,782,29,217,1081,2,113,51.75,1,0.0,51.75,15.525,0.3,5,0
6959,CA-2015-167255,564,178,875,1311,1,95,15.51,1,0.0,15.51,4.3428,0.28,2,0
6960,CA-2015-167255,564,127,875,1311,1,95,146.82,3,0.0,146.82,73.41,0.5,2,0
6961,CA-2015-167255,564,491,875,1311,1,95,12.96,2,0.0,12.96,6.2208,0.4799999999999999,2,0
6962,CA-2017-162096,354,1027,469,469,4,216,7.8,3,0.0,7.8,2.106,0.26999999999999996,0,0
6963,CA-2016-157161,64,30,88,1181,1,38,10.2,5,0.0,10.2,4.794,0.47,4,0
6964,CA-2016-157161,64,1454,88,1181,1,38,22.32,3,0.0,22.32,5.58,0.25,4,0
6965,CA-2016-157161,64,545,88,1181,1,38,24.1,5,0.0,24.1,11.086,0.45999999999999996,4,0
6966,CA-2016-157161,64,1303,88,1181,1,38,75.98,2,0.0,75.98,18.2352,0.23999999999999996,4,0
6967,CA-2016-157161,64,508,88,1181,1,38,6.46,2,0.0,6.46,3.1654,0.49,4,0
6968,CA-2016-157161,64,1605,88,1181,1,38,60.12,9,0.0,60.12,28.8576,0.48000000000000004,4,0
6969,CA-2015-110765,173,904,1141,1183,1,165,824.97,3,0.0,824.97,214.4922,0.26,4,0
6970,CA-2016-163937,678,528,995,1284,1,563,24.85,5,0.0,24.85,7.7035,0.31,3,0
6971,CA-2017-153822,456,1556,21,146,2,52,12.624,2,0.2,15.78,-2.5248,-0.19999999999999998,6,0
6972,CA-2017-153822,456,202,21,146,2,52,89.584,2,0.2,111.98,4.4792,0.049999999999999996,6,0
6973,CA-2017-153822,456,1539,21,146,2,52,471.92,2,0.2,589.9,29.495,0.0625,6,0
6974,CA-2017-153822,456,59,21,146,2,52,18.18,4,0.7,60.59999999999999,-13.938,-0.7666666666666667,6,1
6975,CA-2017-146185,231,1572,176,21,2,15,31.744,2,0.2,39.68,8.3328,0.2625,4,0
6976,CA-2015-112144,389,1140,1142,741,2,28,5.904,2,0.2,7.38,1.9926,0.33749999999999997,4,0
6977,CA-2015-112144,389,623,1142,741,2,28,621.76,4,0.2,777.1999999999999,46.632,0.075,4,0
6978,US-2016-119298,213,994,882,86,3,238,59.98,2,0.0,59.98,17.994,0.3,3,0
6979,CA-2017-155159,112,363,921,1162,1,149,48.87,9,0.0,48.87,23.9463,0.49000000000000005,4,0
6980,CA-2017-149076,3,1694,425,618,2,2,154.9,5,0.0,154.9,69.705,0.44999999999999996,5,0
6981,CA-2014-146990,163,1085,846,1069,3,24,5.92,4,0.0,5.92,2.8416,0.48000000000000004,1,0
6982,CA-2014-146990,163,1604,846,1069,3,24,30.18,3,0.0,30.18,13.8828,0.45999999999999996,1,0
6983,CA-2016-116526,351,545,143,65,2,84,24.1,5,0.0,24.1,11.086,0.45999999999999996,4,0
6984,CA-2016-116526,351,403,143,65,2,84,8.78,1,0.0,8.78,2.2828,0.26,4,0
6985,CA-2016-116526,351,550,143,65,2,84,376.74,4,0.1,418.6,71.162,0.1888888888888889,4,0
6986,CA-2016-116526,351,778,143,65,2,84,29.52,4,0.0,29.52,14.4648,0.49,4,0
6987,CA-2016-116526,351,880,143,65,2,84,11.96,2,0.0,11.96,2.99,0.25,4,0
6988,CA-2016-116526,351,1086,143,65,2,84,26.4,5,0.0,26.4,12.672,0.48000000000000004,4,0
6989,CA-2017-158561,180,1365,344,674,1,3,1158.12,5,0.2,1447.6499999999999,130.2885,0.11250000000000002,5,0
6990,CA-2017-165099,590,1810,158,1097,3,584,1.392,2,0.8,6.960000000000001,-3.7584,-2.7,2,1
6991,CA-2015-109386,585,668,628,51,1,498,44.43,3,0.0,44.43,18.6606,0.42,5,0
6992,CA-2015-109386,585,1410,628,51,1,498,226.2,5,0.0,226.2,58.812,0.26,5,0
6993,CA-2015-109386,585,1293,628,51,1,498,186.54,3,0.0,186.54,41.0388,0.22000000000000003,5,0
6994,CA-2015-109386,585,109,628,51,1,498,265.86,7,0.0,265.86,79.758,0.3,5,0
6995,CA-2015-109386,585,312,628,51,1,498,27.9,5,0.0,27.9,6.975,0.25,5,0
6996,CA-2015-166800,637,1038,903,651,2,122,31.08,4,0.0,31.08,8.3916,0.27,7,0
6997,CA-2017-117443,81,154,332,54,1,229,13.84,4,0.8,69.20000000000002,-22.144,-1.5999999999999999,2,1
6998,CA-2017-117443,81,1083,332,54,1,229,175.872,4,0.2,219.84,63.7536,0.3625,2,0
6999,US-2016-134369,605,728,1143,898,2,288,12.96,2,0.0,12.96,6.3504,0.48999999999999994,6,0
7000,CA-2017-123687,170,1711,1144,149,3,176,208.44,3,0.0,208.44,62.532,0.3,3,0
7001,CA-2017-123687,170,506,1144,149,3,176,25.76,2,0.0,25.76,0.7728,0.03,3,0
7002,CA-2015-104871,661,1586,1111,1406,2,585,366.744,4,0.3,523.9200000000001,-110.0232,-0.3,4,1
7003,CA-2014-133158,695,480,711,1343,1,63,289.24,7,0.0,289.24,26.0316,0.09,2,0
7004,CA-2014-133158,695,1312,711,1343,1,63,69.456,2,0.2,86.82,22.5732,0.325,2,0
7005,CA-2014-126333,546,1397,852,130,2,484,5.184,1,0.2,6.4799999999999995,1.8144,0.35,5,0
7006,CA-2015-141740,224,1757,550,600,2,30,205.164,2,0.1,227.95999999999998,13.6776,0.06666666666666667,4,0
7007,CA-2014-119466,134,1446,535,1060,2,37,8.544,2,0.6,21.36,-7.476,-0.875,6,1
7008,CA-2015-154823,472,411,292,768,2,158,12.828,2,0.7,42.75999999999999,-8.9796,-0.7,4,1
7009,CA-2015-154823,472,464,292,768,2,158,598.458,3,0.3,854.94,-42.747,-0.07142857142857144,4,1
7010,CA-2015-154823,472,1526,292,768,2,158,25.984,1,0.2,32.48,-3.8976,-0.15,4,0
7011,US-2014-135881,219,1367,236,280,2,46,17.96,5,0.2,22.45,5.837,0.32499999999999996,4,0
7012,US-2014-135881,219,1577,236,280,2,46,5.04,2,0.0,5.04,0.1512,0.03,4,0
7013,US-2014-135881,219,78,236,280,2,46,208.16,1,0.0,208.16,56.2032,0.27,4,0
7014,CA-2017-141201,627,673,35,158,1,206,148.257,3,0.15,174.42000000000002,15.6978,0.10588235294117647,2,0
7015,CA-2014-114790,525,415,519,1418,1,127,146.76,3,0.0,146.76,38.1576,0.26,2,0
7016,CA-2014-114790,525,679,519,1418,1,127,32.96,2,0.0,32.96,14.1728,0.43,2,0
7017,CA-2014-114790,525,470,519,1418,1,127,587.97,3,0.0,587.97,164.6316,0.27999999999999997,2,0
7018,CA-2014-114790,525,1464,519,1418,1,127,14.94,3,0.0,14.94,7.0218,0.47000000000000003,2,0
7019,US-2016-154256,326,1648,662,813,1,46,25.83,7,0.0,25.83,12.1401,0.47000000000000003,4,0
7020,CA-2014-124737,276,1811,710,10,2,77,15.552,3,0.2,19.439999999999998,5.4432,0.35000000000000003,4,0
7021,CA-2014-124737,276,1769,710,10,2,77,6.8,1,0.2,8.5,0.51,0.075,4,0
7022,CA-2014-124737,276,248,710,10,2,77,4.224,3,0.2,5.28,1.2672,0.3,4,0
7023,CA-2014-124737,276,425,710,10,2,77,143.64,9,0.2,179.54999999999998,10.773,0.07500000000000001,4,0
7024,CA-2014-124737,276,713,710,10,2,77,31.104,6,0.2,38.879999999999995,10.8864,0.35000000000000003,4,0
7025,CA-2014-124737,276,1031,710,10,2,77,223.056,9,0.2,278.82,69.705,0.3125,4,0
7026,US-2017-101840,260,530,696,1419,2,24,227.46,6,0.0,227.46,65.9634,0.29,6,0
7027,US-2017-101840,260,1785,696,1419,2,24,46.24,4,0.2,57.8,15.606,0.33749999999999997,6,0
7028,CA-2017-131653,362,710,927,1120,2,165,5.22,2,0.0,5.22,2.4012,0.45999999999999996,7,0
7029,US-2016-157840,431,988,888,444,1,11,33.9,5,0.0,33.9,15.594,0.46,3,0
7030,CA-2016-145548,495,1191,584,77,2,165,28.14,3,0.0,28.14,7.8792,0.27999999999999997,5,0
7031,CA-2016-145548,495,1543,584,77,2,165,36.0,2,0.0,36.0,6.48,0.18000000000000002,5,0
7032,CA-2016-145548,495,291,584,77,2,165,92.94,3,0.0,92.94,25.0938,0.27,5,0
7033,CA-2016-145548,495,1210,584,77,2,165,245.646,3,0.1,272.94,8.1882,0.03333333333333333,5,0
7034,CA-2016-145548,495,711,584,77,2,165,55.008,3,0.2,68.76,17.19,0.3125,5,0
7035,CA-2016-145548,495,909,584,77,2,165,35.232,3,0.2,44.04,11.4504,0.325,5,0
7036,CA-2017-119494,532,636,46,39,2,189,523.392,3,0.2,654.24,52.3392,0.09999999999999999,4,0
7037,CA-2014-124618,751,852,1074,418,1,153,479.984,2,0.2,599.9799999999999,89.997,0.1875,2,0
7038,CA-2017-161970,288,1331,586,1292,2,270,12.96,2,0.0,12.96,6.2208,0.4799999999999999,5,0
7039,CA-2017-161970,288,1812,586,1292,2,270,17.94,3,0.0,17.94,6.4584,0.36,5,0
7040,CA-2017-103443,248,226,95,332,2,30,166.72,2,0.0,166.72,41.68,0.25,6,0
7041,CA-2017-103443,248,1340,95,332,2,30,24.816,3,0.2,31.019999999999996,8.3754,0.3375,6,0
7042,CA-2017-103443,248,1293,95,332,2,30,124.36,2,0.0,124.36,27.3592,0.22,6,0
7043,US-2017-165358,278,1688,931,284,2,64,599.97,5,0.4,999.95,69.9965,0.11666666666666665,5,1
7044,US-2017-165358,278,475,931,284,2,64,198.744,4,0.3,283.92,-14.196,-0.07142857142857142,5,1
7045,US-2017-165358,278,1323,931,284,2,64,9.184,2,0.2,11.479999999999999,1.148,0.125,5,0
7046,CA-2016-160136,602,1216,55,1200,2,163,9.248,2,0.2,11.559999999999999,3.3524,0.3625,6,0
7047,CA-2014-150581,135,210,919,792,2,138,99.592,1,0.2,124.49,2.4898,0.024999999999999998,4,0
7048,CA-2014-150581,135,296,919,792,2,138,399.96,4,0.0,399.96,139.986,0.35,4,0
7049,CA-2016-119515,310,1554,1042,766,3,396,15.552,3,0.2,19.439999999999998,5.4432,0.35000000000000003,2,0
7050,CA-2014-141355,594,1584,795,588,2,43,14.576,2,0.2,18.22,2.3686,0.16249999999999998,5,0
7051,CA-2016-165330,577,271,26,26,4,159,209.6,5,0.2,262.0,68.12,0.325,0,0
7052,CA-2016-165330,577,1760,26,26,4,159,23.32,2,0.0,23.32,6.0632,0.26,0,0
7053,CA-2016-165330,577,1175,26,26,4,159,30.98,1,0.0,30.98,13.941,0.45,0,0
7054,CA-2016-165330,577,633,26,26,4,159,119.96,4,0.0,119.96,25.1916,0.21000000000000002,0,0
7055,CA-2016-165330,577,1210,26,26,4,159,363.92,5,0.2,454.9,-31.843,-0.0875,0,0
7056,CA-2016-165330,577,529,26,26,4,159,35.808,3,0.2,44.76,11.19,0.3125,0,0
7057,CA-2016-165330,577,823,26,26,4,159,122.688,9,0.2,153.35999999999999,39.8736,0.325,0,0
7058,CA-2016-165330,577,899,26,26,4,159,892.136,7,0.2,1115.1699999999998,111.517,0.125,0,0
7059,CA-2016-165330,577,1765,26,26,4,159,50.22,3,0.0,50.22,2.0088,0.04,0,0
7060,CA-2016-165330,577,587,26,26,4,159,83.42,2,0.0,83.42,24.1918,0.29,0,0
7061,CA-2016-165330,577,1813,26,26,4,159,5.872,2,0.2,7.34,2.1286,0.3625,0,0
7062,CA-2015-132633,176,882,303,1242,1,269,12.144,3,0.2,15.18,4.0986,0.3375,2,0
7063,CA-2016-157742,108,1759,724,414,1,331,27.792,3,0.2,34.74,10.422,0.375,2,0
7064,CA-2017-127712,451,1563,516,529,2,161,6.208,2,0.2,7.76,0.6984,0.1125,5,0
7065,CA-2017-169474,283,931,1145,840,2,145,32.67,3,0.0,32.67,8.4942,0.25999999999999995,5,0
7066,CA-2014-106726,277,735,777,590,3,142,1261.33,7,0.0,1261.33,327.9458,0.26,2,0
7067,CA-2016-147473,645,1435,199,1235,2,14,38.88,6,0.0,38.88,18.6624,0.48000000000000004,4,0
7068,CA-2016-114209,156,186,207,440,2,177,1.964,2,0.8,9.820000000000002,-3.2406,-1.6500000000000001,5,1
7069,CA-2016-114209,156,694,207,440,2,177,82.656,9,0.2,103.32000000000001,30.996,0.37499999999999994,5,0
7070,CA-2014-141901,422,458,129,1302,2,254,5.98,1,0.0,5.98,2.691,0.44999999999999996,5,0
7071,CA-2016-164490,712,610,65,546,1,156,9.248,2,0.2,11.559999999999999,3.3524,0.3625,5,0
7072,CA-2016-112256,238,1478,311,1063,2,479,4.448,2,0.2,5.5600000000000005,0.3336,0.075,5,0
7073,CA-2016-112256,238,1115,311,1063,2,479,5.184,1,0.2,6.4799999999999995,1.8144,0.35,5,0
7074,CA-2016-112256,238,400,311,1063,2,479,175.92,5,0.2,219.89999999999998,15.393,0.08750000000000001,5,0
7075,CA-2016-112256,238,991,311,1063,2,479,4.752,4,0.8,23.760000000000005,-8.316,-1.7500000000000002,5,1
7076,CA-2016-112256,238,1060,311,1063,2,479,13.344,2,0.2,16.68,1.0008,0.075,5,0
7077,CA-2016-167416,759,599,537,625,2,60,54.9,5,0.0,54.9,26.901,0.49,5,0
7078,CA-2016-106950,556,635,477,48,2,44,22.911,7,0.7,76.36999999999999,-17.5651,-0.7666666666666667,4,1
7079,CA-2016-106950,556,1429,477,48,2,44,309.456,9,0.2,386.82,34.8138,0.11249999999999999,4,0
7080,CA-2016-106950,556,488,477,48,2,44,19.456,4,0.2,24.319999999999997,3.4048,0.175,4,0
7081,CA-2016-106950,556,115,477,48,2,44,472.518,3,0.4,787.53,-149.6307,-0.31666666666666665,4,1
7082,CA-2016-106950,556,696,477,48,2,44,1012.68,3,0.2,1265.85,303.804,0.3,4,0
7083,CA-2016-106950,556,1427,477,48,2,44,17.22,5,0.7,57.399999999999984,-12.628,-0.7333333333333334,4,1
7084,CA-2017-118724,256,1274,247,801,1,138,3.52,2,0.0,3.52,1.6896,0.48,4,0
7085,CA-2017-118724,256,945,247,801,1,138,1626.192,9,0.2,2032.74,121.9644,0.075,4,0
7086,CA-2017-112004,341,1548,146,395,3,182,8.595,5,0.7,28.65,-6.303,-0.7333333333333333,3,1
7087,CA-2017-112004,341,1421,146,395,3,182,190.896,2,0.2,238.61999999999998,-42.9516,-0.225,3,0
7088,US-2017-143175,655,1292,647,635,1,26,99.87,3,0.0,99.87,23.9688,0.24000000000000002,3,0
7089,CA-2015-105844,227,1042,970,1380,1,385,79.36,4,0.0,79.36,23.808,0.3,2,0
7090,CA-2017-118864,121,1188,141,250,1,4,119.96,1,0.2,149.95,7.4975,0.0625,4,0
7091,CA-2015-119480,531,259,1146,1005,2,1,106.32,3,0.0,106.32,49.9704,0.47000000000000003,4,0
7092,CA-2015-119480,531,1310,1146,1005,2,1,163.44,3,0.0,163.44,45.7632,0.27999999999999997,4,0
7093,CA-2015-119480,531,1395,1146,1005,2,1,42.76,2,0.0,42.76,11.1176,0.26,4,0
7094,CA-2015-119480,531,1541,1146,1005,2,1,51.55,5,0.0,51.55,24.2285,0.47000000000000003,4,0
7095,US-2015-153374,536,296,98,1251,1,68,479.952,6,0.2,599.9399999999999,89.991,0.1875,4,0
7096,CA-2016-101980,262,998,1147,624,3,30,146.688,6,0.2,183.35999999999999,55.008,0.37500000000000006,1,0
7097,CA-2016-101980,262,1592,1147,624,3,30,276.784,2,0.2,345.97999999999996,89.9548,0.325,1,0
7098,CA-2016-101980,262,859,1147,624,3,30,25.32,5,0.2,31.65,9.1785,0.3625,1,0
7099,CA-2017-144596,264,1734,45,469,2,165,318.96,9,0.0,318.96,149.9112,0.47000000000000003,4,0
7100,CA-2015-124933,651,1734,208,1082,1,30,212.64,6,0.0,212.64,99.9408,0.47000000000000003,4,0
7101,CA-2014-159625,326,1171,534,684,2,58,23.472,3,0.2,29.34,8.802,0.37499999999999994,5,0
7102,CA-2016-144337,738,34,1148,1222,1,140,19.648,2,0.2,24.56,6.6312,0.33749999999999997,4,0
7103,CA-2014-117478,406,348,159,147,3,12,6.57,3,0.7,21.9,-5.037,-0.7666666666666666,3,1
7104,CA-2017-147410,413,1673,508,566,2,201,421.1,2,0.0,421.1,105.275,0.25,4,0
7105,CA-2017-128944,543,324,250,549,1,56,760.116,6,0.3,1085.88,-43.4352,-0.05714285714285715,2,1
7106,CA-2017-128944,543,1373,250,549,1,56,38.784,3,0.2,48.48,7.272,0.1875,2,0
7107,CA-2017-128944,543,1618,250,549,1,56,122.328,9,0.2,152.91,1.5291,0.012499999999999999,2,0
7108,CA-2016-109666,28,715,476,994,2,46,25.98,2,0.0,25.98,0.7794,0.03,7,0
7109,CA-2016-109666,28,1200,476,994,2,46,3.28,2,0.0,3.28,1.476,0.45,7,0
7110,CA-2016-109666,28,157,476,994,2,46,459.88,4,0.0,459.88,13.7964,0.030000000000000002,7,0
7111,CA-2016-109666,28,1563,476,994,2,46,7.76,2,0.0,7.76,2.2504,0.29,7,0
7112,CA-2016-109666,28,916,476,994,2,46,71.96,2,0.0,71.96,17.99,0.25,7,0
7113,CA-2016-109666,28,134,476,994,2,46,54.9,5,0.0,54.9,15.372,0.28,7,0
7114,CA-2016-109666,28,1459,476,994,2,46,9.28,2,0.2,11.599999999999998,3.248,0.35000000000000003,7,0
7115,US-2016-102239,353,1661,466,716,3,321,1685.88,6,0.0,1685.88,320.3172,0.19,1,0
7116,US-2016-102239,353,176,466,716,3,321,5.728,2,0.2,7.159999999999999,2.0048,0.35,1,0
7117,CA-2014-143168,491,1091,639,1414,1,6,61.96,2,0.0,61.96,27.882,0.45,5,0
7118,CA-2014-143168,491,1339,639,1414,1,6,1.344,1,0.2,1.68,0.4704,0.35,5,0
7119,CA-2017-104906,688,1332,779,923,2,30,17.94,3,0.0,17.94,8.7906,0.48999999999999994,4,0
7120,CA-2017-118122,56,531,702,222,2,6,13.904,2,0.2,17.38,4.5188,0.32499999999999996,7,0
7121,US-2014-147774,153,1189,408,756,2,298,67.194,1,0.7,223.98,-51.5154,-0.7666666666666666,6,1
7122,CA-2017-166926,3,1775,97,167,2,60,41.86,7,0.0,41.86,18.837,0.45,7,0
7123,CA-2017-166926,3,1532,97,167,2,60,141.96,2,0.0,141.96,41.1684,0.29,7,0
7124,CA-2015-128013,752,1534,102,749,2,46,10.02,3,0.0,10.02,4.4088,0.44000000000000006,7,0
7125,CA-2015-128013,752,1416,102,749,2,46,144.12,3,0.0,144.12,69.1776,0.48,7,0
7126,CA-2016-123176,507,1297,721,322,1,149,17.94,3,0.0,17.94,8.7906,0.48999999999999994,2,0
7127,CA-2016-123176,507,183,721,322,1,149,13.89,3,0.0,13.89,4.5837,0.33,2,0
7128,US-2016-117541,595,1129,697,74,2,286,16.45,5,0.0,16.45,7.567,0.46,6,0
7129,US-2016-117541,595,1468,697,74,2,286,19.92,4,0.0,19.92,6.5736,0.32999999999999996,6,0
7130,CA-2016-166282,8,917,948,184,2,396,35.168,4,0.2,43.959999999999994,8.3524,0.2375,6,0
7131,CA-2016-166282,8,1666,948,184,2,396,123.088,7,0.2,153.85999999999999,40.0036,0.325,6,0
7132,CA-2017-141439,500,978,201,97,2,239,257.94,3,0.0,257.94,67.0644,0.26,5,0
7133,CA-2017-141439,500,1148,201,97,2,239,1879.96,4,0.0,1879.96,545.1884,0.29,5,0
7134,CA-2017-141439,500,1002,201,97,2,239,27.46,2,0.0,27.46,9.8856,0.36,5,0
7135,CA-2017-141439,500,818,201,97,2,239,89.98,2,0.0,89.98,43.1904,0.4799999999999999,5,0
7136,CA-2017-141439,500,158,201,97,2,239,828.6,3,0.0,828.6,240.294,0.29,5,0
7137,CA-2015-163965,287,545,313,155,2,124,7.23,5,0.7,24.099999999999998,-5.784,-0.7999999999999999,7,1
7138,CA-2015-163965,287,377,313,155,2,124,17.44,2,0.2,21.8,1.308,0.075,7,0
7139,CA-2015-163965,287,271,313,155,2,124,62.88,4,0.7,209.59999999999997,-50.304,-0.8,7,1
7140,CA-2015-163965,287,431,313,155,2,124,290.352,3,0.2,362.93999999999994,-36.294,-0.125,7,0
7141,CA-2017-128783,229,722,211,211,4,586,113.52,4,0.0,113.52,46.5432,0.41000000000000003,0,0
7142,CA-2017-128783,229,1252,211,211,4,586,135.3,5,0.0,135.3,37.884,0.27999999999999997,0,0
7143,CA-2014-122217,7,1381,157,504,2,221,111.15,5,0.0,111.15,48.906,0.43999999999999995,5,0
7144,US-2017-141558,763,1368,826,634,2,12,776.85,5,0.4,1294.75,-181.265,-0.2333333333333333,5,1
7145,US-2017-141558,763,103,826,634,2,12,12.294,1,0.7,40.98,-8.6058,-0.7,5,1
7146,US-2017-141558,763,839,826,634,2,12,154.764,3,0.4,257.94000000000005,-46.4292,-0.3,5,1
7147,US-2017-141558,763,1790,826,634,2,12,43.28,1,0.2,54.1,3.246,0.075,5,0
7148,CA-2016-139941,559,1175,2,27,2,256,92.94,3,0.0,92.94,41.823,0.45,5,0
7149,CA-2016-139941,559,1298,2,27,2,256,52.56,3,0.0,52.56,18.396,0.35,5,0
7150,CA-2015-166583,105,1247,154,1274,2,33,971.88,3,0.2,1214.85,109.3365,0.1125,4,0
7151,CA-2017-100412,677,475,67,378,2,520,141.96,2,0.0,141.96,35.49,0.25,4,0
7152,CA-2017-142909,744,963,67,54,1,155,182.55,2,0.5,365.1,-135.087,-0.7399999999999999,3,1
7153,CA-2014-137911,163,418,1149,772,2,223,88.768,2,0.2,110.96,31.0688,0.35,6,0
7154,CA-2015-106208,494,984,896,84,2,27,53.088,7,0.8,265.44000000000005,-108.8304,-2.05,5,1
7155,US-2015-136749,24,1763,708,18,1,113,275.88,6,0.0,275.88,46.8996,0.17,2,0
7156,US-2015-136749,24,352,708,18,1,113,157.9,5,0.0,157.9,74.213,0.4699999999999999,2,0
7157,CA-2017-126718,410,747,569,465,2,417,4.91,1,0.0,4.91,2.4059,0.49,5,0
7158,CA-2016-131380,418,211,464,1045,1,4,87.92,4,0.0,87.92,0.8792,0.01,3,0
7159,CA-2016-131380,418,1814,464,1045,1,4,5.98,1,0.0,5.98,2.9302,0.49,3,0
7160,CA-2015-145835,409,873,1150,1211,1,37,222.384,2,0.2,277.97999999999996,16.6788,0.075,5,0
7161,CA-2015-145835,409,660,1150,1211,1,37,16.0,4,0.2,20.0,5.6,0.35,5,0
7162,CA-2014-138709,475,340,1130,869,2,196,21.84,3,0.0,21.84,10.92,0.5,5,0
7163,CA-2014-138709,475,745,1130,869,2,196,15.6,5,0.0,15.6,7.644,0.49000000000000005,5,0
7164,CA-2014-122070,693,1504,1151,1301,1,25,247.84,8,0.0,247.84,121.4416,0.49,2,0
7165,CA-2014-122070,693,926,1151,1301,1,25,9.912,3,0.2,12.39,3.3453,0.33749999999999997,2,0
7166,CA-2016-158610,243,55,252,898,3,260,69.52,2,0.0,69.52,17.38,0.25,3,0
7167,CA-2014-117464,269,650,193,1363,1,35,11.52,4,0.0,11.52,3.2256,0.28,2,0
7168,CA-2014-117464,269,1181,193,1363,1,35,717.72,3,0.2,897.15,71.772,0.1,2,0
7169,CA-2014-117464,269,393,193,1363,1,35,236.5,10,0.0,236.5,68.585,0.29,2,0
7170,CA-2014-117464,269,1170,193,1363,1,35,170.352,3,0.2,212.94,19.1646,0.1125,2,0
7171,US-2017-168613,307,395,1049,337,2,30,145.764,2,0.1,161.96,3.2392,0.02222222222222222,6,0
7172,CA-2017-125381,612,358,1017,843,1,10,107.97,3,0.0,107.97,22.6737,0.21,2,0
7173,US-2017-141677,97,358,607,984,2,33,143.96,5,0.2,179.95,1.7995,0.0125,4,0
7174,US-2017-141677,97,350,607,984,2,33,2399.96,5,0.2,2999.95,569.9905,0.2375,4,0
7175,US-2017-141677,97,1324,607,984,2,33,74.352,3,0.2,92.94,23.235,0.3125,4,0
7176,US-2017-141677,97,1310,607,984,2,33,87.168,8,0.8,435.84000000000015,-226.6368,-2.5999999999999996,4,1
7177,US-2017-141677,97,1032,607,984,2,33,32.232,3,0.2,40.29,2.4174,0.07500000000000001,4,0
7178,CA-2017-133067,502,1813,465,1412,2,12,2.202,2,0.7,7.339999999999999,-1.5414,-0.7000000000000001,6,1
7179,CA-2017-133067,502,865,465,1412,2,12,9.396,3,0.7,31.319999999999997,-7.5168,-0.7999999999999999,6,1
7180,US-2016-144351,54,1508,697,742,2,309,89.97,3,0.0,89.97,25.1916,0.28,4,0
7181,CA-2014-106054,706,320,1038,1168,3,507,12.78,3,0.0,12.78,5.2398,0.41000000000000003,1,0
7182,CA-2016-138667,597,1073,798,946,1,404,40.0,2,0.2,50.0,0.5,0.0125,3,0
7183,CA-2017-150609,126,700,505,465,2,4,23.24,5,0.2,29.049999999999997,7.553,0.325,4,0
7184,CA-2017-128853,50,39,82,757,3,309,908.82,9,0.0,908.82,227.205,0.25,2,0
7185,CA-2017-133102,526,1568,630,1044,2,15,5.552,2,0.2,6.9399999999999995,-1.041,-0.1875,7,0
7186,CA-2017-133102,526,1413,630,1044,2,15,8.016,3,0.2,10.02,1.002,0.125,7,0
7187,CA-2017-133102,526,1392,630,1044,2,15,74.592,4,0.3,106.56,-2.1312,-0.028571428571428574,7,1
7188,CA-2017-133102,526,1479,630,1044,2,15,16.784,2,0.6,41.959999999999994,-22.2388,-1.3250000000000002,7,1
7189,CA-2017-133102,526,536,630,1044,2,15,38.864,4,0.8,194.32000000000002,-99.1032,-2.5500000000000003,7,1
7190,CA-2016-164399,109,1496,397,626,3,143,203.976,3,0.2,254.97,25.497,0.125,3,0
7191,CA-2016-164399,109,1661,397,626,3,143,674.352,3,0.2,842.9399999999999,-8.4294,-0.012499999999999999,3,0
7192,CA-2016-116918,524,308,394,1100,1,187,5.388,4,0.7,17.959999999999997,-4.49,-0.8333333333333334,5,1
7193,CA-2016-116918,524,1160,394,1100,1,187,30.976,8,0.2,38.72,5.0336,0.1625,5,0
7194,CA-2016-110492,366,907,1152,1174,3,149,1350.12,6,0.0,1350.12,175.5156,0.13,2,0
7195,CA-2016-110492,366,123,1152,1174,3,149,15.92,4,0.0,15.92,7.4824,0.47000000000000003,2,0
7196,CA-2016-147683,179,29,374,1020,2,6,19.54,2,0.0,19.54,7.2298,0.37,4,0
7197,CA-2014-116785,763,1047,760,1014,2,2,21.4,5,0.0,21.4,6.206,0.29000000000000004,4,0
7198,CA-2014-116785,763,1730,760,1014,2,2,12.6,2,0.0,12.6,5.796,0.46,4,0
7199,US-2015-156797,179,251,1068,763,2,46,11.96,2,0.0,11.96,3.1096,0.25999999999999995,4,0
7200,US-2015-156797,179,303,1068,763,2,46,138.0,2,0.0,138.0,34.5,0.25,4,0
7201,CA-2016-104276,521,1286,582,276,2,3,116.76,1,0.2,145.95,14.595,0.125,6,0
7202,CA-2016-104276,521,978,582,276,2,3,331.023,7,0.45,601.86,-114.3534,-0.3454545454545454,6,1
7203,CA-2016-120369,147,1815,100,100,4,145,756.8,5,0.0,756.8,75.68,0.10000000000000002,0,0
7204,CA-2014-118276,451,1678,283,99,2,587,8.736,3,0.6,21.84,-4.8048,-0.5499999999999999,4,1
7205,CA-2015-136658,492,1280,230,15,2,24,6.08,2,0.0,6.08,2.0672,0.34,7,0
7206,CA-2017-137414,442,699,281,834,2,10,17.46,2,0.0,17.46,5.9364,0.33999999999999997,4,0
7207,CA-2017-137414,442,1795,281,834,2,10,369.16,11,0.2,461.45,32.3015,0.08749999999999998,4,0
7208,CA-2016-143476,19,854,109,1161,3,52,2.912,2,0.2,3.6399999999999997,0.91,0.3125,2,0
7209,CA-2016-143476,19,1811,109,1161,3,52,20.736,4,0.2,25.919999999999998,7.2576,0.35,2,0
7210,CA-2016-143476,19,458,109,1161,3,52,9.568,2,0.2,11.959999999999999,2.99,0.31250000000000006,2,0
7211,US-2016-119046,554,1604,800,113,2,61,30.18,3,0.0,30.18,13.8828,0.45999999999999996,4,0
7212,US-2016-119046,554,62,800,113,2,61,51.648,12,0.2,64.56,18.7224,0.3625,4,0
7213,US-2016-119046,554,606,800,113,2,61,11.232,3,0.2,14.04,3.9312,0.35000000000000003,4,0
7214,CA-2017-154949,508,1124,454,16,2,588,14.73,3,0.0,14.73,7.2177,0.49,4,0
7215,CA-2015-103072,305,1211,875,1239,1,186,16.4,5,0.0,16.4,4.756,0.29000000000000004,3,0
7216,CA-2015-103072,305,861,875,1239,1,186,25.92,4,0.0,25.92,12.4416,0.4799999999999999,3,0
7217,CA-2015-150770,49,455,911,1413,3,10,8.82,3,0.0,8.82,2.5578,0.29,3,0
7218,CA-2015-150770,49,921,911,1413,3,10,62.496,2,0.2,78.12,21.8736,0.35,3,0
7219,CA-2015-150770,49,107,911,1413,3,10,339.96,4,0.0,339.96,122.3856,0.36,3,0
7220,CA-2015-150770,49,583,911,1413,3,10,49.568,2,0.2,61.959999999999994,17.3488,0.35000000000000003,3,0
7221,CA-2017-154760,444,570,1153,1124,2,12,274.491,3,0.7,914.9699999999998,-228.7425,-0.8333333333333334,4,1
7222,US-2017-104437,593,1677,679,1299,2,46,137.94,3,0.0,137.94,35.8644,0.26,4,0
7223,CA-2017-113075,499,659,265,1280,2,37,40.68,3,0.2,50.849999999999994,-7.119,-0.175,4,0
7224,CA-2016-109953,182,41,217,428,2,35,110.376,3,0.2,137.97,12.4173,0.11249999999999999,4,0
7225,CA-2016-109953,182,1657,217,428,2,35,151.62,7,0.0,151.62,50.0346,0.32999999999999996,4,0
7226,CA-2016-109953,182,443,217,428,2,35,30.8,4,0.0,30.8,10.164,0.32999999999999996,4,0
7227,CA-2017-127397,21,1031,643,1230,2,64,123.92,5,0.2,154.9,38.725,0.3125,4,0
7228,CA-2017-127397,21,765,643,1230,2,64,1319.8,5,0.2,1649.7499999999998,214.4675,0.1625,4,0
7229,CA-2014-157546,743,441,837,193,3,35,89.712,6,0.2,112.14,30.2778,0.33749999999999997,2,0
7230,CA-2014-157546,743,230,837,193,3,35,22.83,3,0.0,22.83,10.7301,0.47000000000000003,2,0
7231,CA-2017-153843,619,1088,678,1396,3,70,30.88,2,0.0,30.88,15.44,0.5,2,0
7232,CA-2017-153843,619,1779,678,1396,3,70,465.16,2,0.0,465.16,120.9416,0.25999999999999995,2,0
7233,CA-2017-153843,619,988,678,1396,3,70,27.12,4,0.0,27.12,12.4752,0.45999999999999996,2,0
7234,CA-2016-137337,674,379,388,300,2,165,113.6,8,0.0,113.6,44.304,0.39,4,0
7235,CA-2016-137337,674,549,388,300,2,165,12.96,2,0.0,12.96,6.3504,0.48999999999999994,4,0
7236,CA-2016-137337,674,1312,388,300,2,165,69.456,2,0.2,86.82,22.5732,0.325,4,0
7237,CA-2014-138737,225,650,1036,326,3,14,8.64,3,0.0,8.64,2.4192,0.27999999999999997,3,0
7238,CA-2016-164924,106,1816,213,213,4,106,341.991,3,0.7,1139.9699999999998,-319.1916,-0.9333333333333333,0,1
7239,CA-2016-101651,254,1449,436,946,2,59,43.96,7,0.0,43.96,18.4632,0.42,6,0
7240,CA-2016-101651,254,153,436,946,2,59,39.76,7,0.0,39.76,18.6872,0.47000000000000003,6,0
7241,CA-2017-136651,283,1463,757,1017,1,55,66.36,7,0.0,66.36,26.544,0.4,2,0
7242,CA-2017-136651,283,613,757,1017,1,55,92.88,6,0.2,116.1,30.186,0.325,2,0
7243,CA-2017-136651,283,442,757,1017,1,55,24.14,2,0.0,24.14,7.9662,0.32999999999999996,2,0
7244,CA-2017-118892,600,484,630,1030,1,64,4416.174,9,0.3,6308.820000000001,-630.882,-0.14285714285714285,5,1
7245,US-2017-151127,211,1659,1054,1127,3,14,49.56,7,0.0,49.56,18.8328,0.37999999999999995,3,0
7246,CA-2017-145807,642,1044,840,779,2,4,354.9,5,0.0,354.9,17.745,0.05,4,0
7247,US-2014-127978,330,1730,224,1289,2,48,15.12,3,0.2,18.9,4.914,0.325,5,0
7248,US-2014-127978,330,367,224,1289,2,48,302.45,5,0.5,604.9,-199.617,-0.66,5,1
7249,US-2014-127978,330,701,224,1289,2,48,44.672,8,0.2,55.839999999999996,-10.0512,-0.225,5,0
7250,CA-2015-158491,670,1581,594,989,1,142,119.98,2,0.0,119.98,35.994,0.3,5,0
7251,CA-2015-158491,670,1739,594,989,1,142,989.97,3,0.0,989.97,395.988,0.39999999999999997,5,0
7252,CA-2016-116764,606,1817,279,477,2,476,9.216,4,0.2,11.519999999999998,3.3408,0.36250000000000004,6,0
7253,CA-2016-152457,282,1275,127,32,2,528,68.52,3,0.0,68.52,31.5192,0.46,6,0
7254,CA-2016-152730,671,167,199,31,2,471,364.74,3,0.0,364.74,109.422,0.3,5,0
7255,CA-2016-152730,671,1184,199,31,2,471,47.4,5,0.0,47.4,21.33,0.44999999999999996,5,0
7256,CA-2016-152730,671,254,199,31,2,471,49.76,4,0.0,49.76,13.9328,0.28,5,0
7257,CA-2016-152730,671,325,199,31,2,471,5.56,2,0.0,5.56,1.4456,0.26,5,0
7258,CA-2016-152730,671,922,199,31,2,471,629.1,6,0.0,629.1,301.968,0.48000000000000004,5,0
7259,CA-2016-152730,671,135,199,31,2,471,14.7,5,0.0,14.7,3.969,0.27,5,0
7260,CA-2016-152730,671,975,199,31,2,471,45.36,7,0.0,45.36,21.7728,0.48,5,0
7261,CA-2016-152730,671,1067,199,31,2,471,125.99,1,0.0,125.99,35.2772,0.28,5,0
7262,CA-2017-137001,434,1707,194,488,1,381,14.7,7,0.0,14.7,4.116,0.27999999999999997,3,0
7263,CA-2017-156363,505,48,761,961,2,64,32.7,5,0.4,54.50000000000001,-6.54,-0.19999999999999998,6,1
7264,CA-2017-156363,505,1653,761,961,2,64,31.68,4,0.2,39.599999999999994,11.088,0.35,6,0
7265,CA-2017-122056,39,1503,488,47,2,29,181.86,7,0.0,181.86,50.9208,0.27999999999999997,4,0
7266,US-2014-143721,461,914,534,36,1,15,155.372,2,0.3,221.96000000000004,-35.5136,-0.22857142857142854,3,1
7267,CA-2017-122987,696,529,1154,1154,4,85,13.428,3,0.7,44.76,-11.19,-0.8333333333333333,0,1
7268,CA-2017-122987,696,1019,1154,1154,4,85,67.136,4,0.2,83.91999999999999,-0.8392,-0.0125,0,0
7269,CA-2016-133368,166,1559,1155,1240,2,5,89.568,2,0.2,111.96,32.4684,0.36250000000000004,6,0
7270,CA-2016-133368,166,1818,1155,1240,2,5,315.776,8,0.2,394.71999999999997,31.5776,0.09999999999999999,6,0
7271,CA-2016-123337,471,1163,1143,898,2,59,273.666,2,0.15,321.96,-12.8784,-0.047058823529411764,6,0
7272,CA-2016-123337,471,1299,1143,898,2,59,17.48,4,0.0,17.48,4.5448,0.26,6,0
7273,US-2016-150357,425,506,1156,501,2,308,20.608,2,0.2,25.759999999999998,-4.3792,-0.2125,4,0
7274,US-2016-150357,425,249,1156,501,2,308,4.095,3,0.7,13.649999999999997,-2.73,-0.6666666666666667,4,1
7275,CA-2015-144519,586,1496,51,973,2,525,339.96,5,0.2,424.94999999999993,42.495,0.125,4,0
7276,CA-2015-144519,586,646,51,973,2,525,63.98,7,0.0,63.98,21.7532,0.34,4,0
7277,CA-2014-120670,452,1337,982,1232,2,3,799.92,10,0.2,999.8999999999999,239.976,0.3,4,0
7278,CA-2016-157217,427,1805,1081,659,3,95,35.984,2,0.2,44.98,4.498,0.125,2,0
7279,CA-2016-157217,427,1302,1081,659,3,95,389.97,3,0.0,389.97,132.5898,0.33999999999999997,2,0
7280,CA-2016-108224,261,218,676,676,4,512,185.528,7,0.2,231.90999999999997,48.7011,0.2625,0,0
7281,CA-2015-162782,618,451,781,915,2,210,2541.98,2,0.0,2541.98,1270.99,0.5,6,0
7282,CA-2017-159282,690,207,525,209,2,512,599.985,5,0.7,1999.9499999999998,-479.988,-0.7999999999999999,5,1
7283,CA-2017-155936,301,882,739,223,2,156,3.036,3,0.8,15.180000000000003,-5.0094,-1.6500000000000001,7,1
7284,CA-2017-169439,96,314,429,1169,2,178,25.92,5,0.2,32.4,3.888,0.15,4,0
7285,CA-2017-169439,96,480,429,1169,2,178,66.112,2,0.2,82.63999999999999,-9.0904,-0.1375,4,0
7286,CA-2017-151183,319,568,337,16,2,95,46.36,4,0.0,46.36,15.2988,0.33,5,0
7287,CA-2016-149965,741,1692,24,675,2,337,6.9,1,0.0,6.9,0.552,0.08,5,0
7288,CA-2016-149965,741,1007,24,675,2,337,57.69,3,0.0,57.69,23.6529,0.41,5,0
7289,CA-2014-158281,133,1390,815,558,2,15,559.71,3,0.4,932.8500000000001,-121.2705,-0.21666666666666665,5,1
7290,CA-2016-153661,57,299,807,1012,3,35,305.01,9,0.0,305.01,76.2525,0.25,1,0
7291,CA-2016-153661,57,133,807,1012,3,35,50.784,2,0.2,63.48,17.7744,0.35000000000000003,1,0
7292,CA-2016-153661,57,265,807,1012,3,35,26.01,9,0.0,26.01,12.2247,0.47,1,0
7293,CA-2017-109183,236,1819,770,35,2,396,649.0,2,0.5,1298.0,-272.58,-0.42,5,1
7294,CA-2016-113656,559,1686,1157,1411,2,2,59.99,7,0.0,59.99,21.5964,0.36,6,0
7295,CA-2015-148964,77,527,990,71,2,293,20.24,1,0.0,20.24,7.8936,0.39,5,0
7296,CA-2014-111899,397,1560,418,953,3,67,37.84,2,0.2,47.300000000000004,2.838,0.075,1,0
7297,CA-2014-111899,397,1706,418,953,3,67,5.472,6,0.2,6.84,1.8468,0.33749999999999997,1,0
7298,CA-2015-101126,241,1221,1158,967,1,106,77.24,5,0.2,96.54999999999998,7.724,0.1,4,0
7299,CA-2014-163468,301,278,729,872,3,562,292.1,4,0.5,584.2,-175.26,-0.5999999999999999,3,1
7300,CA-2014-163468,301,1446,729,872,3,562,8.544,2,0.6,21.36,-7.476,-0.875,3,1
7301,CA-2014-163468,301,1660,729,872,3,562,424.116,6,0.3,605.88,-30.294,-0.07142857142857144,3,1
7302,CA-2014-163468,301,545,729,872,3,562,2.892,3,0.8,14.460000000000003,-4.9164,-1.7000000000000002,3,1
7303,CA-2014-163468,301,622,729,872,3,562,381.72,5,0.2,477.15000000000003,-66.801,-0.175,3,0
7304,US-2017-117450,771,164,508,566,2,252,97.184,2,0.2,121.47999999999999,6.074,0.0625,4,0
7305,US-2017-117450,771,731,508,566,2,252,10.368,2,0.2,12.959999999999999,3.6288,0.35,4,0
7306,CA-2014-137274,208,412,1159,1064,2,303,890.841,3,0.3,1272.63,-152.7156,-0.17142857142857143,4,1
7307,CA-2016-144092,110,1543,733,78,1,59,72.0,4,0.0,72.0,12.96,0.18000000000000002,2,0
7308,CA-2016-144092,110,1460,733,78,1,59,113.888,2,0.2,142.35999999999999,9.9652,0.0875,2,0
7309,CA-2016-144092,110,440,733,78,1,59,158.13,3,0.0,158.13,77.4837,0.49,2,0
7310,CA-2017-112172,153,1218,194,1390,1,24,14.13,3,0.0,14.13,0.7065,0.049999999999999996,4,0
7311,CA-2015-121699,218,570,545,1368,2,84,64.75,5,0.0,64.75,29.1375,0.45,4,0
7312,CA-2015-162761,624,745,331,314,2,329,1.872,2,0.7,6.239999999999999,-1.3104,-0.7,4,1
7313,CA-2015-162761,624,441,331,314,2,329,11.214,2,0.7,37.379999999999995,-8.5974,-0.7666666666666667,4,1
7314,CA-2015-162761,624,1664,331,314,2,329,37.376,8,0.2,46.71999999999999,7.4752,0.2,4,0
7315,CA-2016-121377,185,1119,317,800,2,139,286.4,1,0.2,357.99999999999994,25.06,0.08750000000000001,5,0
7316,CA-2017-115322,234,1065,944,942,1,24,43.92,3,0.0,43.92,12.7368,0.29,5,0
7317,CA-2016-132066,241,11,1160,202,2,165,142.182,1,0.4,236.97,-37.9152,-0.26666666666666666,4,1
7318,CA-2017-158120,543,1796,702,611,2,589,19.608,3,0.2,24.509999999999998,6.6177,0.3375,4,0
7319,CA-2017-158120,543,923,702,611,2,589,4.158,7,0.7,13.86,-3.465,-0.8333333333333333,4,1
7320,CA-2017-100097,439,967,201,1162,1,30,979.95,5,0.0,979.95,264.5865,0.26999999999999996,3,0
7321,CA-2017-100097,439,1252,201,1162,1,30,135.3,5,0.0,135.3,37.884,0.27999999999999997,3,0
7322,CA-2017-167626,502,1102,214,211,2,37,8.904,3,0.2,11.129999999999999,3.339,0.375,4,0
7323,CA-2017-167626,502,726,214,211,2,37,100.8,2,0.2,125.99999999999999,21.42,0.21250000000000002,4,0
7324,US-2017-126053,230,108,257,167,3,24,41.96,2,0.0,41.96,10.9096,0.25999999999999995,3,0
7325,US-2017-126053,230,366,257,167,3,24,9.45,3,0.0,9.45,4.536,0.48,3,0
7326,US-2017-128447,267,1318,469,702,2,514,400.8,5,0.0,400.8,112.224,0.28,7,0
7327,US-2017-128447,267,380,469,702,2,514,28.792,1,0.2,35.99,10.0772,0.35,7,0
7328,US-2014-131275,338,1282,773,978,2,590,111.0,2,0.0,111.0,14.43,0.13,6,0
7329,US-2014-131275,338,207,773,978,2,590,1279.968,4,0.2,1599.96,415.9896,0.32499999999999996,6,0
7330,US-2014-131275,338,1245,773,978,2,590,1856.19,7,0.0,1856.19,334.1142,0.18,6,0
7331,CA-2016-149349,71,1184,397,374,3,37,22.752,6,0.6,56.879999999999995,-8.532,-0.375,1,1
7332,CA-2017-115119,465,240,41,506,2,208,61.542,1,0.4,102.57000000000001,-13.3341,-0.21666666666666665,4,1
7333,CA-2017-115119,465,1562,41,506,2,208,81.438,7,0.7,271.46,-65.1504,-0.8,4,1
7334,CA-2015-125563,702,452,348,787,2,86,67.36,2,0.2,84.19999999999999,10.104,0.15,6,0
7335,CA-2015-125563,702,206,348,787,2,86,54.528,3,0.2,68.16,14.3136,0.2625,6,0
7336,CA-2015-113152,601,696,708,1082,2,24,843.9,2,0.0,843.9,371.316,0.44,5,0
7337,CA-2015-113152,601,179,708,1082,2,24,449.568,2,0.2,561.9599999999999,56.196,0.125,5,0
7338,CA-2017-165155,607,1019,297,398,3,63,15.51,1,0.0,15.51,3.8775,0.25,2,0
7339,CA-2014-163412,417,1460,415,852,1,46,192.186,3,0.1,213.54,36.3018,0.18888888888888888,3,0
7340,CA-2015-159590,347,650,1075,1420,3,30,5.76,2,0.0,5.76,1.6128,0.28,3,0
7341,CA-2014-116190,496,1273,712,602,2,149,67.88,2,0.0,67.88,18.3276,0.27,6,0
7342,CA-2014-116190,496,50,712,602,2,149,162.89,13,0.0,162.89,76.5583,0.47000000000000003,6,0
7343,CA-2014-116190,496,1686,712,602,2,149,25.71,3,0.0,25.71,9.2556,0.36,6,0
7344,CA-2014-168473,15,912,59,1370,2,30,191.88,6,0.0,191.88,19.188,0.09999999999999999,6,0
7345,CA-2017-168389,2,189,158,95,2,134,721.875,6,0.45,1312.5,-420.0,-0.5818181818181818,6,1
7346,CA-2017-168389,2,462,158,95,2,134,73.568,4,0.2,91.96,-16.5528,-0.22500000000000003,6,0
7347,CA-2017-168389,2,208,158,95,2,134,13.584,1,0.2,16.979999999999997,1.3584,0.1,6,0
7348,CA-2017-168389,2,406,158,95,2,134,64.784,1,0.2,80.98,-12.147,-0.1875,6,0
7349,CA-2014-130421,711,1219,224,1010,2,15,176.772,3,0.8,883.8600000000001,-459.6072,-2.6,4,1
7350,CA-2017-142125,81,626,209,856,2,202,38.82,6,0.0,38.82,19.41,0.5,6,0
7351,CA-2017-142125,81,237,209,856,2,202,21.9,5,0.0,21.9,10.512,0.48000000000000004,6,0
7352,CA-2017-141138,486,405,469,674,2,591,111.79,7,0.0,111.79,43.5981,0.39,6,0
7353,CA-2017-152135,378,919,634,258,1,347,445.44,8,0.4,742.4,-81.664,-0.18333333333333335,2,1
7354,CA-2016-151974,373,618,898,322,2,64,16.52,5,0.2,20.65,5.369,0.325,7,0
7355,CA-2017-154102,382,1775,696,779,2,10,29.9,5,0.0,29.9,13.455,0.45,7,0
7356,CA-2015-139780,707,940,621,1007,1,186,116.4,8,0.0,116.4,52.38,0.45,2,0
7357,CA-2016-114748,596,1040,791,501,2,52,1.408,1,0.2,1.7599999999999998,0.1584,0.11250000000000002,5,0
7358,CA-2016-114748,596,1061,791,501,2,52,169.568,2,0.2,211.96,0.0,0.0,5,0
7359,US-2014-115189,754,600,126,929,1,106,251.964,6,0.4,419.94,-50.3928,-0.2,4,1
7360,US-2014-115189,754,310,126,929,1,106,523.764,3,0.4,872.94,-192.0468,-0.36666666666666664,4,1
7361,CA-2016-163594,640,1146,409,168,3,2,19.44,3,0.0,19.44,9.3312,0.48000000000000004,2,0
7362,CA-2016-163594,640,406,409,168,3,2,194.352,3,0.2,242.94,-36.441,-0.1875,2,0
7363,CA-2016-163594,640,786,409,168,3,2,36.624,3,0.2,45.78,13.734,0.375,2,0
7364,CA-2016-127243,104,868,86,430,2,12,340.182,3,0.4,566.97,-73.7061,-0.21666666666666667,6,1
7365,CA-2016-127243,104,1240,86,430,2,12,12.672,8,0.2,15.84,2.6928,0.2125,6,0
7366,CA-2016-127243,104,1427,86,430,2,12,6.888,2,0.7,22.959999999999997,-5.0512,-0.7333333333333333,6,1
7367,CA-2016-127243,104,1513,86,430,2,12,32.544,2,0.2,40.67999999999999,-7.7292,-0.23750000000000002,6,0
7368,CA-2016-127243,104,475,86,430,2,12,347.802,7,0.3,496.86000000000007,-24.843,-0.07142857142857142,6,1
7369,CA-2017-161851,163,69,5,828,3,124,15.57,3,0.7,51.89999999999999,-11.937,-0.7666666666666666,2,1
7370,CA-2015-110345,593,783,1001,1340,1,315,4.608,2,0.2,5.759999999999999,1.6704,0.36250000000000004,2,0
7371,CA-2014-107769,388,958,920,302,2,592,257.98,2,0.0,257.98,74.8142,0.29,4,0
7372,US-2017-123862,441,5,364,1153,1,107,153.78,11,0.0,153.78,44.5962,0.29000000000000004,2,0
7373,US-2017-123862,441,1513,364,1153,1,107,61.02,3,0.0,61.02,0.6102,0.009999999999999998,2,0
7374,US-2017-123862,441,1800,364,1153,1,107,110.11,7,0.0,110.11,31.9319,0.29,2,0
7375,US-2017-123862,441,551,364,1153,1,107,7.89,1,0.0,7.89,3.5505,0.45,2,0
7376,CA-2017-100580,150,492,803,649,2,89,36.024,3,0.2,45.03,11.7078,0.325,7,0
7377,US-2017-145597,56,208,809,61,3,51,54.336,4,0.2,67.91999999999999,5.4336,0.1,3,0
7378,CA-2014-132787,306,422,112,866,2,61,92.52,6,0.0,92.52,24.9804,0.27,4,0
7379,CA-2015-136224,762,1047,71,71,4,307,10.272,3,0.2,12.84,1.1556,0.11249999999999999,0,0
7380,CA-2016-105732,9,1034,1161,32,2,199,40.74,3,0.0,40.74,0.4074,0.009999999999999998,5,0
7381,CA-2016-105732,9,1364,1161,32,2,199,14.4,5,0.0,14.4,7.056,0.49,5,0
7382,CA-2016-105732,9,1508,1161,32,2,199,149.95,5,0.0,149.95,41.986,0.28,5,0
7383,CA-2016-105732,9,1567,1161,32,2,199,16.9,2,0.0,16.9,5.07,0.30000000000000004,5,0
7384,CA-2016-105732,9,708,1161,32,2,199,17.61,3,0.0,17.61,8.4528,0.48,5,0
7385,CA-2016-105732,9,1142,1161,32,2,199,378.0,2,0.0,378.0,136.08,0.36000000000000004,5,0
7386,CA-2016-105732,9,1018,1161,32,2,199,17.64,3,0.0,17.64,8.6436,0.48999999999999994,5,0
7387,CA-2016-105732,9,822,1161,32,2,199,373.08,6,0.0,373.08,100.7316,0.27,5,0
7388,CA-2016-105732,9,36,1161,32,2,199,1336.44,14,0.0,1336.44,387.5676,0.29000000000000004,5,0
7389,CA-2016-105732,9,1137,1161,32,2,199,29.97,3,0.0,29.97,0.2997,0.010000000000000002,5,0
7390,CA-2017-108035,75,2,1162,735,2,429,390.368,2,0.2,487.96,48.796,0.125,4,0
7391,CA-2017-108035,75,217,1162,735,2,429,101.52,5,0.2,126.89999999999999,19.035,0.1875,4,0
7392,CA-2017-160031,399,1175,770,227,1,324,74.352,3,0.2,92.94,23.235,0.3125,3,0
7393,CA-2017-147844,733,1408,744,637,2,14,15.7,5,0.0,15.7,7.065,0.45000000000000007,4,0
7394,CA-2017-147844,733,1501,744,637,2,14,59.52,3,0.0,59.52,15.4752,0.25999999999999995,4,0
7395,CA-2017-147844,733,321,744,637,2,14,34.4,5,0.0,34.4,15.824,0.46,4,0
7396,CA-2016-110975,716,972,592,946,2,24,313.176,2,0.4,521.96,-120.0508,-0.38333333333333336,5,1
7397,CA-2016-110975,716,624,592,946,2,24,866.646,3,0.1,962.9399999999999,173.3292,0.19999999999999998,5,0
7398,CA-2014-141649,679,191,588,588,4,324,795.408,6,0.2,994.26,59.6556,0.075,0,0
7399,CA-2014-124807,251,1051,137,859,1,27,35.856,9,0.2,44.82,12.9978,0.3625,3,0
7400,CA-2014-124807,251,541,137,859,1,27,23.84,4,0.2,29.799999999999997,3.278,0.1375,3,0
7401,CA-2016-110009,310,485,163,1161,2,6,43.13,1,0.0,43.13,14.6642,0.33999999999999997,5,0
7402,CA-2016-110009,310,250,163,1161,2,6,30.87,7,0.0,30.87,14.2002,0.46,5,0
7403,CA-2017-168172,130,355,635,683,2,165,70.12,4,0.0,70.12,21.036,0.3,4,0
7404,CA-2015-100146,119,575,264,1421,2,588,509.9575,5,0.15,599.95,41.9965,0.08235294117647059,5,0
7405,CA-2015-100146,119,515,264,1421,2,588,122.91,3,0.0,122.91,34.4148,0.28,5,0
7406,CA-2015-100146,119,1226,264,1421,2,588,97.568,2,0.2,121.96,-6.098,-0.0625,5,0
7407,CA-2015-100146,119,1497,264,1421,2,588,722.352,3,0.2,902.9399999999999,81.2646,0.1125,5,0
7408,CA-2017-152079,587,746,177,277,3,156,11.52,5,0.2,14.399999999999999,4.176,0.36250000000000004,1,0
7409,CA-2016-129728,685,1479,199,113,2,4,167.84,8,0.0,167.84,11.7488,0.06999999999999999,7,0
7410,CA-2014-121769,366,1667,919,792,2,214,172.11,1,0.4,286.85,-94.6605,-0.5499999999999999,4,1
7411,CA-2014-103058,9,960,150,1363,3,165,99.98,2,0.0,99.98,7.9984,0.08,1,0
7412,CA-2017-121125,451,1603,1110,96,2,301,156.792,1,0.2,195.98999999999998,17.6391,0.11249999999999999,4,0
7413,CA-2017-121125,451,177,1110,96,2,301,35.36,2,0.2,44.199999999999996,-3.094,-0.0875,4,0
7414,CA-2017-121125,451,1794,1110,96,2,301,13.592,1,0.2,16.99,-0.3398,-0.024999999999999998,4,0
7415,US-2016-114013,35,158,70,544,1,64,386.68,2,0.3,552.4000000000001,-5.524,-0.014285714285714285,2,1
7416,US-2016-114013,35,1524,70,544,1,64,379.96,5,0.2,474.94999999999993,47.495,0.125,2,0
7417,US-2016-114013,35,717,70,544,1,64,539.91,3,0.4,899.85,-116.9805,-0.2166666666666667,2,1
7418,US-2016-114013,35,1541,70,544,1,64,41.24,5,0.2,51.55,13.9185,0.33749999999999997,2,0
7419,US-2016-114013,35,1592,70,544,1,64,51.897,1,0.7,172.98999999999998,-41.5176,-0.8,2,1
7420,US-2016-114013,35,943,70,544,1,64,552.56,5,0.2,690.6999999999999,-138.14,-0.25,2,0
7421,US-2016-114013,35,1088,70,544,1,64,23.16,5,0.7,77.19999999999999,-15.44,-0.6666666666666666,2,1
7422,US-2016-114013,35,1820,70,544,1,64,126.08,2,0.2,157.6,-28.368,-0.22499999999999998,2,0
7423,US-2016-114013,35,207,70,544,1,64,449.1,3,0.7,1496.9999999999998,-643.71,-1.4333333333333333,2,1
7424,CA-2017-135069,95,1307,319,350,2,106,195.104,4,0.2,243.88,21.9492,0.1125,4,0
7425,CA-2017-135069,95,678,319,350,2,106,36.672,3,0.2,45.839999999999996,6.4176,0.17500000000000002,4,0
7426,CA-2016-101693,96,65,675,813,1,33,85.246,2,0.3,121.78,-6.089,-0.07142857142857144,2,1
7427,CA-2016-101693,96,1536,675,813,1,33,32.712,2,0.6,81.78,-26.1696,-0.7999999999999999,2,1
7428,US-2014-164763,776,537,462,91,2,130,11.43,3,0.0,11.43,5.3721,0.47,4,0
7429,US-2014-164763,776,339,462,91,2,130,30.44,2,0.0,30.44,14.9156,0.49,4,0
7430,US-2014-164763,776,220,462,91,2,130,12.96,2,0.0,12.96,6.3504,0.48999999999999994,4,0
7431,US-2014-164763,776,1733,462,91,2,130,16.0,4,0.0,16.0,7.68,0.48,4,0
7432,US-2014-164763,776,931,462,91,2,130,32.67,3,0.0,32.67,8.4942,0.25999999999999995,4,0
7433,CA-2014-161249,743,803,129,1372,2,52,4.464,3,0.2,5.58,-0.9486,-0.21249999999999997,4,0
7434,CA-2014-161249,743,800,129,1372,2,52,9.345,5,0.7,31.15,-6.5415,-0.7,4,1
7435,CA-2015-148180,163,537,354,375,2,570,9.144,3,0.2,11.43,3.0861,0.3375,5,0
7436,CA-2015-148180,163,309,354,375,2,570,23.136,6,0.2,28.919999999999998,8.3868,0.3625,5,0
7437,CA-2015-148180,163,1168,354,375,2,570,99.2,5,0.0,99.2,25.792,0.26,5,0
7438,CA-2014-165568,293,881,1163,1403,2,60,21.36,5,0.2,26.7,7.209,0.33749999999999997,4,0
7439,CA-2015-145457,435,1442,540,1076,1,473,46.9,5,0.0,46.9,13.132,0.28,3,0
7440,US-2017-163657,539,606,265,1280,2,14,18.72,5,0.2,23.4,6.552,0.35,4,0
7441,US-2017-163657,539,1117,265,1280,2,14,236.528,2,0.2,295.65999999999997,-2.9566,-0.0125,4,0
7442,CA-2015-120446,190,166,548,1354,3,189,18.9,3,0.0,18.9,8.694,0.4600000000000001,2,0
7443,CA-2014-109932,779,129,338,1361,3,231,10.688,2,0.2,13.36,3.7408,0.35,2,0
7444,CA-2014-109932,779,596,338,1361,3,231,237.096,3,0.2,296.37,20.7459,0.0875,2,0
7445,CA-2017-127474,280,779,448,1399,1,27,5.184,1,0.2,6.4799999999999995,1.8144,0.35,4,0
7446,CA-2017-127474,280,1523,448,1399,1,27,65.584,2,0.2,81.98,23.7742,0.3625,4,0
7447,CA-2017-127474,280,1282,448,1399,1,27,22.2,1,0.6,55.49999999999999,-26.085,-1.175,4,1
7448,CA-2017-127474,280,977,448,1399,1,27,419.4,5,0.2,524.2499999999999,146.79,0.35,4,0
7449,CA-2017-115448,660,643,344,238,3,366,88.92,5,0.2,111.14999999999999,14.4495,0.1625,3,0
7450,CA-2017-105669,320,106,698,586,1,67,9.912,3,0.2,12.39,3.2214,0.32499999999999996,5,0
7451,CA-2017-105669,320,1210,698,586,1,67,318.43,5,0.3,454.90000000000003,-77.333,-0.24285714285714285,5,1
7452,CA-2017-105669,320,327,698,586,1,67,5.8,5,0.8,29.000000000000007,-10.15,-1.7500000000000002,5,1
7453,CA-2017-105669,320,1539,698,586,1,67,1415.76,6,0.2,1769.6999999999998,88.485,0.0625,5,0
7454,CA-2017-134796,249,919,644,871,2,432,148.48,2,0.2,185.59999999999997,16.704,0.11250000000000002,6,0
7455,CA-2016-137743,348,1388,680,579,2,37,9.248,4,0.2,11.559999999999999,3.1212,0.3375,5,0
7456,CA-2016-137743,348,487,680,579,2,37,1036.624,2,0.2,1295.78,51.8312,0.05,5,0
7457,CA-2015-137974,329,12,393,25,3,181,569.64,2,0.0,569.64,148.1064,0.26,2,0
7458,CA-2015-137974,329,625,393,25,3,181,9.14,1,0.0,9.14,4.57,0.5,2,0
7459,CA-2015-137974,329,1305,393,25,3,181,1196.86,7,0.0,1196.86,119.686,0.10000000000000002,2,0
7460,CA-2015-137974,329,673,393,25,3,181,523.26,9,0.0,523.26,125.5824,0.24000000000000002,2,0
7461,US-2015-136987,482,1688,348,1225,1,26,639.968,4,0.2,799.9599999999999,215.9892,0.3375,3,0
7462,US-2015-136987,482,814,348,1225,1,26,52.76,2,0.0,52.76,24.2696,0.46,3,0
7463,CA-2015-138485,74,334,915,880,1,60,538.92,9,0.0,538.92,80.838,0.15,2,0
7464,CA-2016-103709,432,1454,163,307,2,439,14.88,2,0.0,14.88,3.72,0.25,7,0
7465,CA-2016-103709,432,1533,163,307,2,439,34.24,8,0.0,34.24,15.408,0.44999999999999996,7,0
7466,CA-2016-103709,432,534,163,307,2,439,261.74,2,0.0,261.74,65.435,0.25,7,0
7467,CA-2016-138282,707,1645,289,455,2,142,87.84,8,0.0,87.84,23.7168,0.26999999999999996,4,0
7468,CA-2017-148985,354,699,344,941,1,63,34.92,4,0.0,34.92,11.8728,0.33999999999999997,4,0
7469,CA-2014-138100,398,812,1115,60,2,165,14.94,3,0.0,14.94,7.0218,0.47000000000000003,5,0
7470,CA-2014-138100,398,1028,1115,60,2,165,14.56,2,0.0,14.56,6.2608,0.42999999999999994,5,0
7471,CA-2015-100734,557,99,427,1182,2,106,3.576,4,0.7,11.919999999999998,-2.8608,-0.7999999999999999,5,1
7472,CA-2015-100734,557,197,427,1182,2,106,147.184,2,0.2,183.98,-29.4368,-0.2,5,0
7473,CA-2016-139997,671,1328,950,895,3,519,1499.95,5,0.0,1499.95,449.985,0.3,2,0
7474,CA-2016-109652,426,754,343,174,2,156,13.568,4,0.2,16.959999999999997,3.2224,0.2375,5,0
7475,CA-2014-167199,468,121,1038,321,2,1,2573.82,9,0.0,2573.82,746.4078,0.29,4,0
7476,CA-2014-167199,468,570,1038,321,2,1,609.98,2,0.0,609.98,274.491,0.44999999999999996,4,0
7477,CA-2014-167199,468,449,1038,321,2,1,5.48,2,0.0,5.48,1.4796,0.26999999999999996,4,0
7478,CA-2014-167199,468,35,1038,321,2,1,391.98,2,0.0,391.98,113.6742,0.29,4,0
7479,CA-2014-167199,468,868,1038,321,2,1,755.96,4,0.0,755.96,204.1092,0.26999999999999996,4,0
7480,CA-2014-167199,468,1507,1038,321,2,1,31.12,4,0.0,31.12,0.3112,0.009999999999999998,4,0
7481,CA-2014-167199,468,784,1038,321,2,1,6.54,1,0.0,6.54,3.0084,0.45999999999999996,4,0
7482,CA-2016-124583,698,119,143,324,1,126,12.78,1,0.0,12.78,5.751,0.45000000000000007,2,0
7483,CA-2014-113964,656,69,866,588,2,165,18.464,4,0.2,23.08,6.924,0.37500000000000006,7,0
7484,CA-2014-129938,183,1210,535,507,1,12,445.802,7,0.3,636.86,-108.2662,-0.24285714285714283,2,1
7485,CA-2017-135111,38,1821,117,1253,2,491,2.48,1,0.0,2.48,0.868,0.35,5,0
7486,CA-2017-135111,38,1500,117,1253,2,491,25.9,5,0.0,25.9,12.691,0.49000000000000005,5,0
7487,US-2015-134558,328,1332,547,101,1,356,29.9,5,0.0,29.9,14.651,0.49,5,0
7488,US-2015-134558,328,1288,547,101,1,356,2249.91,9,0.0,2249.91,517.4793,0.23,5,0
7489,US-2015-134558,328,216,547,101,1,356,1053.164,4,0.3,1504.52,-105.3164,-0.1,5,1
7490,CA-2017-157196,732,861,61,46,2,189,12.96,2,0.0,12.96,6.2208,0.4799999999999999,4,0
7491,CA-2015-108672,136,91,230,1218,2,4,106.68,6,0.0,106.68,33.0708,0.30999999999999994,6,0
7492,US-2017-118598,497,1731,674,674,4,551,119.94,6,0.0,119.94,5.997,0.05,0,0
7493,US-2017-160836,694,1434,221,119,2,33,10.272,3,0.2,12.84,3.21,0.3125,5,0
7494,US-2017-160836,694,1214,221,119,2,33,512.19,5,0.3,731.7000000000002,-65.853,-0.12857142857142856,5,1
7495,US-2017-160836,694,1035,221,119,2,33,1.556,2,0.8,7.780000000000002,-4.2012,-2.6999999999999997,5,1
7496,CA-2017-121048,647,758,1164,931,2,280,4.448,2,0.2,5.5600000000000005,1.4456,0.32499999999999996,4,0
7497,CA-2017-121048,647,738,1164,931,2,280,276.69,3,0.0,276.69,49.8042,0.18,4,0
7498,CA-2017-121048,647,311,1164,931,2,280,4.96,4,0.0,4.96,2.3312,0.47,4,0
7499,CA-2017-121048,647,31,1164,931,2,280,71.92,4,0.0,71.92,20.8568,0.29,4,0
7500,CA-2017-121048,647,192,1164,931,2,280,18.84,3,0.0,18.84,7.9128,0.42,4,0
7501,CA-2017-121048,647,438,1164,931,2,280,140.97,3,0.0,140.97,19.7358,0.14,4,0
7502,CA-2017-121048,647,35,1164,931,2,280,470.376,3,0.2,587.9699999999999,52.9173,0.1125,4,0
7503,US-2017-120147,484,1280,984,984,4,2,6.08,2,0.0,6.08,2.0672,0.34,0,0
7504,US-2017-120147,484,54,984,984,4,2,164.792,1,0.2,205.98999999999998,18.5391,0.1125,0,0
7505,CA-2016-158043,760,1041,1012,1085,1,593,23.36,2,0.0,23.36,11.68,0.5,4,0
7506,US-2017-106579,573,339,111,488,2,302,12.176,4,0.8,60.88000000000002,-18.8728,-1.55,5,1
7507,CA-2014-115889,130,1130,982,1232,2,35,46.384,2,0.2,57.98,5.2182,0.1125,4,0
7508,CA-2014-115889,130,246,982,1232,2,35,362.92,2,0.0,362.92,105.2468,0.29,4,0
7509,US-2017-161935,253,821,1164,931,2,48,9.248,2,0.2,11.559999999999999,3.3524,0.3625,4,0
7510,US-2017-161935,253,755,1164,931,2,48,1889.946,9,0.4,3149.91,-377.9892,-0.2,4,1
7511,US-2017-161935,253,171,1164,931,2,48,62.04,5,0.2,77.55,4.653,0.075,4,0
7512,US-2017-161935,253,1072,1164,931,2,48,396.92,5,0.2,496.15,148.845,0.375,4,0
7513,US-2017-161935,253,1355,1164,931,2,48,239.456,7,0.2,299.32,17.9592,0.075,4,0
7514,US-2017-161935,253,347,1164,931,2,48,13.12,5,0.2,16.4,2.132,0.1625,4,0
7515,US-2017-167920,253,909,35,1260,1,127,29.36,2,0.0,29.36,13.5056,0.45999999999999996,3,0
7516,US-2017-167920,253,1429,35,1260,1,127,214.9,5,0.0,214.9,62.321,0.29,3,0
7517,US-2017-167920,253,123,35,1260,1,127,15.92,4,0.0,15.92,7.4824,0.47000000000000003,3,0
7518,US-2017-167920,253,826,35,1260,1,127,146.45,5,0.0,146.45,48.3285,0.33,3,0
7519,US-2017-167920,253,465,35,1260,1,127,15.14,1,0.0,15.14,0.6056,0.04,3,0
7520,US-2017-167920,253,1569,35,1260,1,127,5.76,2,0.0,5.76,2.6496,0.46,3,0
7521,US-2017-167920,253,891,35,1260,1,127,1399.98,2,0.0,1399.98,629.991,0.45,3,0
7522,CA-2016-162383,199,529,65,109,2,404,8.952,2,0.7,29.839999999999996,-7.46,-0.8333333333333334,6,1
7523,CA-2016-162383,199,1182,65,109,2,404,8.856,6,0.7,29.519999999999996,-6.4944,-0.7333333333333333,6,1
7524,CA-2016-162383,199,213,65,109,2,404,85.246,2,0.3,121.78,-1.2178,-0.014285714285714287,6,1
7525,CA-2014-125731,53,777,1077,1102,2,428,21.728,7,0.2,27.16,7.6048,0.35,6,0
7526,CA-2014-125731,53,874,1077,1102,2,428,1487.04,5,0.2,1858.8,148.704,0.1,6,0
7527,US-2017-106145,20,1607,987,987,4,10,71.88,6,0.0,71.88,33.0648,0.46,0,0
7528,US-2017-106145,20,1393,987,987,4,10,9.24,3,0.0,9.24,2.9568,0.31999999999999995,0,0
7529,US-2017-106145,20,1358,987,987,4,10,35.88,6,0.0,35.88,16.146,0.45,0,0
7530,US-2017-106145,20,21,987,987,4,10,17.04,3,0.2,21.299999999999997,5.538,0.325,0,0
7531,US-2017-106145,20,761,987,987,4,10,931.176,3,0.2,1163.97,314.2719,0.3375,0,0
7532,CA-2016-107146,63,1320,27,352,3,594,266.352,3,0.2,332.93999999999994,-13.3176,-0.05000000000000001,2,0
7533,CA-2016-107146,63,532,27,352,3,594,483.136,4,0.2,603.92,54.3528,0.1125,2,0
7534,US-2017-134642,574,813,907,1333,2,255,196.784,2,0.2,245.98,-22.1382,-0.11250000000000002,4,0
7535,US-2017-134642,574,267,907,1333,2,255,231.92,5,0.2,289.9,5.798,0.025,4,0
7536,US-2017-160143,429,559,186,105,2,26,29.7,3,0.0,29.7,8.019,0.27,7,0
7537,CA-2017-103415,598,1794,735,167,2,17,13.592,2,0.6,33.98,-14.2716,-1.0499999999999998,5,1
7538,CA-2016-106460,219,130,318,713,1,10,70.88,2,0.0,70.88,33.3136,0.47000000000000003,3,0
7539,US-2017-112347,511,385,575,1140,2,77,114.288,1,0.2,142.85999999999999,12.8574,0.1125,4,0
7540,US-2017-112347,511,786,575,1140,2,77,36.624,8,0.7,122.07999999999998,-24.416,-0.6666666666666666,4,1
7541,US-2017-112347,511,1660,575,1140,2,77,242.352,8,0.7,807.8399999999999,-363.528,-1.5,4,1
7542,US-2017-112347,511,1671,575,1140,2,77,49.616,2,0.2,62.019999999999996,4.9616,0.09999999999999999,4,0
7543,US-2017-112347,511,1061,575,1140,2,77,508.704,6,0.2,635.88,0.0,0.0,4,0
7544,US-2017-112347,511,1379,575,1140,2,77,57.36,6,0.2,71.69999999999999,-14.34,-0.25,4,0
7545,US-2017-112347,511,630,575,1140,2,77,906.68,5,0.2,1133.35,68.001,0.07500000000000001,4,0
7546,CA-2014-103492,783,1522,983,772,2,144,719.952,6,0.2,899.9399999999999,71.9952,0.09999999999999999,5,0
7547,CA-2014-103492,783,525,983,772,2,144,755.944,7,0.2,944.93,66.1451,0.08750000000000001,5,0
7548,CA-2014-103492,783,1225,983,772,2,144,11.98,5,0.8,59.90000000000001,-19.168,-1.5999999999999999,5,1
7549,CA-2014-103492,783,308,983,772,2,144,0.898,1,0.8,4.490000000000001,-1.5715,-1.7499999999999998,5,1
7550,CA-2016-136595,606,1382,65,1244,3,67,21.204,3,0.6,53.01,-11.6622,-0.55,2,1
7551,CA-2014-140396,543,1759,1165,642,2,24,34.74,3,0.0,34.74,17.37,0.5,5,0
7552,CA-2014-140396,543,873,1165,642,2,24,833.94,6,0.0,833.94,216.8244,0.25999999999999995,5,0
7553,CA-2014-140396,543,807,1165,642,2,24,12.96,3,0.2,16.2,4.536,0.3499999999999999,5,0
7554,CA-2014-140396,543,1397,1165,642,2,24,25.92,4,0.0,25.92,12.4416,0.4799999999999999,5,0
7555,CA-2014-114181,315,900,1026,288,1,64,349.965,7,0.5,699.93,-216.9783,-0.62,4,1
7556,CA-2014-114181,315,797,1026,288,1,64,22.32,5,0.2,27.9,5.301,0.23750000000000002,4,0
7557,CA-2017-159506,336,955,345,575,2,135,158.28,6,0.0,158.28,72.8088,0.46,5,0
7558,CA-2017-159506,336,897,345,575,2,135,497.94,3,0.0,497.94,224.073,0.45,5,0
7559,US-2014-137155,352,160,302,1128,2,256,533.94,3,0.0,533.94,154.8426,0.29,4,0
7560,US-2014-137155,352,965,302,1128,2,256,167.94,3,0.0,167.94,82.2906,0.49,4,0
7561,US-2014-137155,352,1227,302,1128,2,256,31.68,6,0.0,31.68,9.8208,0.31,4,0
7562,CA-2016-105746,206,2,946,315,3,208,170.786,1,0.3,243.98000000000002,0.0,0.0,2,1
7563,US-2016-104815,263,1639,324,1244,2,27,198.744,4,0.3,283.92,0.0,0.0,4,1
7564,CA-2017-157672,177,686,362,567,3,77,63.824,2,0.2,79.77999999999999,13.5626,0.2125,2,0
7565,US-2016-166660,622,1350,807,855,1,6,435.168,4,0.2,543.9599999999999,-59.8356,-0.13749999999999998,2,0
7566,US-2016-166660,622,1196,807,855,1,6,48.58,1,0.0,48.58,7.7728,0.16,2,0
7567,CA-2017-140802,472,85,82,757,3,33,47.976,3,0.2,59.97,8.3958,0.175,2,0
7568,CA-2017-140802,472,1484,82,757,3,33,20.736,4,0.2,25.919999999999998,7.2576,0.35,2,0
7569,CA-2014-133830,211,426,30,326,2,63,26.46,9,0.0,26.46,11.907,0.45,5,0
7570,CA-2014-133830,211,1636,30,326,2,63,49.12,4,0.0,49.12,23.0864,0.47000000000000003,5,0
7571,CA-2014-133830,211,660,30,326,2,63,15.0,3,0.0,15.0,7.2,0.48000000000000004,5,0
7572,CA-2014-100916,396,42,619,966,2,390,194.7,5,0.0,194.7,9.735,0.05,5,0
7573,CA-2014-100916,396,1117,619,966,2,390,591.32,4,0.0,591.32,112.3508,0.19,5,0
7574,CA-2014-100916,396,889,619,966,2,390,2.84,1,0.0,2.84,0.8804,0.31,5,0
7575,CA-2015-129532,454,17,576,296,2,2,221.96,2,0.0,221.96,4.4392,0.019999999999999997,4,0
7576,CA-2015-129532,454,1014,576,296,2,2,236.0,4,0.0,236.0,40.12,0.16999999999999998,4,0
7577,CA-2014-134726,407,918,982,846,1,61,41.94,2,0.0,41.94,15.0984,0.36000000000000004,5,0
7578,CA-2014-134726,407,985,982,846,1,61,52.792,1,0.2,65.99,4.6193,0.0875,5,0
7579,CA-2016-138597,44,500,123,1376,3,199,563.94,3,0.0,563.94,112.788,0.19999999999999998,3,0
7580,CA-2015-123113,248,1740,522,155,1,93,2625.12,8,0.0,2625.12,735.0336,0.28,4,0
7581,CA-2015-123113,248,880,522,155,1,93,17.94,3,0.0,17.94,4.485,0.25,4,0
7582,CA-2015-169656,720,719,864,749,3,106,422.856,3,0.2,528.5699999999999,15.8571,0.037500000000000006,3,0
7583,CA-2015-142734,665,57,393,1123,2,24,127.764,2,0.1,141.95999999999998,2.8392,0.022222222222222223,5,0
7584,CA-2014-163223,121,1578,91,728,2,29,3499.93,7,0.0,3499.93,909.9818,0.26,4,0
7585,CA-2014-163223,121,1569,91,728,2,29,14.4,5,0.0,14.4,6.624,0.45999999999999996,4,0
7586,CA-2014-163223,121,1128,91,728,2,29,122.97,3,0.0,122.97,60.2553,0.49,4,0
7587,CA-2014-163223,121,373,91,728,2,29,9.32,4,0.0,9.32,2.7028,0.29,4,0
7588,CA-2014-163223,121,801,91,728,2,29,122.94,3,0.0,122.94,59.0112,0.48000000000000004,4,0
7589,CA-2017-122945,470,1138,674,904,2,53,17.31,3,0.0,17.31,5.193,0.3,6,0
7590,CA-2015-139738,730,1244,13,1311,2,229,128.744,7,0.2,160.92999999999998,12.8744,0.09999999999999999,4,0
7591,CA-2016-158778,204,75,65,370,2,64,58.248,9,0.2,72.80999999999999,11.6496,0.2,4,0
7592,CA-2016-158778,204,65,65,370,2,64,71.246,2,0.3,101.78,-19.3382,-0.27142857142857146,4,1
7593,CA-2016-158778,204,966,65,370,2,64,7.872,3,0.2,9.84,0.5904,0.07500000000000001,4,0
7594,CA-2016-158778,204,775,65,370,2,64,887.271,3,0.3,1267.53,-63.3765,-0.07142857142857144,4,1
7595,CA-2017-119655,611,543,694,559,2,152,146.86,7,0.0,146.86,70.4928,0.48,4,0
7596,CA-2017-119655,611,625,694,559,2,152,36.56,4,0.0,36.56,18.28,0.5,4,0
7597,CA-2015-164567,137,540,926,975,2,26,225.576,3,0.2,281.96999999999997,22.5576,0.1,4,0
7598,CA-2014-131947,351,1356,329,359,2,331,5.248,2,0.2,6.56,0.4592,0.0875,5,0
7599,CA-2014-131947,351,948,329,359,2,331,38.256,3,0.2,47.82,4.782,0.125,5,0
7600,CA-2014-131947,351,1604,329,359,2,331,40.24,5,0.2,50.3,13.078,0.32499999999999996,5,0
7601,CA-2014-131947,351,1822,329,359,2,331,29.925,5,0.7,99.74999999999999,-21.945,-0.7333333333333333,5,1
7602,CA-2014-131947,351,335,329,359,2,331,148.704,6,0.2,185.88,46.47,0.3125,5,0
7603,CA-2014-131947,351,61,329,359,2,331,55.92,10,0.2,69.89999999999999,16.776,0.3,5,0
7604,CA-2016-152520,765,731,631,189,2,260,12.96,2,0.0,12.96,6.2208,0.4799999999999999,4,0
7605,CA-2016-101791,575,1479,1023,1207,2,37,25.176,3,0.6,62.93999999999999,-33.3582,-1.325,4,1
7606,CA-2016-101791,575,771,1023,1207,2,37,5.584,2,0.6,13.959999999999999,-1.6752,-0.30000000000000004,4,1
7607,CA-2016-101791,575,735,1023,1207,2,37,1297.368,9,0.2,1621.7099999999998,97.3026,0.075,4,0
7608,CA-2017-121195,516,547,166,754,3,78,264.32,2,0.2,330.4,19.824,0.07500000000000001,3,0
7609,CA-2017-163209,178,779,899,918,2,35,25.92,4,0.0,25.92,12.4416,0.4799999999999999,4,0
7610,CA-2017-163209,178,280,899,918,2,35,22.96,7,0.0,22.96,6.6584,0.29,4,0
7611,CA-2014-133354,194,586,1166,1051,3,521,19.44,3,0.0,19.44,9.3312,0.48000000000000004,2,0
7612,US-2015-130491,4,1447,286,1324,3,592,9.54,2,0.0,9.54,4.293,0.45000000000000007,3,0
7613,US-2015-130491,4,196,286,1324,3,592,5.81,1,0.0,5.81,1.8011,0.31,3,0
7614,US-2015-130491,4,131,286,1324,3,592,5.76,2,0.0,5.76,1.728,0.3,3,0
7615,CA-2015-113740,619,528,253,835,1,46,14.91,3,0.0,14.91,4.6221,0.31,4,0
7616,CA-2014-148425,576,1700,954,775,2,416,6.642,9,0.7,22.139999999999997,-4.428,-0.6666666666666666,4,1
7617,CA-2016-144309,633,1287,108,187,2,291,18.54,2,0.0,18.54,8.7138,0.4700000000000001,6,0
7618,CA-2016-144309,633,14,108,187,2,291,679.96,5,0.2,849.95,220.987,0.32499999999999996,6,0
7619,CA-2017-151225,488,11,856,342,3,4,189.576,1,0.2,236.96999999999997,9.4788,0.05,2,0
7620,CA-2017-151225,488,1764,856,342,3,4,71.96,5,0.2,89.94999999999999,7.196,0.1,2,0
7621,US-2014-144078,580,234,642,504,2,26,539.92,5,0.2,674.8999999999999,47.243,0.08750000000000001,4,0
7622,US-2014-144078,580,630,642,504,2,26,725.344,4,0.2,906.6800000000001,54.4008,0.07499999999999998,4,0
7623,US-2014-144078,580,1821,642,504,2,26,7.44,3,0.0,7.44,2.604,0.35,4,0
7624,CA-2014-124464,777,644,687,837,2,286,39.48,1,0.0,39.48,11.0544,0.28,6,0
7625,CA-2015-136805,135,1142,294,1330,1,152,850.5,5,0.1,945.0,245.7,0.28888888888888886,4,0
7626,CA-2015-136805,135,905,294,1330,1,152,75.33,9,0.0,75.33,19.5858,0.26,4,0
7627,US-2015-159499,314,1528,83,522,1,52,325.632,6,0.2,407.03999999999996,28.4928,0.0875,2,0
7628,US-2015-159499,314,1208,83,522,1,52,23.344,2,0.2,29.18,-1.459,-0.0625,2,0
7629,US-2015-159499,314,1009,83,522,1,52,16.52,5,0.2,20.65,5.369,0.325,2,0
7630,CA-2014-162089,89,557,810,471,3,231,335.72,5,0.2,419.65000000000003,113.3055,0.33749999999999997,2,0
7631,CA-2014-162089,89,818,810,471,3,231,251.944,7,0.2,314.92999999999995,88.1804,0.35000000000000003,2,0
7632,CA-2014-162089,89,793,810,471,3,231,127.302,7,0.3,181.86,-9.093,-0.07142857142857142,2,1
7633,US-2017-158526,348,292,615,1282,1,176,1207.84,8,0.0,1207.84,314.0384,0.26000000000000006,3,0
7634,US-2017-158526,348,1096,615,1282,1,176,12.53,1,0.0,12.53,5.8891,0.47000000000000003,3,0
7635,US-2017-158526,348,1262,615,1282,1,176,34.58,1,0.0,34.58,10.0282,0.29000000000000004,3,0
7636,US-2017-158526,348,1497,615,1282,1,176,300.98,1,0.0,300.98,87.2842,0.29,3,0
7637,US-2017-158526,348,867,615,1282,1,176,258.75,3,0.0,258.75,77.625,0.3,3,0
7638,CA-2017-104885,588,1501,581,145,2,286,59.52,3,0.0,59.52,15.4752,0.25999999999999995,6,0
7639,CA-2017-104885,588,1452,581,145,2,286,57.96,7,0.0,57.96,27.2412,0.47,6,0
7640,CA-2017-104885,588,1488,581,145,2,286,441.96,2,0.0,441.96,101.6508,0.23,6,0
7641,CA-2017-104885,588,1714,581,145,2,286,68.04,6,0.0,68.04,33.3396,0.48999999999999994,6,0
7642,US-2016-157490,698,1823,1100,878,3,261,703.71,6,0.7,2345.7,-938.28,-1.3333333333333333,1,1
7643,US-2016-157490,698,529,1100,878,3,261,17.904,4,0.7,59.67999999999999,-14.92,-0.8333333333333334,1,1
7644,US-2016-157490,698,1231,1100,878,3,261,11.976,4,0.7,39.919999999999995,-9.1816,-0.7666666666666666,1,1
7645,US-2016-157490,698,1618,1100,878,3,261,67.96,5,0.2,84.94999999999999,0.8495,0.012500000000000002,1,0
7646,CA-2015-161452,663,874,58,348,2,2,892.224,3,0.2,1115.28,89.2224,0.09999999999999999,6,0
7647,US-2014-115196,352,1783,341,104,2,255,1299.99,2,0.5,2599.98,-571.9956,-0.43999999999999995,4,1
7648,CA-2016-138968,713,799,544,1245,3,95,4.544,2,0.2,5.679999999999999,1.6472,0.36250000000000004,1,0
7649,CA-2016-138968,713,775,544,1245,3,95,1352.032,4,0.2,1690.0399999999997,84.502,0.0625,1,0
7650,CA-2015-101889,107,739,18,621,2,369,1548.99,9,0.4,2581.65,-464.697,-0.3,4,1
7651,CA-2015-101889,107,1452,18,621,2,369,19.872,3,0.2,24.84,6.7068,0.3375,4,0
7652,CA-2017-110821,238,101,784,1300,3,177,119.448,3,0.2,149.30999999999997,-13.4379,-0.11250000000000002,1,0
7653,CA-2017-110821,238,236,784,1300,3,177,118.16,2,0.2,147.7,-25.109,-0.21250000000000002,1,0
7654,CA-2015-121552,784,1662,205,1076,2,365,19.56,4,0.0,19.56,5.4768,0.28,5,0
7655,CA-2015-107685,623,1703,673,1258,1,122,80.96,4,0.0,80.96,29.1456,0.36000000000000004,2,0
7656,CA-2015-107685,623,1466,673,1258,1,122,25.92,4,0.0,25.92,12.4416,0.4799999999999999,2,0
7657,US-2014-120740,29,651,1167,1167,4,14,106.96,2,0.0,106.96,31.0184,0.29000000000000004,0,0
7658,US-2014-120740,29,268,1167,1167,4,14,187.76,4,0.0,187.76,76.9816,0.41000000000000003,0,0
7659,CA-2017-155740,680,670,246,1325,3,347,76.776,4,0.7,255.91999999999996,-53.7432,-0.7000000000000001,3,1
7660,CA-2017-146493,52,829,703,930,2,11,53.9,5,0.0,53.9,25.872,0.48000000000000004,4,0
7661,CA-2014-105417,746,442,1168,1317,2,144,76.728,3,0.6,191.81999999999996,-53.7096,-0.7000000000000001,5,1
7662,CA-2014-105417,746,986,1168,1317,2,144,10.43,7,0.8,52.15000000000001,-18.2525,-1.7500000000000002,5,1
7663,US-2017-141509,624,1168,366,173,3,2,99.2,5,0.0,99.2,25.792,0.26,2,0
7664,CA-2017-139493,612,704,1169,21,2,197,15.92,5,0.2,19.9,2.786,0.17500000000000002,6,0
7665,CA-2014-151967,631,1526,69,966,2,193,129.92,4,0.0,129.92,10.3936,0.08,4,0
7666,US-2016-140158,661,1000,965,751,2,260,30.4,1,0.0,30.4,13.984,0.46,4,0
7667,US-2016-140158,661,307,965,751,2,260,5399.91,9,0.0,5399.91,2591.9568,0.48,4,0
7668,US-2016-140158,661,1717,965,751,2,260,119.1,3,0.0,119.1,34.539,0.29000000000000004,4,0
7669,CA-2015-130974,16,579,155,240,1,290,40.08,6,0.0,40.08,19.2384,0.48,2,0
7670,CA-2015-130974,16,682,155,240,1,290,59.94,3,0.0,59.94,28.1718,0.47000000000000003,2,0
7671,CA-2015-130974,16,1302,155,240,1,290,259.98,2,0.0,259.98,88.3932,0.33999999999999997,2,0
7672,CA-2015-130974,16,1529,155,240,1,290,170.98,1,0.0,170.98,32.4862,0.19,2,0
7673,CA-2015-130974,16,1824,155,240,1,290,38.97,3,0.0,38.97,4.6764,0.12000000000000001,2,0
7674,CA-2015-130974,16,1020,155,240,1,290,154.9,5,0.0,154.9,69.705,0.44999999999999996,2,0
7675,CA-2015-130974,16,899,155,240,1,290,446.068,4,0.3,637.24,0.0,0.0,2,1
7676,CA-2017-133487,773,474,637,1189,1,350,152.94,3,0.0,152.94,41.2938,0.26999999999999996,3,0
7677,CA-2014-142951,162,1600,1170,1170,4,44,23.472,3,0.2,29.34,4.9878,0.2125,0,0
7678,CA-2014-133592,455,1690,521,1422,2,260,195.64,4,0.0,195.64,91.9508,0.47000000000000003,7,0
7679,CA-2014-133592,455,1026,521,1422,2,260,14.94,3,0.0,14.94,7.0218,0.47000000000000003,7,0
7680,CA-2014-133592,455,696,521,1422,2,260,1687.8,4,0.0,1687.8,742.632,0.44,7,0
7681,CA-2014-133592,455,1058,521,1422,2,260,341.96,2,0.0,341.96,78.6508,0.23000000000000004,7,0
7682,CA-2014-133592,455,39,521,1422,2,260,605.88,6,0.0,605.88,151.47,0.25,7,0
7683,CA-2015-120782,175,1471,153,490,3,375,186.732,1,0.1,207.48,41.496,0.22222222222222224,3,0
7684,CA-2015-120782,175,451,153,490,3,375,3812.97,3,0.0,3812.97,1906.485,0.5,3,0
7685,CA-2015-116876,75,1813,967,781,2,145,26.424,9,0.2,33.029999999999994,9.5787,0.3625,7,0
7686,CA-2015-116876,75,1719,967,781,2,145,625.99,1,0.0,625.99,187.797,0.3,7,0
7687,CA-2016-169838,180,617,882,897,2,31,1568.61,9,0.0,1568.61,329.4081,0.21000000000000002,4,0
7688,CA-2016-169838,180,154,882,897,2,31,17.3,1,0.0,17.3,8.304,0.48,4,0
7689,CA-2016-169838,180,1825,882,897,2,31,160.0,8,0.0,160.0,62.4,0.39,4,0
7690,US-2017-128951,603,811,664,730,3,304,179.94,3,0.0,179.94,50.3832,0.28,2,0
7691,US-2017-128951,603,310,664,730,3,304,872.94,3,0.0,872.94,157.1292,0.18,2,0
7692,US-2017-128951,603,90,664,730,3,304,12.96,2,0.0,12.96,6.2208,0.4799999999999999,2,0
7693,CA-2014-102330,483,430,283,929,2,91,88.8,6,0.0,88.8,44.4,0.5,5,0
7694,CA-2014-102330,483,1279,283,929,2,91,319.968,4,0.2,399.96,35.9964,0.1125,5,0
7695,CA-2016-118899,508,1145,555,555,4,6,167.888,7,0.2,209.85999999999999,14.6902,0.08750000000000001,0,0
7696,CA-2017-107958,572,448,1171,958,3,67,163.96,5,0.2,204.95,59.4355,0.3625,3,0
7697,CA-2017-107958,572,1505,1171,958,3,67,5.232,4,0.8,26.160000000000007,-8.1096,-1.55,3,1
7698,CA-2017-151799,409,350,818,405,2,129,1199.98,2,0.0,1199.98,467.9922,0.39,4,0
7699,CA-2017-151799,409,236,818,405,2,129,73.85,1,0.0,73.85,2.2155,0.030000000000000002,4,0
7700,CA-2017-151799,409,1258,818,405,2,129,25.71,3,0.0,25.71,6.6846,0.25999999999999995,4,0
7701,CA-2017-151799,409,1580,818,405,2,129,17.28,6,0.0,17.28,8.1216,0.47000000000000003,4,0
7702,CA-2017-151799,409,216,818,405,2,129,526.582,2,0.3,752.26,-52.6582,-0.1,4,1
7703,CA-2016-114601,5,821,371,477,2,152,11.56,2,0.0,11.56,5.6644,0.48999999999999994,7,0
7704,CA-2016-114601,5,600,371,477,2,152,209.97,3,0.0,209.97,58.7916,0.28,7,0
7705,CA-2016-114601,5,824,371,477,2,152,447.84,4,0.0,447.84,98.5248,0.22,7,0
7706,CA-2016-114601,5,332,371,477,2,152,479.97,3,0.0,479.97,163.1898,0.33999999999999997,7,0
7707,CA-2016-114601,5,672,371,477,2,152,8.64,3,0.0,8.64,2.5056,0.29,7,0
7708,CA-2017-100237,459,1664,454,16,2,13,11.68,2,0.0,11.68,4.2048,0.36,4,0
7709,CA-2014-139542,700,1618,1090,195,2,75,40.776,3,0.2,50.97,0.5097,0.0125,4,0
7710,CA-2014-139542,700,339,1090,195,2,75,13.698,3,0.7,45.66,-9.5886,-0.7,4,1
7711,US-2015-142811,140,1514,789,1004,2,155,87.8,5,0.2,109.74999999999999,32.925,0.375,5,0
7712,CA-2017-139353,50,1417,961,506,1,307,77.952,3,0.2,97.44,15.5904,0.2,2,0
7713,CA-2017-139353,50,197,961,506,1,307,147.184,2,0.2,183.98,-29.4368,-0.2,2,0
7714,CA-2017-139353,50,1786,961,506,1,307,47.952,3,0.2,59.94,16.1838,0.3375,2,0
7715,CA-2014-150203,103,587,30,1036,3,4,250.26,6,0.0,250.26,72.5754,0.29000000000000004,2,0
7716,US-2017-101518,288,1618,133,1184,2,12,40.776,3,0.2,50.97,0.5097,0.0125,5,0
7717,CA-2015-149636,408,957,1172,1027,2,98,29.6,5,0.2,37.0,9.25,0.3125,6,0
7718,CA-2015-149636,408,508,1172,1027,2,98,1.938,2,0.7,6.459999999999999,-1.3566,-0.7000000000000001,6,1
7719,US-2017-146213,205,1228,429,33,2,4,159.96,4,0.0,159.96,51.1872,0.31999999999999995,5,0
7720,CA-2015-108588,411,1501,957,554,2,30,59.52,3,0.0,59.52,15.4752,0.25999999999999995,5,0
7721,CA-2015-108588,411,756,957,554,2,30,17.48,2,0.0,17.48,8.2156,0.47000000000000003,5,0
7722,CA-2015-108588,411,1264,957,554,2,30,13.168,2,0.2,16.459999999999997,4.6088,0.35,5,0
7723,US-2017-138086,271,1826,514,694,2,10,40.74,3,0.0,40.74,12.222,0.3,4,0
7724,CA-2015-139374,754,1190,230,472,2,111,179.886,1,0.3,256.98,-2.5698,-0.014285714285714285,4,1
7725,CA-2016-113978,701,848,478,322,2,178,286.256,1,0.2,357.81999999999994,17.891,0.0625,4,0
7726,CA-2016-113978,701,465,478,322,2,178,24.224,2,0.2,30.279999999999998,-4.8448,-0.2,4,0
7727,CA-2016-113978,701,943,478,322,2,178,331.536,3,0.2,414.41999999999996,-82.884,-0.25,4,0
7728,US-2015-150231,83,1664,200,306,1,30,17.52,3,0.0,17.52,6.3072,0.36,4,0
7729,CA-2016-106915,655,797,492,500,2,295,17.856,4,0.2,22.32,4.2408,0.2375,6,0
7730,US-2016-109260,185,1333,183,394,2,395,431.976,3,0.2,539.9699999999999,-75.5958,-0.175,5,0
7731,CA-2017-104850,70,1210,488,250,2,6,291.136,4,0.2,363.92,-25.4744,-0.0875,6,0
7732,CA-2017-140508,51,82,66,297,3,78,114.848,4,0.2,143.56,35.89,0.3125,3,0
7733,CA-2017-143294,480,579,456,111,2,33,10.688,2,0.2,13.36,3.7408,0.35,6,0
7734,CA-2016-165673,439,1394,667,289,1,158,15.232,4,0.2,19.04,5.5216,0.36250000000000004,4,0
7735,CA-2017-134418,422,155,176,1089,2,6,12.42,3,0.0,12.42,5.2164,0.42000000000000004,5,0
7736,US-2016-106313,376,681,251,371,2,60,19.44,3,0.0,19.44,9.3312,0.48000000000000004,4,0
7737,CA-2014-105872,507,716,993,572,2,24,70.368,4,0.2,87.96,26.388,0.37500000000000006,7,0
7738,CA-2017-108287,744,1040,405,699,3,44,12.672,9,0.2,15.84,1.4256,0.11249999999999999,2,0
7739,CA-2017-141103,283,832,246,635,2,309,89.95,5,0.0,89.95,43.176,0.48,7,0
7740,CA-2014-154781,650,1129,872,36,2,95,6.58,2,0.0,6.58,3.0268,0.46,5,0
7741,CA-2014-154781,650,1524,872,36,2,95,94.99,1,0.0,94.99,28.497,0.3,5,0
7742,CA-2015-147816,620,1514,497,121,1,116,35.12,2,0.2,43.89999999999999,13.17,0.375,2,0
7743,CA-2017-105326,410,989,649,152,2,2,25.92,4,0.0,25.92,12.4416,0.4799999999999999,7,0
7744,CA-2016-133613,292,1407,27,1304,2,506,7.96,2,0.0,7.96,3.7412,0.47000000000000003,5,0
7745,CA-2016-133613,292,868,27,1304,2,506,566.97,3,0.0,566.97,153.0819,0.26999999999999996,5,0
7746,CA-2016-133613,292,951,27,1304,2,506,9.84,3,0.0,9.84,2.8536,0.29000000000000004,5,0
7747,CA-2015-109113,736,789,547,707,2,27,25.488,2,0.2,31.86,4.779,0.1875,4,0
7748,CA-2015-156153,195,243,71,1246,1,256,7.56,6,0.0,7.56,0.3024,0.04,2,0
7749,CA-2015-133242,169,1493,653,1423,2,102,60.84,3,0.0,60.84,19.4688,0.32,6,0
7750,CA-2015-133242,169,907,653,1423,2,102,450.04,2,0.0,450.04,58.5052,0.13,6,0
7751,CA-2015-133242,169,154,653,1423,2,102,34.6,2,0.0,34.6,16.608,0.48,6,0
7752,CA-2015-133242,169,496,653,1423,2,102,467.97,3,0.0,467.97,140.391,0.3,6,0
7753,CA-2015-133242,169,730,653,1423,2,102,33.02,2,0.0,33.02,15.8496,0.48,6,0
7754,CA-2015-158323,449,1446,673,156,3,223,17.088,2,0.2,21.36,1.068,0.0625,3,0
7755,CA-2015-161795,341,869,380,707,1,48,3.008,2,0.2,3.76,0.3384,0.11249999999999999,2,0
7756,CA-2017-100902,243,1827,702,611,2,44,268.24,7,0.2,335.3,93.884,0.35,4,0
7757,CA-2017-100902,243,620,702,611,2,44,431.16,5,0.2,538.95,107.79,0.25,4,0
7758,CA-2017-112844,408,48,39,674,1,251,43.6,4,0.0,43.6,12.208,0.27999999999999997,3,0
7759,CA-2017-112844,408,1705,39,674,1,251,154.95,3,0.0,154.95,30.99,0.2,3,0
7760,CA-2016-158925,688,935,1058,100,2,17,15.552,3,0.2,19.439999999999998,5.4432,0.35000000000000003,4,0
7761,CA-2014-155390,768,955,777,1361,2,32,42.208,2,0.2,52.76,13.7176,0.325,5,0
7762,CA-2017-123071,143,1152,735,1140,3,303,10.368,2,0.2,12.959999999999999,3.6288,0.35,3,0
7763,CA-2017-156391,360,1062,987,395,3,161,2.224,1,0.2,2.7800000000000002,0.556,0.25,2,0
7764,CA-2015-103093,384,1452,303,1108,2,113,74.52,9,0.0,74.52,35.0244,0.47000000000000003,4,0
7765,US-2017-118941,180,513,802,802,4,210,17.52,3,0.0,17.52,5.256,0.30000000000000004,0,0
7766,US-2017-118941,180,407,802,802,4,210,1779.9,5,0.0,1779.9,373.779,0.21,0,0
7767,US-2017-118941,180,400,802,802,4,210,219.9,5,0.0,219.9,59.373,0.26999999999999996,0,0
7768,CA-2015-169299,158,80,253,1338,3,41,7.152,3,0.2,8.94,0.7152,0.09999999999999999,2,0
7769,CA-2017-154088,446,653,106,702,2,395,26.72,5,0.2,33.4,9.352,0.35000000000000003,5,0
7770,CA-2016-155978,132,1149,1148,1148,4,216,1039.728,2,0.2,1299.66,90.9762,0.0875,0,0
7771,CA-2016-155978,132,10,1148,1148,4,216,45.96,2,0.0,45.96,13.788,0.3,0,0
7772,CA-2016-108196,474,693,882,500,2,404,456.588,2,0.7,1521.9599999999998,-304.392,-0.6666666666666666,7,1
7773,CA-2016-108196,474,1498,882,500,2,404,4499.985,5,0.7,14999.949999999997,-6599.978,-1.4666666666666668,7,1
7774,CA-2016-108196,474,1828,882,500,2,404,59.976,3,0.2,74.97,11.9952,0.2,7,0
7775,CA-2016-152800,728,30,1173,174,3,10,6.12,3,0.0,6.12,2.8764,0.47,2,0
7776,CA-2014-166961,523,1645,423,521,2,521,10.98,1,0.0,10.98,2.9646,0.26999999999999996,4,0
7777,CA-2014-166961,523,1712,423,521,2,521,7.86,3,0.0,7.86,3.6156,0.46,4,0
7778,CA-2014-166961,523,457,423,521,2,521,51.45,3,0.0,51.45,13.8915,0.27,4,0
7779,CA-2014-166961,523,1088,423,521,2,521,37.056,3,0.2,46.31999999999999,13.896,0.37500000000000006,4,0
7780,CA-2016-139381,168,474,725,184,2,338,203.92,4,0.0,203.92,55.0584,0.27,4,0
7781,CA-2016-139381,168,1180,725,184,2,338,29.56,4,0.0,29.56,7.9812,0.27,4,0
7782,CA-2015-132136,384,277,937,900,2,37,8.568,3,0.8,42.84000000000001,-14.5656,-1.7,4,1
7783,CA-2016-162236,46,87,255,62,1,44,45.248,2,0.2,56.559999999999995,3.9592,0.08750000000000001,2,0
7784,CA-2016-162236,46,278,255,62,1,44,876.3,10,0.4,1460.5,-292.1,-0.33333333333333337,2,1
7785,CA-2016-162236,46,414,255,62,1,44,185.376,2,0.2,231.72,-34.758,-0.1875,2,0
7786,US-2014-111353,172,50,504,777,2,30,25.06,2,0.0,25.06,11.7782,0.47000000000000003,7,0
7787,US-2016-117037,561,1785,625,245,3,156,2.89,1,0.8,14.450000000000005,-4.7685,-1.6500000000000001,3,1
7788,US-2016-117037,561,1322,625,245,3,156,7.896,3,0.2,9.87,2.4675,0.3125,3,0
7789,US-2016-117037,561,1156,625,245,3,156,22.608,3,0.6,56.519999999999996,-10.1736,-0.45,3,1
7790,US-2016-117037,561,1447,625,245,3,156,30.528,8,0.2,38.16,9.54,0.3125,3,0
7791,CA-2017-160801,436,637,21,21,4,75,4.842,3,0.7,16.139999999999997,-3.3894,-0.7000000000000001,0,1
7792,CA-2016-108364,772,752,1055,436,2,37,1.8,5,0.8,9.000000000000002,-2.88,-1.5999999999999999,5,1
7793,CA-2017-169362,134,607,387,454,3,163,39.984,2,0.2,49.98,-1.4994,-0.0375,3,0
7794,CA-2015-127481,64,330,296,84,1,122,32.4,5,0.0,32.4,15.876,0.49,3,0
7795,CA-2015-127481,64,127,296,84,1,122,97.88,2,0.0,97.88,48.94,0.5,3,0
7796,CA-2015-112711,249,1486,985,1075,2,140,307.168,4,0.2,383.96,30.7168,0.09999999999999999,6,0
7797,US-2015-145121,173,62,654,1273,2,265,26.9,5,0.0,26.9,13.181,0.49,4,0
7798,CA-2017-166184,404,1359,669,997,3,46,47.01,3,0.0,47.01,22.0947,0.47000000000000003,3,0
7799,CA-2017-166184,404,1148,669,997,3,46,469.99,1,0.0,469.99,136.2971,0.29,3,0
7800,CA-2017-166184,404,390,669,997,3,46,207.846,3,0.1,230.94,2.3094,0.011111111111111112,3,0
7801,CA-2017-157413,769,274,703,922,2,75,324.744,3,0.2,405.93,-77.1267,-0.2375,5,0
7802,CA-2014-143637,385,1703,978,1159,1,254,40.48,2,0.0,40.48,14.5728,0.36000000000000004,5,0
7803,CA-2015-102260,320,1172,358,121,2,79,12.0,4,0.2,15.0,4.2,0.35000000000000003,4,0
7804,CA-2015-102260,320,907,358,121,2,79,720.064,4,0.2,900.0799999999999,-63.0056,-0.08750000000000001,4,0
7805,CA-2015-102260,320,968,358,121,2,79,25.424,1,0.2,31.779999999999998,-4.767,-0.18750000000000003,4,0
7806,CA-2015-102260,320,1040,358,121,2,79,2.816,2,0.2,3.5199999999999996,0.3168,0.11250000000000002,4,0
7807,CA-2015-102260,320,962,358,121,2,79,3.204,2,0.7,10.68,-2.5632,-0.8,4,1
7808,US-2016-137295,746,909,1135,1284,2,315,30.828,7,0.7,102.75999999999998,-24.6624,-0.8,5,1
7809,US-2016-137295,746,1042,1135,1284,2,315,47.616,3,0.2,59.519999999999996,5.952,0.125,5,0
7810,US-2016-137295,746,1788,1135,1284,2,315,108.784,2,0.2,135.98,10.8784,0.09999999999999999,5,0
7811,CA-2016-134334,55,1447,1174,432,3,235,4.77,1,0.0,4.77,2.1465,0.45000000000000007,1,0
7812,CA-2016-134334,55,1597,1174,432,3,235,7.98,3,0.0,7.98,2.0748,0.26,1,0
7813,CA-2016-134334,55,737,1174,432,3,235,550.431,3,0.3,786.3300000000002,-47.1798,-0.08571428571428572,1,1
7814,CA-2016-134334,55,248,1174,432,3,235,10.56,6,0.0,10.56,4.6464,0.43999999999999995,1,0
7815,US-2017-109316,68,27,111,194,3,14,1497.666,2,0.15,1761.96,140.9568,0.09411764705882353,2,0
7816,US-2017-109316,68,851,111,194,3,14,17.52,2,0.2,21.9,-3.504,-0.2,2,0
7817,CA-2016-138478,504,979,148,1374,1,284,113.22,3,0.0,113.22,29.4372,0.26,5,0
7818,CA-2016-138478,504,1777,148,1374,1,284,35.88,6,0.0,35.88,17.5812,0.48999999999999994,5,0
7819,CA-2016-138478,504,1626,148,1374,1,284,4535.976,3,0.2,5669.969999999999,1644.2913,0.36250000000000004,5,0
7820,CA-2017-150469,171,1085,796,290,2,10,11.84,8,0.0,11.84,5.6832,0.48000000000000004,4,0
7821,CA-2017-152436,195,596,167,390,1,482,592.74,6,0.0,592.74,160.0398,0.27,2,0
7822,CA-2016-169334,544,1019,148,1058,1,281,111.672,9,0.2,139.58999999999997,6.9795,0.0625,3,0
7823,US-2014-115413,453,1008,87,417,2,286,8.64,3,0.0,8.64,2.5056,0.29,6,0
7824,US-2014-115413,453,1234,87,417,2,286,149.97,3,0.0,149.97,52.4895,0.35,6,0
7825,CA-2014-125150,464,1341,1175,236,2,2,232.88,5,0.2,291.09999999999997,17.466,0.07500000000000001,7,0
7826,CA-2015-127327,464,39,303,1108,2,499,90.882,1,0.1,100.98,15.147,0.16666666666666666,4,0
7827,CA-2017-117114,389,560,1109,61,2,27,508.768,4,0.2,635.9599999999999,38.1576,0.07500000000000001,5,0
7828,CA-2017-117114,389,319,1109,61,2,27,9.912,3,0.2,12.39,3.2214,0.32499999999999996,5,0
7829,CA-2015-137302,309,1392,34,490,2,189,63.936,3,0.2,79.92,6.3936,0.1,5,0
7830,CA-2015-137302,309,398,34,490,2,189,59.52,3,0.0,59.52,15.4752,0.25999999999999995,5,0
7831,CA-2015-137302,309,1766,34,490,2,189,311.976,3,0.2,389.96999999999997,38.997,0.125,5,0
7832,CA-2015-137302,309,302,34,490,2,189,50.352,3,0.2,62.93999999999999,17.6232,0.35000000000000003,5,0
7833,CA-2016-112382,470,180,196,1310,2,67,19.136,2,0.2,23.919999999999998,1.9136,0.1,4,0
7834,CA-2015-128958,737,347,1176,1226,2,583,13.12,5,0.2,16.4,2.132,0.1625,4,0
7835,CA-2015-106257,687,1001,658,787,1,63,241.568,2,0.2,301.96,-15.098,-0.0625,4,0
7836,CA-2015-106257,687,717,658,787,1,63,479.92,2,0.2,599.9,41.993,0.08750000000000001,4,0
7837,CA-2015-149083,65,993,13,1239,2,6,307.136,4,0.2,383.92,-11.5176,-0.0375,5,0
7838,CA-2015-149083,65,1622,13,1239,2,6,12.6,2,0.0,12.6,5.796,0.46,5,0
7839,CA-2015-149083,65,429,13,1239,2,6,159.98,2,0.0,159.98,57.5928,0.36,5,0
7840,US-2014-137869,611,30,1177,1064,2,194,6.12,3,0.0,6.12,2.8764,0.47,5,0
7841,US-2014-137869,611,1235,1177,1064,2,194,1184.72,4,0.0,1184.72,106.6248,0.09,5,0
7842,CA-2016-116603,248,10,20,406,2,24,45.96,2,0.0,45.96,13.788,0.3,5,0
7843,CA-2014-158470,370,613,988,489,1,102,58.05,3,0.0,58.05,26.703,0.46,4,0
7844,CA-2014-158470,370,56,988,489,1,102,71.28,11,0.0,71.28,34.2144,0.48,4,0
7845,US-2017-123834,422,973,247,801,2,426,124.404,4,0.3,177.72,-21.3264,-0.17142857142857143,4,1
7846,CA-2015-125976,524,1031,875,654,2,102,154.9,5,0.0,154.9,69.705,0.44999999999999996,5,0
7847,CA-2015-125976,524,496,875,654,2,102,1871.88,12,0.0,1871.88,561.564,0.3,5,0
7848,CA-2016-128706,387,1654,536,1424,2,33,16.192,2,0.6,40.48,-6.8816,-0.425,4,1
7849,CA-2016-104311,549,1556,441,716,2,275,18.936,3,0.2,23.669999999999998,-3.7872,-0.19999999999999998,4,0
7850,CA-2016-104311,549,1506,441,716,2,275,12.672,3,0.2,15.84,-3.168,-0.25,4,0
7851,CA-2016-104311,549,841,441,716,2,275,5.04,2,0.2,6.3,1.764,0.35,4,0
7852,CA-2014-169649,132,1715,338,535,2,156,8.448,2,0.2,10.56,2.9568,0.35,6,0
7853,CA-2014-169649,132,544,338,535,2,156,20.388,2,0.8,101.94000000000003,-53.0088,-2.5999999999999996,6,1
7854,CA-2015-144890,599,1051,708,1233,2,14,9.96,2,0.0,9.96,4.8804,0.48999999999999994,4,0
7855,CA-2017-135587,4,1318,227,1260,2,502,320.64,4,0.0,320.64,89.7792,0.28,5,0
7856,CA-2017-135587,4,198,227,1260,2,502,52.0,4,0.0,52.0,23.4,0.44999999999999996,5,0
7857,CA-2014-103429,430,1400,993,107,3,24,25.584,2,0.2,31.979999999999997,8.9544,0.35,2,0
7858,CA-2014-103429,430,919,993,107,3,24,464.0,5,0.0,464.0,134.56,0.29,2,0
7859,CA-2014-103429,430,1153,993,107,3,24,235.95,3,0.0,235.95,77.8635,0.33,2,0
7860,CA-2014-103429,430,992,993,107,3,24,39.96,4,0.0,39.96,17.982,0.44999999999999996,2,0
7861,CA-2017-152261,351,1088,581,905,2,244,18.528,4,0.7,61.759999999999984,-12.352,-0.6666666666666667,4,1
7862,CA-2015-142993,568,1045,89,873,2,6,17.9,2,0.0,17.9,3.401,0.19,5,0
7863,CA-2015-142993,568,357,89,873,2,6,81.96,2,0.0,81.96,0.0,0.0,5,0
7864,CA-2015-143364,593,419,1178,491,1,155,272.736,3,0.2,340.91999999999996,-64.7748,-0.23750000000000002,5,0
7865,CA-2015-143364,593,1829,1178,491,1,155,18.496,4,0.2,23.119999999999997,6.7048,0.3625,5,0
7866,CA-2015-143364,593,158,1178,491,1,155,441.92,2,0.2,552.4,49.716,0.1125,5,0
7867,CA-2015-143364,593,1545,1178,491,1,155,127.764,6,0.7,425.87999999999994,-191.646,-1.5,5,1
7868,CA-2014-100972,749,448,85,157,1,364,166.44,3,0.0,166.44,79.8912,0.48,5,0
7869,CA-2016-136994,202,1071,1023,800,2,63,13.38,2,0.0,13.38,6.1548,0.45999999999999996,6,0
7870,US-2017-166233,658,47,446,363,2,223,24.0,2,0.2,30.0,-2.7,-0.1125,6,0
7871,CA-2017-122112,663,662,146,366,2,347,24.448,4,0.2,30.56,8.8624,0.36249999999999993,4,0
7872,CA-2016-101672,627,642,340,878,2,548,6.16,2,0.0,6.16,2.9568,0.48,4,0
7873,CA-2016-101672,627,121,340,878,2,548,915.136,4,0.2,1143.9199999999998,102.9528,0.1125,4,0
7874,CA-2016-101672,627,1533,340,878,2,548,8.56,2,0.0,8.56,3.852,0.44999999999999996,4,0
7875,CA-2016-101672,627,1185,340,878,2,548,97.82,2,0.0,97.82,45.9754,0.47000000000000003,4,0
7876,CA-2017-168403,461,330,429,176,2,41,31.104,6,0.2,38.879999999999995,11.2752,0.3625,6,0
7877,CA-2017-168403,461,1804,429,176,2,41,11.176,1,0.2,13.969999999999999,0.8382,0.075,6,0
7878,CA-2015-148705,433,1043,900,1305,2,44,5.04,2,0.2,6.3,1.764,0.35,6,0
7879,CA-2016-160241,661,1815,897,430,1,174,242.176,4,0.6,605.4399999999999,-302.72,-1.2500000000000002,5,1
7880,CA-2016-155747,41,1661,404,1029,2,12,337.176,2,0.4,561.96,-118.0116,-0.35000000000000003,7,1
7881,CA-2017-118017,49,450,735,1140,1,462,13.344,6,0.2,16.68,1.0008,0.075,3,0
7882,CA-2017-118017,49,1098,735,1140,1,462,76.752,6,0.2,95.93999999999998,10.5534,0.1375,3,0
7883,CA-2017-118017,49,1098,735,1140,1,462,102.336,8,0.2,127.91999999999999,14.0712,0.13749999999999998,3,0
7884,CA-2017-118017,49,1409,735,1140,1,462,10.32,2,0.2,12.9,3.741,0.3625,3,0
7885,CA-2017-118017,49,1567,735,1140,1,462,47.32,7,0.2,59.15,5.915,0.125,3,0
7886,CA-2017-118017,49,222,735,1140,1,462,23.376,3,0.2,29.22,7.0128,0.3,3,0
7887,CA-2017-118017,49,1007,735,1140,1,462,16.72,5,0.2,20.9,3.344,0.2,3,0
7888,CA-2017-118017,49,1654,735,1140,1,462,16.192,1,0.2,20.24,4.6552,0.2875,3,0
7889,CA-2016-113117,188,713,766,251,2,595,32.4,5,0.0,32.4,15.552,0.48,6,0
7890,CA-2016-148684,773,454,592,724,2,146,19.89,9,0.0,19.89,5.3703,0.27,4,0
7891,CA-2016-148684,773,652,592,724,2,146,399.98,2,0.0,399.98,171.9914,0.43,4,0
7892,CA-2016-148684,773,569,592,724,2,146,343.85,5,0.0,343.85,137.54,0.39999999999999997,4,0
7893,CA-2016-148684,773,1734,592,724,2,146,106.32,3,0.0,106.32,49.9704,0.47000000000000003,4,0
7894,CA-2017-125367,135,327,284,246,2,165,13.92,3,0.2,17.4,4.35,0.3125,7,0
7895,CA-2017-124744,259,92,549,644,2,596,82.4,5,0.0,82.4,40.376,0.48999999999999994,4,0
7896,CA-2017-124744,259,745,549,644,2,596,6.24,2,0.0,6.24,3.0576,0.48999999999999994,4,0
7897,CA-2017-124744,259,315,549,644,2,596,447.84,8,0.0,447.84,219.4416,0.49,4,0
7898,CA-2017-128363,420,536,803,239,2,32,272.048,7,0.2,340.06,30.6054,0.1125,5,0
7899,CA-2017-128363,420,1177,803,239,2,32,1614.582,6,0.7,5381.94,-1237.8462,-0.7666666666666666,5,1
7900,CA-2017-128363,420,830,803,239,2,32,24.32,5,0.2,30.4,9.12,0.37499999999999994,5,0
7901,CA-2017-128363,420,1426,803,239,2,32,1.584,2,0.2,1.98,0.4752,0.3,5,0
7902,CA-2017-128363,420,893,803,239,2,32,31.984,1,0.2,39.98,0.0,0.0,5,0
7903,CA-2017-128363,420,437,803,239,2,32,14.76,5,0.2,18.45,4.797,0.325,5,0
7904,CA-2017-128363,420,1803,803,239,2,32,423.648,2,0.2,529.56,47.6604,0.1125,5,0
7905,CA-2015-126669,771,1053,210,51,2,67,76.64,2,0.2,95.8,26.824,0.35000000000000003,6,0
7906,US-2015-118766,61,408,53,421,2,163,4.464,1,0.2,5.58,1.674,0.37499999999999994,7,0
7907,US-2015-118766,61,923,53,421,2,163,3.96,10,0.8,19.800000000000004,-6.93,-1.75,7,1
7908,CA-2016-112585,339,848,680,1031,3,35,715.64,2,0.0,715.64,178.91,0.25,3,0
7909,CA-2016-149762,743,824,276,1287,2,597,268.704,3,0.2,335.88,6.7176,0.024999999999999998,4,0
7910,CA-2016-149762,743,449,276,1287,2,597,21.92,8,0.0,21.92,5.9184,0.26999999999999996,4,0
7911,CA-2016-149762,743,721,276,1287,2,597,48.72,3,0.0,48.72,7.308,0.15,4,0
7912,CA-2016-149762,743,431,276,1287,2,597,205.666,2,0.15,241.96,-12.098,-0.05882352941176471,4,0
7913,CA-2016-167605,263,768,237,568,1,587,30.344,2,0.6,75.86,-31.8612,-1.05,2,1
7914,US-2017-105697,556,1230,327,152,3,178,25.696,2,0.2,32.12,1.9272,0.075,2,0
7915,CA-2017-165323,257,1830,47,549,2,24,3404.5,5,0.0,3404.5,1668.205,0.49,4,0
7916,CA-2017-165323,257,1736,47,549,2,24,101.34,3,0.0,101.34,8.1072,0.08,4,0
7917,CA-2015-110891,286,813,313,28,2,12,344.372,4,0.3,491.96000000000004,-93.4724,-0.2714285714285714,4,1
7918,CA-2017-100783,452,109,508,566,1,211,30.384,1,0.2,37.98,3.798,0.125,4,0
7919,CA-2015-152513,656,277,434,952,1,143,22.848,2,0.2,28.56,7.4256,0.325,4,0
7920,CA-2017-139822,657,1221,176,297,2,506,38.62,2,0.0,38.62,10.8136,0.27999999999999997,6,0
7921,CA-2017-139822,657,1601,176,297,2,506,59.98,2,0.0,59.98,10.7964,0.18000000000000002,6,0
7922,CA-2017-107713,678,921,678,295,2,210,174.3,3,0.0,174.3,81.921,0.47000000000000003,4,0
7923,CA-2017-134096,453,1486,242,366,2,476,383.96,5,0.2,479.94999999999993,38.396,0.1,5,0
7924,CA-2017-134096,453,154,242,366,2,476,15.57,3,0.7,51.89999999999999,-11.418,-0.7333333333333333,5,1
7925,CA-2016-125843,168,79,573,766,3,29,22.32,4,0.0,22.32,10.7136,0.48,3,0
7926,CA-2016-125843,168,430,573,766,3,29,103.6,7,0.0,103.6,51.8,0.5,3,0
7927,CA-2017-120404,543,1431,226,222,1,46,2.97,3,0.0,2.97,1.3365,0.44999999999999996,4,0
7928,CA-2017-120404,543,433,226,222,1,46,569.99,1,0.0,569.99,170.997,0.30000000000000004,4,0
7929,CA-2017-120404,543,1794,226,222,1,46,50.97,3,0.0,50.97,9.1746,0.18,4,0
7930,CA-2017-167549,774,1170,801,945,3,163,298.116,6,0.3,425.88,-4.2588,-0.014285714285714287,2,1
7931,CA-2016-120082,461,1042,870,1197,1,24,59.52,3,0.0,59.52,17.856,0.3,2,0
7932,US-2016-168095,467,371,693,1181,2,41,230.28,3,0.2,287.84999999999997,23.028,0.09999999999999999,5,0
7933,US-2016-168095,467,955,693,1181,2,41,105.52,5,0.2,131.89999999999998,34.294,0.32499999999999996,5,0
7934,CA-2017-166093,460,1041,630,1044,2,91,23.36,2,0.0,23.36,11.68,0.5,7,0
7935,CA-2017-166093,460,994,630,1044,2,91,71.976,3,0.2,89.97,8.997,0.125,7,0
7936,CA-2017-166093,460,1118,630,1044,2,91,8.56,2,0.0,8.56,3.852,0.44999999999999996,7,0
7937,CA-2017-166093,460,1459,630,1044,2,91,13.92,3,0.2,17.4,4.872,0.35,7,0
7938,CA-2017-166093,460,138,630,1044,2,91,2518.29,9,0.0,2518.29,654.7554,0.26,7,0
7939,CA-2017-166093,460,735,630,1044,2,91,540.57,3,0.0,540.57,140.5482,0.26,7,0
7940,CA-2017-166093,460,656,630,1044,2,91,221.056,8,0.2,276.32,77.3696,0.35000000000000003,7,0
7941,CA-2016-146325,104,65,883,908,3,89,81.424,2,0.2,101.78,-9.1602,-0.11249999999999999,3,0
7942,CA-2016-146325,104,147,883,908,3,89,134.8,10,0.0,134.8,35.048,0.26,3,0
7943,CA-2017-134194,316,716,54,1282,2,177,39.582,9,0.8,197.91000000000005,-59.373,-1.5,7,1
7944,CA-2017-134194,316,1445,54,1282,2,177,44.688,7,0.2,55.86,5.0274,0.1125,7,0
7945,CA-2017-134194,316,1501,54,1282,2,177,31.744,2,0.2,39.68,2.3808,0.075,7,0
7946,CA-2017-134194,316,801,54,1282,2,177,40.98,5,0.8,204.90000000000003,-65.568,-1.6,7,1
7947,CA-2017-134194,316,1086,54,1282,2,177,3.168,3,0.8,15.840000000000003,-5.0688,-1.6,7,1
7948,CA-2014-131009,619,1218,73,1196,2,295,18.84,5,0.2,23.549999999999997,-3.5325,-0.1875,4,0
7949,CA-2014-131009,619,867,73,1196,2,295,362.25,6,0.3,517.5,0.0,0.0,4,1
7950,CA-2014-131009,619,751,73,1196,2,295,63.552,6,0.6,158.88,-34.9536,-0.55,4,1
7951,CA-2014-131009,619,399,73,1196,2,295,129.552,3,0.2,161.93999999999997,-22.6716,-0.17500000000000002,4,0
7952,CA-2015-145814,45,1391,903,28,2,46,5.984,2,0.2,7.4799999999999995,2.244,0.37500000000000006,5,0
7953,CA-2015-145814,45,884,903,28,2,46,861.76,4,0.0,861.76,249.9104,0.29000000000000004,5,0
7954,CA-2014-138359,543,1765,471,323,2,443,66.96,4,0.0,66.96,2.6784,0.04,5,0
7955,CA-2014-138359,543,745,471,323,2,443,6.24,2,0.0,6.24,3.0576,0.48999999999999994,5,0
7956,CA-2017-131807,56,1350,362,1209,2,550,435.168,4,0.2,543.9599999999999,-59.8356,-0.13749999999999998,5,0
7957,CA-2017-131807,56,128,362,1209,2,550,14.9,5,0.0,14.9,6.854,0.46,5,0
7958,CA-2017-131807,56,1684,362,1209,2,550,15.8,4,0.0,15.8,4.108,0.25999999999999995,5,0
7959,CA-2017-131807,56,1475,362,1209,2,550,72.9,5,0.0,72.9,26.973,0.36999999999999994,5,0
7960,CA-2017-131807,56,839,362,1209,2,550,206.352,3,0.2,257.94,5.1588,0.025,5,0
7961,CA-2017-131807,56,313,362,1209,2,550,7.992,1,0.2,9.99,2.6973,0.33749999999999997,5,0
7962,CA-2017-104864,41,1513,552,52,1,475,81.36,5,0.2,101.69999999999999,-19.323,-0.23750000000000002,5,0
7963,CA-2017-104864,41,675,552,52,1,475,20.232,8,0.7,67.43999999999998,-16.1856,-0.8,5,1
7964,CA-2017-104864,41,167,552,52,1,475,389.056,4,0.2,486.31999999999994,48.632,0.125,5,0
7965,CA-2017-104864,41,1517,552,52,1,475,20.736,4,0.2,25.919999999999998,7.2576,0.35,5,0
7966,CA-2017-104864,41,1166,552,52,1,475,41.472,8,0.2,51.839999999999996,14.5152,0.35,5,0
7967,CA-2015-138219,163,1306,392,1111,2,14,33.36,4,0.0,33.36,16.68,0.5,7,0
7968,CA-2016-157707,567,1831,1156,1397,3,77,90.882,3,0.7,302.94,-190.8522,-2.1,2,1
7969,CA-2016-157707,567,1731,1156,1397,3,77,15.992,1,0.2,19.99,-2.9985,-0.18749999999999997,2,0
7970,CA-2016-157707,567,532,1156,1397,3,77,120.784,1,0.2,150.98,13.5882,0.1125,2,0
7971,US-2015-126753,134,1016,749,1371,2,64,519.792,4,0.4,866.32,-112.6216,-0.21666666666666665,4,1
7972,US-2015-126753,134,1422,749,1371,2,64,31.176,3,0.2,38.97,-5.4558,-0.17500000000000002,4,0
7973,US-2015-126753,134,1291,749,1371,2,64,10.368,2,0.2,12.959999999999999,3.6288,0.35,4,0
7974,US-2015-126753,134,110,749,1371,2,64,2.724,2,0.7,9.08,-1.9068,-0.7,4,1
7975,US-2015-126753,134,1061,749,1371,2,64,254.352,3,0.2,317.94,0.0,0.0,4,0
7976,US-2015-126753,134,808,749,1371,2,64,3.762,3,0.7,12.539999999999997,-2.7588,-0.7333333333333333,4,1
7977,US-2015-126753,134,1013,749,1371,2,64,10.272,3,0.2,12.84,3.21,0.3125,4,0
7978,CA-2014-166051,601,421,1179,1393,2,130,659.97,3,0.0,659.97,197.991,0.3,5,0
7979,CA-2014-166051,601,530,1179,1393,2,130,113.73,3,0.0,113.73,32.9817,0.29,5,0
7980,CA-2015-113040,386,1207,376,285,2,63,5.104,1,0.2,6.38,1.6588,0.325,4,0
7981,CA-2014-103800,25,1537,1180,1168,2,15,16.448,2,0.2,20.56,5.5512,0.33749999999999997,4,0
7982,CA-2014-113383,12,565,1077,104,3,598,81.92,4,0.0,81.92,22.1184,0.27,3,0
7983,CA-2014-113383,12,1155,1077,104,3,598,254.9,5,0.0,254.9,76.47,0.3,3,0
7984,CA-2017-152499,554,1229,204,1264,1,37,15.12,5,0.2,18.9,4.914,0.325,3,0
7985,CA-2017-152499,554,1610,204,1264,1,37,7.872,3,0.2,9.84,0.8856,0.1125,3,0
7986,CA-2016-151498,36,256,439,424,3,61,8.32,5,0.2,10.4,2.808,0.33749999999999997,3,0
7987,CA-2016-137939,308,832,1181,311,1,256,89.95,5,0.0,89.95,43.176,0.48,3,0
7988,US-2016-117793,16,1622,829,49,2,599,25.2,4,0.0,25.2,11.592,0.46,6,0
7989,US-2016-117793,16,1587,829,49,2,599,37.59,3,0.0,37.59,17.6673,0.47,6,0
7990,US-2016-117793,16,329,829,49,2,599,14.97,1,0.0,14.97,4.1916,0.28,6,0
7991,US-2016-117793,16,1431,829,49,2,599,1.98,2,0.0,1.98,0.891,0.45,6,0
7992,CA-2016-133872,719,1198,404,27,3,220,39.936,4,0.7,133.11999999999998,-26.624,-0.6666666666666666,3,1
7993,CA-2016-133872,719,1576,404,27,3,220,18.464,2,0.2,23.08,2.308,0.125,3,0
7994,US-2015-165743,515,305,313,522,1,43,4.896,3,0.7,16.319999999999997,-3.4272,-0.7000000000000001,3,1
7995,US-2015-165743,515,318,313,522,1,43,145.764,6,0.7,485.87999999999994,-247.7988,-1.7,3,1
7996,US-2015-165743,515,952,313,522,1,43,9.612,6,0.7,32.03999999999999,-7.3692,-0.7666666666666667,3,1
7997,US-2017-105998,616,241,133,61,3,89,199.75,5,0.0,199.75,87.89,0.44,2,0
7998,US-2017-105998,616,617,133,61,3,89,1673.184,12,0.2,2091.48,20.9148,0.0125,2,0
7999,US-2014-148194,741,853,418,1119,3,60,12.18,7,0.0,12.18,3.8976,0.32,3,0
8000,US-2014-148194,741,337,418,1119,3,60,57.68,4,0.0,57.68,19.0344,0.33,3,0
8001,US-2015-151407,362,782,628,769,2,446,263.96,4,0.0,263.96,76.5484,0.29000000000000004,4,0
8002,CA-2015-110870,31,1136,296,84,3,4,299.94,6,0.0,299.94,128.9742,0.43,3,0
8003,CA-2015-110870,31,328,296,84,3,4,25.76,7,0.0,25.76,0.5152,0.019999999999999997,3,0
8004,CA-2014-143210,732,1624,589,641,3,112,271.9,2,0.0,271.9,78.851,0.29000000000000004,2,0
8005,CA-2014-143210,732,678,589,641,3,112,45.84,3,0.0,45.84,15.5856,0.33999999999999997,2,0
8006,CA-2014-143210,732,876,589,641,3,112,9.82,2,0.0,9.82,3.2406,0.33,2,0
8007,CA-2016-139808,499,1507,878,1228,2,160,93.36,12,0.0,93.36,0.9336,0.01,4,0
8008,CA-2015-110863,732,274,973,28,2,337,541.24,4,0.0,541.24,5.4124,0.01,7,0
8009,CA-2015-110863,732,259,973,28,2,337,106.32,3,0.0,106.32,49.9704,0.47000000000000003,7,0
8010,CA-2015-110863,732,1803,973,28,2,337,1323.9,5,0.0,1323.9,383.931,0.29,7,0
8011,CA-2014-127859,426,955,462,1425,1,64,126.624,6,0.2,158.27999999999997,41.1528,0.325,3,0
8012,US-2015-136427,595,1805,783,538,3,43,125.944,7,0.2,157.43,15.743,0.125,3,0
8013,CA-2017-120168,578,897,1127,1127,4,30,663.92,5,0.2,829.8999999999999,207.475,0.3125,0,0
8014,CA-2017-120168,578,47,1127,1127,4,30,120.0,8,0.0,120.0,13.2,0.11,0,0
8015,CA-2017-120168,578,1322,1127,1127,4,30,3.29,1,0.0,3.29,1.4805,0.44999999999999996,0,0
8016,CA-2017-120168,578,546,1127,1127,4,30,18.84,3,0.0,18.84,6.0288,0.32,0,0
8017,US-2014-131870,377,1309,341,1103,3,404,60.672,6,0.2,75.83999999999999,12.8928,0.2125,2,0
8018,US-2014-131870,377,1006,341,1103,3,404,30.816,9,0.2,38.519999999999996,2.6964,0.08750000000000001,2,0
8019,CA-2017-114804,293,195,162,16,1,591,52.792,1,0.2,65.99,4.6193,0.0875,2,0
8020,CA-2017-167227,74,1613,809,61,3,359,83.9,10,0.0,83.9,20.975,0.25,3,0
8021,CA-2017-167227,74,1018,809,61,3,359,11.76,2,0.0,11.76,5.7624,0.49000000000000005,3,0
8022,CA-2014-129189,448,1253,610,740,2,163,4.992,3,0.8,24.960000000000004,-12.9792,-2.6,4,1
8023,CA-2014-129189,448,1665,610,740,2,163,87.92,5,0.2,109.89999999999999,29.673,0.33749999999999997,4,0
8024,CA-2014-129189,448,500,610,740,2,163,657.93,5,0.3,939.9,-93.99,-0.14285714285714285,4,1
8025,CA-2014-129189,448,1582,610,740,2,163,1.044,1,0.8,5.2200000000000015,-1.827,-1.75,4,1
8026,CA-2015-132465,761,1806,862,427,1,46,210.68,2,0.0,210.68,50.5632,0.24,4,0
8027,CA-2015-132465,761,1820,862,427,1,46,78.8,1,0.0,78.8,1.576,0.02,4,0
8028,CA-2015-132465,761,85,862,427,1,46,19.99,1,0.0,19.99,6.7966,0.34,4,0
8029,CA-2015-132465,761,1663,862,427,1,46,772.68,4,0.0,772.68,108.1752,0.14,4,0
8030,CA-2016-166373,536,177,148,793,2,66,106.08,6,0.2,132.6,-9.282,-0.08750000000000001,4,0
8031,CA-2016-158806,393,1007,677,384,2,140,23.076,3,0.6,57.69,-10.9611,-0.475,4,1
8032,CA-2016-158806,393,748,677,384,2,140,25.92,5,0.2,32.4,9.072,0.3499999999999999,4,0
8033,CA-2015-119690,598,682,609,1142,3,17,47.952,3,0.2,59.94,16.1838,0.3375,3,0
8034,CA-2015-119690,598,1700,609,1142,3,17,0.984,2,0.8,4.920000000000001,-1.476,-1.5,3,1
8035,CA-2015-119690,598,1378,609,1142,3,17,75.384,9,0.6,188.45999999999998,-20.7306,-0.27499999999999997,3,1
8036,CA-2015-119690,598,746,609,1142,3,17,4.608,2,0.2,5.759999999999999,1.6704,0.36250000000000004,3,0
8037,CA-2015-153738,9,1376,1182,358,3,129,37.68,6,0.0,37.68,16.956,0.45,2,0
8038,CA-2017-169012,668,1804,816,1164,2,113,41.91,3,0.0,41.91,10.8966,0.26,4,0
8039,CA-2017-109393,548,1107,161,1171,1,4,435.999,3,0.15,512.94,5.1294,0.011764705882352941,2,0
8040,CA-2017-121489,699,168,171,327,1,61,388.704,6,0.2,485.88,38.8704,0.09999999999999999,4,0
8041,CA-2017-121489,699,622,171,327,1,61,572.58,6,0.0,572.58,34.3548,0.05999999999999999,4,0
8042,CA-2017-121489,699,1351,171,327,1,61,33.18,2,0.0,33.18,11.613,0.35,4,0
8043,US-2017-133081,392,405,826,1396,2,566,63.88,4,0.0,63.88,24.9132,0.38999999999999996,4,0
8044,US-2017-133081,392,1832,826,1396,2,566,26.72,1,0.0,26.72,11.7568,0.44,4,0
8045,CA-2017-165008,771,103,176,698,1,364,295.056,9,0.2,368.81999999999994,106.9578,0.36250000000000004,2,0
8046,CA-2016-145611,457,1153,874,447,2,46,393.25,5,0.0,393.25,129.7725,0.33,4,0
8047,CA-2016-113600,130,1700,273,908,1,244,2.214,3,0.7,7.379999999999999,-1.476,-0.6666666666666666,2,1
8048,CA-2017-130834,595,988,133,45,1,125,16.272,3,0.2,20.339999999999996,5.2884,0.32500000000000007,3,0
8049,CA-2016-168543,159,1726,895,275,2,46,706.86,7,0.0,706.86,197.9208,0.28,4,0
8050,CA-2014-144974,783,123,468,588,2,12,5.97,5,0.7,19.899999999999995,-4.577,-0.7666666666666667,4,1
8051,CA-2014-144974,783,751,468,588,2,12,21.184,1,0.2,26.48,4.7664,0.22499999999999998,4,0
8052,CA-2014-144974,783,23,468,588,2,12,41.376,6,0.2,51.71999999999999,3.1032,0.07500000000000001,4,0
8053,CA-2014-109904,542,880,687,1256,1,30,17.94,3,0.0,17.94,4.485,0.25,3,0
8054,CA-2017-152205,246,609,395,362,2,64,2.655,1,0.7,8.849999999999998,-1.8585,-0.7000000000000001,7,1
8055,CA-2015-121188,91,519,835,407,2,14,892.35,5,0.0,892.35,267.705,0.3,7,0
8056,CA-2015-121188,91,200,835,407,2,14,307.666,2,0.15,361.96,28.9568,0.09411764705882353,7,0
8057,CA-2015-121188,91,460,835,407,2,14,728.82,9,0.0,728.82,29.1528,0.039999999999999994,7,0
8058,CA-2015-121188,91,1340,835,407,2,14,41.36,5,0.2,51.699999999999996,13.959,0.3375,7,0
8059,CA-2015-121188,91,832,835,407,2,14,43.176,3,0.2,53.97,15.1116,0.35,7,0
8060,CA-2015-121188,91,1036,835,407,2,14,4.16,2,0.0,4.16,1.7472,0.42,7,0
8061,CA-2015-156013,569,315,1182,121,2,256,61.4,5,0.0,61.4,28.858,0.47000000000000003,6,0
8062,CA-2015-156013,569,1330,1182,121,2,256,24.448,2,0.2,30.56,8.8624,0.36249999999999993,6,0
8063,CA-2016-132997,561,507,78,1200,3,145,263.96,4,0.0,263.96,71.2692,0.27,2,0
8064,CA-2016-132997,561,1212,78,1200,3,145,359.97,3,0.0,359.97,100.7916,0.27999999999999997,2,0
8065,CA-2016-132997,561,1348,78,1200,3,145,12.96,2,0.0,12.96,6.2208,0.4799999999999999,2,0
8066,CA-2016-132997,561,42,78,1200,3,145,116.82,3,0.0,116.82,5.841,0.05,2,0
8067,CA-2016-132997,561,1592,78,1200,3,145,276.784,2,0.2,345.97999999999996,89.9548,0.325,2,0
8068,US-2015-160563,375,429,1183,1041,2,10,239.97,3,0.0,239.97,86.3892,0.36,4,0
8069,US-2015-160563,375,1566,1183,1041,2,10,16.02,6,0.0,16.02,6.0876,0.38,4,0
8070,CA-2017-151750,50,419,315,1355,2,144,454.56,5,0.2,568.1999999999999,-107.958,-0.2375,4,0
8071,CA-2017-151750,50,1455,315,1355,2,144,141.42,5,0.6,353.54999999999995,-187.3815,-1.325,4,1
8072,CA-2017-151750,50,638,315,1355,2,144,310.744,4,0.3,443.9200000000001,-26.6352,-0.08571428571428572,4,1
8073,CA-2017-151750,50,704,315,1355,2,144,12.736,4,0.2,15.92,2.2288,0.175,4,0
8074,CA-2017-151750,50,626,315,1355,2,144,6.47,5,0.8,32.35000000000001,-9.705,-1.5,4,1
8075,CA-2017-151750,50,186,315,1355,2,144,13.748,14,0.8,68.74000000000001,-22.6842,-1.6500000000000001,4,1
8076,CA-2017-151750,50,514,315,1355,2,144,15.224,2,0.8,76.12000000000002,-38.8212,-2.55,4,1
8077,CA-2015-106187,576,646,538,686,2,600,27.42,3,0.0,27.42,9.3228,0.34,6,0
8078,CA-2015-106187,576,897,538,686,2,600,165.98,1,0.0,165.98,74.691,0.45000000000000007,6,0
8079,CA-2015-106187,576,1372,538,686,2,600,75.0,3,0.0,75.0,18.0,0.24,6,0
8080,US-2016-164945,403,302,442,582,2,30,134.272,8,0.2,167.83999999999997,46.9952,0.35,5,0
8081,CA-2015-150714,121,934,663,550,2,331,146.544,6,0.2,183.18,47.6268,0.325,6,0
8082,CA-2015-150714,121,1767,663,550,2,331,131.904,3,0.2,164.88,47.8152,0.3625,6,0
8083,CA-2015-150714,121,544,663,550,2,331,203.88,5,0.2,254.85,20.388,0.1,6,0
8084,CA-2015-150714,121,1283,663,550,2,331,14.301,7,0.7,47.669999999999995,-10.4874,-0.7333333333333333,6,1
8085,CA-2015-150714,121,436,663,550,2,331,718.64,10,0.2,898.3,-161.694,-0.22499999999999998,6,0
8086,CA-2016-105753,785,391,202,1374,2,102,61.1,5,0.0,61.1,18.33,0.3,6,0
8087,CA-2017-120894,692,1268,1046,744,2,125,28.08,3,0.2,35.099999999999994,5.265,0.1875,4,0
8088,CA-2016-106621,679,837,322,394,1,512,10.496,4,0.2,13.12,1.1808,0.1125,2,0
8089,CA-2015-107020,161,692,849,1178,2,343,39.92,2,0.2,49.9,12.974,0.325,4,0
8090,US-2015-117492,375,23,977,102,3,309,77.58,9,0.0,77.58,20.1708,0.26,2,0
8091,CA-2014-101392,358,1425,1036,737,2,6,269.36,7,0.0,269.36,70.0336,0.26,6,0
8092,CA-2015-127502,364,746,896,640,2,95,5.76,2,0.0,5.76,2.8224,0.49000000000000005,4,0
8093,CA-2017-143658,677,941,1184,39,1,46,109.9,5,0.0,109.9,32.97,0.3,5,0
8094,CA-2017-133046,590,741,945,379,1,61,23.88,3,0.0,23.88,10.5072,0.44,5,0
8095,CA-2017-133046,590,1255,945,379,1,61,26.2,4,0.0,26.2,12.052,0.46,5,0
8096,CA-2017-133046,590,1291,945,379,1,61,12.96,2,0.0,12.96,6.2208,0.4799999999999999,5,0
8097,CA-2017-133046,590,438,945,379,1,61,234.95,5,0.0,234.95,32.893,0.14,5,0
8098,CA-2017-122798,604,393,117,1282,2,384,118.25,5,0.0,118.25,34.2925,0.29,4,0
8099,CA-2017-122798,604,1434,117,1282,2,384,4.28,1,0.0,4.28,1.926,0.44999999999999996,4,0
8100,CA-2016-169663,564,1045,613,70,3,63,26.85,3,0.0,26.85,5.1015,0.18999999999999997,3,0
8101,CA-2016-169663,564,1833,613,70,3,63,3357.6,3,0.2,4197.0,377.73,0.1125,3,0
8102,CA-2015-149846,767,618,1185,990,2,63,8.26,2,0.0,8.26,3.7996,0.46,4,0
8103,CA-2015-149846,767,669,1185,990,2,63,2973.32,7,0.2,3716.65,334.4985,0.11249999999999999,4,0
8104,CA-2015-149846,767,329,1185,990,2,63,104.79,7,0.0,104.79,29.3412,0.27999999999999997,4,0
8105,CA-2015-149846,767,298,1185,990,2,63,775.728,6,0.2,969.6599999999999,58.1796,0.07500000000000001,4,0
8106,CA-2017-159149,737,420,923,601,3,17,89.0664,1,0.32,130.98000000000002,-17.0274,-0.19117647058823528,2,1
8107,CA-2017-159149,737,1834,923,601,3,17,175.44,6,0.2,219.29999999999998,52.632,0.3,2,0
8108,CA-2017-159149,737,1076,923,601,3,17,438.336,4,0.2,547.92,-87.6672,-0.19999999999999998,2,0
8109,US-2017-167570,284,390,167,935,2,12,215.544,4,0.3,307.92,-58.5048,-0.2714285714285714,7,1
8110,CA-2017-160122,710,1759,552,52,2,37,55.584,6,0.2,69.48,20.844,0.375,5,0
8111,CA-2017-160122,710,1456,552,52,2,37,127.386,2,0.3,181.98000000000002,-25.4772,-0.2,5,1
8112,CA-2016-130393,623,475,50,276,1,363,248.43,5,0.3,354.90000000000003,-17.745,-0.07142857142857142,2,1
8113,CA-2016-130393,623,938,50,276,1,363,11.648,4,0.8,58.24000000000001,-30.8672,-2.65,2,1
8114,CA-2016-130393,623,213,50,276,1,363,85.246,2,0.3,121.78,-1.2178,-0.014285714285714287,2,1
8115,CA-2017-144820,430,924,622,567,1,90,20.64,5,0.2,25.8,2.322,0.1125,4,0
8116,CA-2017-101014,460,1818,636,508,2,14,148.02,3,0.0,148.02,41.4456,0.27999999999999997,6,0
8117,CA-2017-105543,411,1292,222,222,4,592,33.29,1,0.0,33.29,7.9896,0.24000000000000002,0,0
8118,US-2017-113201,628,1128,161,958,2,63,204.95,5,0.0,204.95,100.4255,0.49000000000000005,5,0
8119,US-2017-106551,519,500,848,945,2,156,526.344,4,0.3,751.9200000000001,-75.192,-0.14285714285714282,5,1
8120,CA-2016-116722,222,108,584,77,2,95,41.96,2,0.0,41.96,10.9096,0.25999999999999995,5,0
8121,CA-2016-116722,222,500,584,77,2,95,451.152,3,0.2,563.9399999999999,0.0,0.0,5,0
8122,CA-2016-116722,222,176,584,77,2,95,31.504,11,0.2,39.38,11.0264,0.35000000000000003,5,0
8123,CA-2014-138128,225,119,338,535,2,64,30.672,3,0.2,38.339999999999996,9.585,0.3125,6,0
8124,CA-2014-138128,225,1078,338,535,2,64,1079.976,4,0.4,1799.9600000000003,125.9972,0.11666666666666665,6,1
8125,US-2017-150070,351,212,211,511,2,591,161.568,2,0.2,201.96,-28.2744,-0.175,5,0
8126,CA-2015-137064,773,767,526,1251,2,33,2.934,3,0.8,14.670000000000003,-4.9878,-1.7,7,1
8127,CA-2015-137064,773,104,526,1251,2,33,18.528,2,0.2,23.159999999999997,4.4004,0.23750000000000004,7,0
8128,CA-2015-137064,773,1363,526,1251,2,33,670.752,3,0.2,838.4399999999999,-125.766,-0.18750000000000003,7,0
8129,CA-2017-157350,25,597,776,854,2,27,64.96,5,0.6,162.39999999999998,-43.848,-0.675,6,1
8130,CA-2014-127866,64,918,837,150,3,216,41.94,2,0.0,41.94,15.0984,0.36000000000000004,3,0
8131,CA-2014-127866,64,1297,837,150,3,216,11.96,2,0.0,11.96,5.8604,0.49,3,0
8132,CA-2014-127866,64,1610,837,150,3,216,13.12,4,0.0,13.12,3.8048,0.29000000000000004,3,0
8133,CA-2014-127866,64,519,837,150,3,216,535.41,3,0.0,535.41,160.623,0.3,3,0
8134,CA-2015-131352,17,72,1050,314,2,177,72.78,3,0.6,181.95,-70.9605,-0.975,5,1
8135,CA-2015-121776,362,315,1131,781,2,142,36.84,3,0.0,36.84,17.3148,0.47000000000000003,5,0
8136,CA-2015-121776,362,50,1131,781,2,142,87.71,7,0.0,87.71,41.2237,0.47000000000000003,5,0
8137,CA-2016-118073,704,278,400,766,2,153,562.2925,7,0.45,1022.3499999999999,-255.5875,-0.45454545454545453,4,1
8138,CA-2014-103219,683,268,188,1409,2,46,56.52,9,0.0,56.52,21.4776,0.37999999999999995,4,0
8139,CA-2016-102561,72,825,428,406,2,12,11.264,8,0.2,14.079999999999998,1.2672,0.11250000000000002,4,0
8140,CA-2016-102561,72,842,428,406,2,12,284.08,10,0.2,355.09999999999997,24.857,0.08750000000000001,4,0
8141,CA-2016-102561,72,610,428,406,2,12,18.496,4,0.2,23.119999999999997,6.7048,0.3625,4,0
8142,CA-2016-100993,617,608,474,1405,2,89,14.73,3,0.0,14.73,7.2177,0.49,5,0
8143,CA-2016-100993,617,822,474,1405,2,89,186.54,3,0.0,186.54,50.3658,0.27,5,0
8144,CA-2016-100993,617,617,474,1405,2,89,557.728,4,0.2,697.1599999999999,6.9716,0.0125,5,0
8145,CA-2016-100993,617,141,474,1405,2,89,159.968,4,0.2,199.95999999999998,-31.9936,-0.2,5,0
8146,US-2014-112949,477,1153,887,701,2,497,471.9,6,0.0,471.9,155.727,0.33,7,0
8147,US-2014-112949,477,1274,887,701,2,497,3.52,2,0.0,3.52,1.6896,0.48,7,0
8148,US-2017-146822,166,34,256,1390,2,271,49.12,4,0.0,49.12,23.0864,0.47000000000000003,5,0
8149,US-2016-131058,671,746,798,414,2,201,20.16,7,0.0,20.16,9.8784,0.48999999999999994,4,0
8150,CA-2014-167997,663,952,756,1426,3,601,10.68,2,0.0,10.68,5.0196,0.47,3,0
8151,CA-2014-167997,663,632,756,1426,3,601,141.96,2,0.0,141.96,39.7488,0.28,3,0
8152,CA-2017-140151,182,721,722,614,3,61,32.48,2,0.0,32.48,4.872,0.15000000000000002,2,0
8153,CA-2017-140151,182,482,722,614,3,61,20.04,3,0.0,20.04,9.6192,0.48,2,0
8154,CA-2017-140151,182,1389,722,614,3,61,13999.96,4,0.0,13999.96,6719.9808,0.48000000000000004,2,0
8155,US-2017-143770,743,1201,178,669,2,265,238.0,2,0.0,238.0,38.08,0.16,4,0
8156,US-2017-143770,743,1031,178,669,2,265,61.96,2,0.0,61.96,27.882,0.45,4,0
8157,CA-2016-131296,235,976,965,791,2,309,239.372,2,0.3,341.96000000000004,-23.9372,-0.09999999999999999,5,1
8158,CA-2016-103464,311,1201,742,442,2,189,595.0,5,0.0,595.0,95.2,0.16,4,0
8159,CA-2017-136238,209,1284,378,1282,2,457,16.032,3,0.2,20.04,5.6112,0.35000000000000003,6,0
8160,CA-2016-120803,47,241,1186,70,2,546,199.75,5,0.0,199.75,87.89,0.44,4,0
8161,CA-2016-134138,480,1757,596,881,2,99,227.96,2,0.0,227.96,36.4736,0.15999999999999998,4,0
8162,CA-2015-120915,371,415,695,293,1,46,293.52,6,0.0,293.52,76.3152,0.26,5,0
8163,CA-2015-120915,371,349,695,293,1,46,307.98,2,0.0,307.98,89.3142,0.29,5,0
8164,CA-2015-168207,300,1373,122,377,2,189,96.96,6,0.0,96.96,33.936,0.35000000000000003,4,0
8165,CA-2015-168207,300,302,122,377,2,189,117.488,7,0.2,146.85999999999999,41.1208,0.35000000000000003,4,0
8166,CA-2015-168207,300,592,122,377,2,189,11.952,3,0.2,14.94,4.1832,0.35000000000000003,4,0
8167,CA-2015-168207,300,1374,122,377,2,189,512.499,3,0.15,602.94,-30.147,-0.0588235294117647,4,0
8168,CA-2016-144148,707,585,996,1222,2,35,863.128,7,0.2,1078.91,-32.3673,-0.0375,5,0
8169,CA-2017-107174,145,310,45,39,2,60,2036.86,7,0.0,2036.86,366.6348,0.18,7,0
8170,CA-2017-107174,145,300,45,39,2,60,449.568,2,0.2,561.9599999999999,-73.0548,-0.1625,7,0
8171,CA-2017-107174,145,478,45,39,2,60,108.96,3,0.0,108.96,32.688,0.30000000000000004,7,0
8172,CA-2016-146150,249,979,1174,318,2,130,264.18,7,0.0,264.18,68.6868,0.26,5,0
8173,CA-2014-114125,690,1364,869,986,2,14,2.88,1,0.0,2.88,1.4112,0.49000000000000005,4,0
8174,CA-2014-114125,690,45,869,986,2,14,41.904,6,0.2,52.38,14.1426,0.33749999999999997,4,0
8175,CA-2014-114125,690,1199,869,986,2,14,23.92,4,0.0,23.92,4.0664,0.16999999999999998,4,0
8176,CA-2016-114944,786,63,807,1085,2,37,156.512,4,0.2,195.64,52.8228,0.3375,5,0
8177,CA-2016-135965,450,81,898,478,3,46,128.34,6,0.0,128.34,37.2186,0.29000000000000004,3,0
8178,CA-2017-149699,442,1524,67,166,3,142,474.95,5,0.0,474.95,142.485,0.30000000000000004,2,0
8179,CA-2016-166429,593,616,477,163,2,120,999.98,2,0.0,999.98,449.991,0.44999999999999996,6,0
8180,CA-2015-112767,214,1583,992,706,2,331,277.5,4,0.5,555.0,-188.7,-0.6799999999999999,4,1
8181,CA-2015-119879,758,972,83,666,2,75,1252.704,8,0.4,2087.84,-480.2032,-0.38333333333333336,4,1
8182,CA-2015-119879,758,688,83,666,2,75,110.97,5,0.4,184.95000000000002,-24.0435,-0.21666666666666667,4,1
8183,CA-2017-155642,607,1156,797,1054,2,156,22.608,3,0.6,56.519999999999996,-10.1736,-0.45,4,1
8184,CA-2017-155642,607,284,797,1054,2,156,1.892,1,0.6,4.7299999999999995,-0.9933,-0.525,4,1
8185,US-2017-101721,200,955,284,945,2,37,63.312,3,0.2,79.13999999999999,20.5764,0.325,4,0
8186,CA-2015-136728,152,1171,1024,15,1,37,7.824,1,0.2,9.78,2.934,0.37500000000000006,4,0
8187,CA-2015-136728,152,164,1024,15,1,37,170.072,4,0.3,242.96,-12.148,-0.07142857142857142,4,1
8188,CA-2016-127194,309,162,108,187,2,24,62.82,9,0.0,62.82,29.5254,0.47000000000000003,6,0
8189,CA-2015-140375,496,681,654,349,1,249,19.44,3,0.0,19.44,9.3312,0.48000000000000004,3,0
8190,CA-2015-140375,496,778,654,349,1,249,7.38,1,0.0,7.38,3.6162,0.49,3,0
8191,US-2017-155866,667,833,702,611,2,165,38.88,6,0.0,38.88,18.6624,0.48000000000000004,4,0
8192,US-2017-155866,667,268,702,611,2,165,187.76,4,0.0,187.76,76.9816,0.41000000000000003,4,0
8193,CA-2015-141327,236,615,673,156,3,36,6.048,7,0.7,20.159999999999997,-4.2336,-0.7,3,1
8194,CA-2015-141327,236,1361,673,156,3,36,98.352,3,0.2,122.94,9.8352,0.1,3,0
8195,CA-2015-141327,236,221,673,156,3,36,335.744,2,0.2,419.68,25.1808,0.075,3,0
8196,CA-2015-136700,107,1057,402,556,1,538,8.96,2,0.0,8.96,4.3904,0.48999999999999994,5,0
8197,CA-2017-102736,432,1131,529,429,2,366,89.568,4,0.2,111.96,-1.1196,-0.012499999999999999,4,0
8198,CA-2017-102736,432,647,529,429,2,366,71.96,5,0.2,89.94999999999999,7.196,0.1,4,0
8199,CA-2017-102736,432,586,529,429,2,366,15.552,3,0.2,19.439999999999998,5.4432,0.35000000000000003,4,0
8200,CA-2017-125269,579,1125,559,505,2,27,10.43,5,0.8,52.15000000000001,-18.2525,-1.7500000000000002,6,1
8201,CA-2017-125269,579,73,559,505,2,27,72.784,1,0.2,90.98,-18.196,-0.25,6,0
8202,CA-2015-114811,471,1679,628,628,4,24,67.15,5,0.0,67.15,16.7875,0.25,0,0
8203,CA-2015-114811,471,904,628,628,4,24,549.98,2,0.0,549.98,142.9948,0.26,0,0
8204,CA-2015-114811,471,1801,628,628,4,24,11.82,3,0.0,11.82,4.728,0.39999999999999997,0,0
8205,CA-2015-114811,471,1716,628,628,4,24,4643.8,4,0.0,4643.8,2229.024,0.48,0,0
8206,CA-2015-114811,471,624,628,628,4,24,577.764,2,0.1,641.96,115.5528,0.2,0,0
8207,CA-2015-122266,194,4,34,29,2,488,191.5155,1,0.45,348.21,-76.6062,-0.4,4,1
8208,CA-2015-122266,194,347,34,29,2,488,2.624,1,0.2,3.28,0.4264,0.1625,4,0
8209,CA-2015-141565,768,693,1182,497,2,396,1369.764,6,0.7,4565.879999999999,-913.176,-0.6666666666666667,4,1
8210,CA-2015-141565,768,197,1182,497,2,396,294.368,4,0.2,367.96,-58.8736,-0.2,4,0
8211,CA-2017-128769,679,474,211,511,2,396,81.568,2,0.2,101.96,7.1372,0.08750000000000001,5,0
8212,CA-2016-116337,267,1835,78,397,2,78,44.46,5,0.6,111.14999999999999,-17.784,-0.39999999999999997,5,1
8213,CA-2016-116337,267,534,78,397,2,78,314.088,3,0.2,392.61,19.6305,0.0625,5,0
8214,CA-2015-120845,505,1086,13,654,2,109,6.336,4,0.7,21.119999999999997,-4.6464,-0.7333333333333333,7,1
8215,CA-2015-120845,505,1403,13,654,2,109,10.48,1,0.2,13.1,3.799,0.3625,7,0
8216,CA-2015-120845,505,1264,13,654,2,109,2.469,1,0.7,8.229999999999999,-1.8106,-0.7333333333333334,7,1
8217,CA-2015-120845,505,305,13,654,2,109,3.264,2,0.7,10.879999999999997,-2.2848,-0.7000000000000001,7,1
8218,CA-2014-120775,710,1089,463,274,2,163,4.344,3,0.2,5.43,0.8688,0.19999999999999998,4,0
8219,CA-2014-120775,710,1093,463,274,2,163,31.776,3,0.6,79.44,-19.0656,-0.6,4,1
8220,CA-2014-120775,710,642,463,274,2,163,4.928,2,0.2,6.159999999999999,1.7248,0.35000000000000003,4,0
8221,CA-2014-120775,710,99,463,274,2,163,1.788,3,0.8,8.940000000000001,-3.0396,-1.7,4,1
8222,CA-2014-120775,710,1836,463,274,2,163,15.072,4,0.2,18.839999999999996,-3.768,-0.25,4,0
8223,CA-2014-152905,756,1556,1088,1051,2,175,12.624,2,0.2,15.78,-2.5248,-0.19999999999999998,6,0
8224,CA-2016-104633,106,1175,2,951,2,55,185.88,6,0.0,185.88,83.646,0.45,4,0
8225,CA-2016-104633,106,1435,2,951,2,55,12.96,2,0.0,12.96,6.2208,0.4799999999999999,4,0
8226,CA-2017-104136,12,275,753,260,1,290,189.7,10,0.0,189.7,91.056,0.48000000000000004,3,0
8227,CA-2017-104136,12,1523,753,260,1,290,40.99,1,0.0,40.99,20.0851,0.49,3,0
8228,CA-2016-123050,605,480,959,144,1,25,82.64,2,0.0,82.64,7.4376,0.09,4,0
8229,CA-2016-123050,605,171,959,144,1,25,31.02,2,0.0,31.02,8.0652,0.26,4,0
8230,CA-2016-123050,605,1017,959,144,1,25,89.97,3,0.0,89.97,37.7874,0.42,4,0
8231,CA-2016-162355,59,370,1187,416,1,495,35.97,3,0.0,35.97,9.7119,0.27,2,0
8232,CA-2016-162355,59,200,1187,416,1,495,1266.86,7,0.0,1266.86,291.3778,0.23,2,0
8233,CA-2014-158225,340,299,359,451,2,59,169.45,5,0.0,169.45,42.3625,0.25,6,0
8234,CA-2014-158225,340,1513,359,451,2,59,40.68,2,0.0,40.68,0.4068,0.01,6,0
8235,CA-2017-102204,171,1699,928,637,2,134,3.328,2,0.2,4.159999999999999,0.416,0.125,5,0
8236,CA-2017-102204,171,412,928,637,2,134,933.262,4,0.45,1696.8399999999997,-458.1468,-0.4909090909090909,5,1
8237,CA-2017-102204,171,484,928,637,2,134,2803.92,5,0.2,3504.9,0.0,0.0,5,0
8238,CA-2017-103065,691,384,180,180,4,134,4.768,2,0.2,5.959999999999999,-0.7748,-0.1625,0,0
8239,CA-2017-103065,691,1306,180,180,4,134,6.672,1,0.2,8.34,2.502,0.375,0,0
8240,CA-2017-103065,691,1062,180,180,4,134,4.448,2,0.2,5.5600000000000005,1.112,0.25,0,0
8241,CA-2017-103065,691,1650,180,180,4,134,43.936,4,0.2,54.919999999999995,6.0412,0.1375,0,0
8242,CA-2014-109855,24,709,417,743,2,30,23.744,2,0.2,29.68,8.3104,0.35,4,0
8243,CA-2014-109855,24,1201,417,743,2,30,357.0,3,0.0,357.0,57.12,0.16,4,0
8244,CA-2014-109897,573,1420,1133,560,2,35,806.336,8,0.2,1007.92,50.396,0.0625,4,0
8245,CA-2014-109897,573,1147,1133,560,2,35,85.44,3,0.0,85.44,31.6128,0.37,4,0
8246,US-2014-143581,741,157,711,710,2,113,344.91,3,0.0,344.91,10.3473,0.03,4,0
8247,CA-2015-129217,504,555,1188,1188,4,174,70.97,5,0.8,354.8500000000001,-191.619,-2.7,0,1
8248,CA-2015-129217,504,1244,1188,1188,4,174,36.784,2,0.2,45.98,3.6784,0.1,0,0
8249,CA-2016-133816,38,648,1121,1310,1,64,743.988,2,0.4,1239.9800000000002,-123.998,-0.16666666666666666,3,1
8250,CA-2015-140221,334,913,617,1001,1,156,11.212,2,0.8,56.06000000000001,-16.818,-1.5000000000000002,4,1
8251,CA-2015-140221,334,326,617,1001,1,156,4.712,2,0.6,11.78,-1.8848,-0.4,4,1
8252,CA-2015-140221,334,1108,617,1001,1,156,180.98,5,0.8,904.9000000000002,-470.548,-2.6,4,1
8253,CA-2015-140221,334,118,617,1001,1,156,60.416,2,0.2,75.52,6.0416,0.1,4,0
8254,CA-2017-152310,730,1328,802,972,2,6,299.99,1,0.0,299.99,89.997,0.3,7,0
8255,CA-2017-152310,730,1685,802,972,2,6,192.16,4,0.0,192.16,92.2368,0.48000000000000004,7,0
8256,CA-2017-152310,730,530,802,972,2,6,242.624,8,0.2,303.28,27.2952,0.1125,7,0
8257,CA-2017-152310,730,231,802,972,2,6,46.74,3,0.0,46.74,11.685,0.25,7,0
8258,CA-2017-152310,730,1482,802,972,2,6,174.95,5,0.0,174.95,12.2465,0.07,7,0
8259,CA-2017-152310,730,1787,802,972,2,6,100.704,6,0.2,125.87999999999998,37.764,0.37500000000000006,7,0
8260,CA-2016-118101,382,448,191,191,4,528,368.91,9,0.0,368.91,180.7659,0.48999999999999994,0,0
8261,CA-2016-118101,382,386,191,191,4,528,8.02,1,0.0,8.02,3.7694,0.47000000000000003,0,0
8262,CA-2016-118101,382,1355,191,191,4,528,171.04,4,0.0,171.04,44.4704,0.26,0,0
8263,CA-2016-100307,680,354,273,1055,2,146,19.44,3,0.0,19.44,9.3312,0.48000000000000004,4,0
8264,CA-2015-138457,563,635,1024,15,2,223,13.092,4,0.7,43.63999999999999,-10.0372,-0.7666666666666666,4,1
8265,CA-2014-131800,196,1837,126,1039,2,46,122.94,3,0.0,122.94,30.735,0.25,5,0
8266,CA-2014-131800,196,859,126,1039,2,46,35.448,7,0.2,44.309999999999995,12.8499,0.3625,5,0
8267,CA-2014-118304,348,434,334,418,2,22,19.98,2,0.0,19.98,5.1948,0.26,5,0
8268,CA-2017-121790,432,1583,290,696,2,174,69.375,1,0.5,138.75,-47.175,-0.6799999999999999,7,1
8269,CA-2017-121790,432,559,290,696,2,174,31.68,4,0.2,39.599999999999994,2.772,0.0875,7,0
8270,CA-2017-121790,432,1719,290,696,2,174,2003.168,4,0.2,2503.9599999999996,250.396,0.125,7,0
8271,CA-2017-121790,432,242,290,696,2,174,9.344,2,0.2,11.679999999999998,3.1536,0.3375,7,0
8272,CA-2016-169670,556,407,592,414,2,30,2563.056,8,0.1,2847.84,313.2624,0.12222222222222223,6,0
8273,CA-2016-139549,502,1709,202,793,2,581,387.136,4,0.2,483.92,4.8392,0.012499999999999999,5,0
8274,CA-2015-104059,764,1006,386,926,1,158,3.424,1,0.2,4.279999999999999,0.2996,0.0875,2,0
8275,CA-2017-164112,541,1450,161,1288,2,185,1085.42,7,0.0,1085.42,282.2092,0.26,4,0
8276,CA-2015-143882,749,100,154,1274,2,347,43.056,9,0.2,53.81999999999999,15.6078,0.3625,4,0
8277,US-2016-139262,785,808,824,782,2,86,3.762,3,0.7,12.539999999999997,-2.7588,-0.7333333333333333,4,1
8278,US-2016-139262,785,921,824,782,2,86,34.86,2,0.7,116.19999999999997,-26.726,-0.7666666666666666,4,1
8279,US-2016-139262,785,735,824,782,2,86,432.456,3,0.2,540.5699999999999,32.4342,0.07499999999999998,4,0
8280,CA-2017-146192,233,907,301,467,2,113,675.06,3,0.0,675.06,87.7578,0.13,4,0
8281,CA-2017-134810,205,114,1189,1412,3,223,65.232,3,0.2,81.53999999999999,22.0158,0.33749999999999997,1,0
8282,CA-2017-134810,205,867,1189,1412,3,223,207.0,3,0.2,258.75,25.875,0.125,1,0
8283,CA-2015-154284,450,847,380,208,1,587,600.53,2,0.3,857.9,137.264,0.2285714285714286,5,1
8284,CA-2015-154284,450,727,380,208,1,587,59.904,2,0.2,74.88,14.2272,0.2375,5,0
8285,CA-2015-154284,450,770,380,208,1,587,637.44,8,0.2,796.8000000000001,135.456,0.21249999999999997,5,0
8286,CA-2015-154284,450,485,380,208,1,587,51.756,3,0.6,129.39,-33.6414,-0.6499999999999999,5,1
8287,CA-2014-156244,724,1799,1133,560,2,124,31.104,6,0.2,38.879999999999995,10.8864,0.35000000000000003,4,0
8288,CA-2014-156244,724,370,1133,560,2,124,47.96,5,0.2,59.949999999999996,4.1965,0.08750000000000001,4,0
8289,CA-2014-156244,724,722,1133,560,2,124,158.928,7,0.2,198.66,41.7186,0.2625,4,0
8290,CA-2014-156244,724,1325,1133,560,2,124,211.248,6,0.2,264.05999999999995,15.8436,0.07500000000000001,4,0
8291,CA-2014-156244,724,1568,1133,560,2,124,5.552,2,0.2,6.9399999999999995,-1.041,-0.1875,4,0
8292,CA-2014-156244,724,1140,1133,560,2,124,2.952,1,0.2,3.69,0.9963,0.33749999999999997,4,0
8293,CA-2015-106362,63,1427,556,84,2,413,10.332,3,0.7,34.44,-7.5768,-0.7333333333333333,4,1
8294,US-2017-168802,706,1213,133,660,2,6,18.368,4,0.2,22.959999999999997,5.9696,0.325,4,0
8295,US-2017-146906,364,1188,678,295,2,165,299.9,2,0.0,299.9,74.975,0.25,4,0
8296,CA-2016-166380,495,112,199,1235,2,102,26.55,9,0.0,26.55,12.744,0.48,4,0
8297,CA-2016-166380,495,202,199,1235,2,102,111.98,2,0.0,111.98,26.8752,0.24,4,0
8298,US-2015-158911,277,1393,762,656,2,44,4.928,2,0.2,6.159999999999999,0.7392,0.15,6,0
8299,US-2015-158911,277,608,762,656,2,44,11.784,3,0.2,14.73,4.2717,0.3625,6,0
8300,US-2014-103338,580,1597,519,235,2,53,7.98,3,0.0,7.98,2.0748,0.26,4,0
8301,CA-2015-109169,221,232,705,1000,2,152,180.96,2,0.0,180.96,81.432,0.45,4,0
8302,US-2017-167318,434,1739,1190,379,2,2,1649.95,5,0.0,1649.95,659.98,0.4,6,0
8303,US-2017-167318,434,663,1190,379,2,2,362.352,3,0.2,452.93999999999994,45.294,0.125,6,0
8304,US-2014-120313,645,522,657,982,1,95,73.584,2,0.2,91.98,8.2782,0.11249999999999999,2,0
8305,CA-2017-135419,697,1747,133,46,2,411,486.368,4,0.2,607.9599999999999,36.4776,0.07500000000000001,6,0
8306,CA-2016-128671,193,681,1191,766,2,313,32.4,5,0.0,32.4,15.552,0.48,5,0
8307,CA-2016-128671,193,571,1191,766,2,313,41.86,7,0.0,41.86,19.2556,0.46,5,0
8308,CA-2016-128671,193,1562,1191,766,2,313,77.56,2,0.0,77.56,35.6776,0.45999999999999996,5,0
8309,CA-2016-149335,605,1025,198,198,4,35,37.17,9,0.0,37.17,11.151,0.3,0,0
8310,CA-2014-168312,544,1278,73,1010,2,67,137.352,3,0.2,171.69,8.5845,0.0625,6,0
8311,CA-2014-168312,544,1295,73,1010,2,67,376.509,3,0.3,537.87,-43.0296,-0.11428571428571428,6,1
8312,US-2017-105935,215,117,796,1299,2,113,62.72,4,0.0,62.72,24.4608,0.39,5,0
8313,US-2017-105935,215,1462,796,1299,2,113,2939.93,7,0.0,2939.93,764.3818,0.26,5,0
8314,CA-2014-161508,392,857,137,1290,2,517,512.358,3,0.3,731.9399999999999,-14.6388,-0.028571428571428574,4,1
8315,CA-2014-161508,392,846,137,1290,2,517,3.488,2,0.2,4.359999999999999,0.5668,0.1625,4,0
8316,CA-2014-161508,392,704,137,1290,2,517,22.288,7,0.2,27.86,3.9004,0.175,4,0
8317,CA-2014-161508,392,129,137,1290,2,517,16.032,3,0.2,20.04,5.6112,0.35000000000000003,4,0
8318,CA-2017-130904,32,910,646,514,2,180,1.752,1,0.2,2.19,0.1533,0.0875,5,0
8319,CA-2017-130904,32,1211,646,514,2,180,20.992,8,0.2,26.24,2.3616,0.1125,5,0
8320,CA-2017-133620,192,603,39,552,2,30,11.21,1,0.0,11.21,3.363,0.3,5,0
8321,CA-2015-142937,12,1474,902,402,3,78,45.04,2,0.2,56.3,4.504,0.09999999999999999,1,0
8322,US-2016-149790,619,921,183,394,2,15,15.624,2,0.8,78.12000000000002,-24.9984,-1.5999999999999999,5,1
8323,CA-2016-130778,445,1519,259,882,2,256,8.74,2,0.0,8.74,2.2724,0.26,6,0
8324,CA-2016-130778,445,423,259,882,2,256,44.75,5,0.0,44.75,20.585,0.46,6,0
8325,CA-2017-144456,764,422,566,429,3,187,61.68,5,0.2,77.1,5.397,0.08750000000000001,1,0
8326,CA-2017-144456,764,985,566,429,3,187,158.376,3,0.2,197.97,13.8579,0.08750000000000001,1,0
8327,CA-2017-103478,127,176,247,1139,1,174,2.864,4,0.8,14.320000000000002,-4.5824,-1.6,3,1
8328,CA-2017-103478,127,1081,247,1139,1,174,94.192,7,0.8,470.9600000000001,-164.836,-1.7500000000000002,3,1
8329,CA-2017-118577,191,1053,834,1345,2,99,143.7,3,0.0,143.7,68.976,0.48000000000000004,5,0
8330,CA-2017-118577,191,975,834,1345,2,99,6.48,1,0.0,6.48,3.1104,0.4799999999999999,5,0
8331,CA-2017-113572,225,1838,660,344,2,24,7.88,4,0.0,7.88,2.5216,0.32,4,0
8332,CA-2016-153269,520,603,1186,300,3,602,11.21,1,0.0,11.21,3.363,0.3,3,0
8333,CA-2016-153269,520,475,1186,300,3,602,354.9,5,0.0,354.9,88.725,0.25,3,0
8334,CA-2016-153269,520,1777,1186,300,3,602,17.94,3,0.0,17.94,8.7906,0.48999999999999994,3,0
8335,CA-2016-153269,520,570,1186,300,3,602,51.8,4,0.0,51.8,23.31,0.45,3,0
8336,CA-2017-161655,195,1198,727,797,1,286,299.52,9,0.0,299.52,149.76,0.5,5,0
8337,CA-2016-101469,348,1839,416,631,2,102,7.7,2,0.0,7.7,3.157,0.41,6,0
8338,CA-2014-153087,569,1814,423,929,2,34,23.92,4,0.0,23.92,11.7208,0.49,7,0
8339,CA-2014-153087,569,770,423,929,2,34,498.0,5,0.0,498.0,184.26,0.37,7,0
8340,CA-2017-135076,454,1210,670,828,2,108,436.704,6,0.2,545.88,-38.2116,-0.0875,4,0
8341,CA-2014-161634,418,1010,688,1165,2,338,32.4,5,0.0,32.4,15.552,0.48,6,0
8342,CA-2017-141481,10,565,533,1390,3,2,61.44,3,0.0,61.44,16.5888,0.27,3,0
8343,CA-2016-132549,272,471,882,886,2,365,73.36,7,0.0,73.36,19.8072,0.27,5,0
8344,US-2014-155544,307,199,91,728,2,366,59.2,5,0.2,74.0,22.2,0.37499999999999994,4,0
8345,US-2014-155544,307,1002,91,728,2,366,32.952,3,0.2,41.19,6.5904,0.2,4,0
8346,US-2014-155544,307,1456,91,728,2,366,218.376,3,0.2,272.96999999999997,-10.9188,-0.049999999999999996,4,0
8347,US-2015-115238,479,192,29,125,2,129,31.4,5,0.0,31.4,13.188,0.42000000000000004,4,0
8348,US-2015-115238,479,1463,29,125,2,129,9.48,1,0.0,9.48,3.792,0.39999999999999997,4,0
8349,US-2015-115238,479,1021,29,125,2,129,209.5,10,0.0,209.5,58.66,0.27999999999999997,4,0
8350,US-2015-115238,479,1722,29,125,2,129,24.3,5,0.0,24.3,10.449,0.43,4,0
8351,US-2015-115238,479,1077,29,125,2,129,6.48,1,0.0,6.48,3.1104,0.4799999999999999,4,0
8352,CA-2017-132199,636,1758,899,541,2,64,32.448,2,0.2,40.559999999999995,7.3008,0.22499999999999998,5,0
8353,CA-2017-132199,636,716,899,541,2,64,26.388,4,0.7,87.96,-17.592,-0.6666666666666666,5,1
8354,CA-2017-132199,636,210,899,541,2,64,373.47,5,0.4,622.45,-112.041,-0.3,5,1
8355,CA-2017-132199,636,1161,899,541,2,64,64.2,5,0.7,213.99999999999997,-44.94,-0.7,5,1
8356,CA-2017-132199,636,660,899,541,2,64,8.0,2,0.2,10.0,2.8,0.35,5,0
8357,CA-2016-163174,191,1293,371,134,2,507,186.54,3,0.0,186.54,41.0388,0.22000000000000003,4,0
8358,CA-2014-110555,515,254,910,892,2,151,87.08,7,0.0,87.08,24.3824,0.28,7,0
8359,CA-2014-110555,515,507,910,892,2,151,105.584,2,0.2,131.98,9.2386,0.0875,7,0
8360,CA-2014-110555,515,1520,910,892,2,151,217.44,6,0.0,217.44,91.3248,0.42,7,0
8361,CA-2017-147207,773,1042,461,1296,1,295,31.744,2,0.2,39.68,3.968,0.125,2,0
8362,CA-2017-147207,773,1826,461,1296,1,295,5.432,2,0.8,27.160000000000007,-13.58,-2.5,2,1
8363,CA-2017-147207,773,972,461,1296,1,295,913.43,5,0.3,1304.9,-169.637,-0.18571428571428572,2,1
8364,CA-2017-147207,773,1450,461,1296,1,295,372.144,3,0.2,465.18,27.9108,0.075,2,0
8365,CA-2017-137631,539,1148,1046,744,2,603,751.984,2,0.2,939.98,84.5982,0.1125,4,0
8366,CA-2017-157273,450,8,290,63,3,60,604.768,4,0.2,755.96,60.4768,0.09999999999999999,3,0
8367,CA-2014-109918,757,1840,558,172,1,87,27.36,4,0.0,27.36,7.3872,0.27,5,0
8368,CA-2014-109918,757,1537,558,172,1,87,20.56,2,0.0,20.56,9.6632,0.47000000000000003,5,0
8369,CA-2014-109918,757,1787,558,172,1,87,83.92,5,0.2,104.89999999999999,31.47,0.375,5,0
8370,CA-2016-118745,278,216,726,951,2,14,902.712,3,0.2,1128.3899999999999,33.8517,0.0375,5,0
8371,CA-2016-163972,451,1639,509,148,2,254,120.666,2,0.15,141.96,21.294,0.17647058823529413,4,0
8372,CA-2014-165393,721,445,423,126,3,7,4.984,1,0.8,24.920000000000005,-8.4728,-1.7,3,1
8373,CA-2016-113726,650,906,391,50,2,60,82.26,3,0.0,82.26,33.7266,0.4099999999999999,7,0
8374,CA-2016-152940,198,1070,339,374,3,95,29.74,1,0.0,29.74,4.461,0.15000000000000002,3,0
8375,CA-2015-158701,312,938,957,554,2,95,87.36,6,0.0,87.36,23.5872,0.27,5,0
8376,CA-2015-158701,312,674,957,554,2,95,56.16,6,0.2,70.19999999999999,17.55,0.31250000000000006,5,0
8377,CA-2017-156272,464,1430,709,997,2,412,64.384,1,0.2,80.47999999999999,8.048,0.125,6,0
8378,CA-2015-162964,752,872,769,1354,2,15,64.784,1,0.2,80.98,-14.5764,-0.22499999999999998,6,0
8379,CA-2015-162964,752,220,769,1354,2,15,15.552,3,0.2,19.439999999999998,5.6376,0.3625,6,0
8380,CA-2015-162964,752,890,769,1354,2,15,223.888,7,0.2,279.86,69.965,0.3125,6,0
8381,CA-2014-103527,418,703,341,81,1,156,10.896,3,0.2,13.620000000000001,3.405,0.31249999999999994,5,0
8382,CA-2016-134544,664,510,717,691,1,10,84.784,2,0.2,105.98,-20.1362,-0.23749999999999996,2,0
8383,CA-2016-163048,776,867,598,432,2,67,241.5,4,0.3,345.0,0.0,0.0,7,1
8384,CA-2016-145135,523,809,492,86,3,604,59.97,3,0.0,59.97,14.9925,0.25,2,0
8385,CA-2016-145135,523,1284,492,86,3,604,13.36,2,0.0,13.36,6.4128,0.48,2,0
8386,CA-2017-137582,52,1182,508,566,2,233,11.808,3,0.2,14.76,4.1328,0.35,4,0
8387,CA-2015-149601,578,721,72,1247,2,114,16.24,1,0.0,16.24,2.436,0.15000000000000002,6,0
8388,CA-2015-149601,578,178,72,1247,2,114,77.55,5,0.0,77.55,21.714,0.27999999999999997,6,0
8389,CA-2014-139423,376,514,302,1128,2,417,76.12,2,0.0,76.12,22.0748,0.29,4,0
8390,CA-2016-102596,280,111,798,946,3,76,17.184,6,0.2,21.48,6.2292,0.36249999999999993,3,0
8391,CA-2017-153227,295,1018,770,1140,3,4,11.76,2,0.0,11.76,5.7624,0.49000000000000005,2,0
8392,CA-2017-110625,675,1002,332,248,2,605,27.46,2,0.0,27.46,9.8856,0.36,7,0
8393,CA-2016-142594,413,1677,50,410,1,118,137.94,3,0.0,137.94,35.8644,0.26,5,0
8394,CA-2016-142594,413,1381,50,410,1,118,111.15,5,0.0,111.15,48.906,0.43999999999999995,5,0
8395,CA-2016-142594,413,228,50,410,1,118,901.95,3,0.0,901.95,297.6435,0.33,5,0
8396,CA-2016-142594,413,617,50,410,1,118,366.009,3,0.3,522.87,-47.0583,-0.1285714285714286,5,1
8397,CA-2014-152254,380,163,480,480,4,125,310.688,7,0.2,388.35999999999996,108.7408,0.35,0,0
8398,US-2014-120236,281,1737,1011,1367,3,15,7.68,5,0.8,38.400000000000006,-11.52,-1.5,1,1
8399,CA-2017-120061,677,914,809,660,1,158,155.372,2,0.3,221.96000000000004,-35.5136,-0.22857142857142854,5,1
8400,CA-2015-133837,514,1032,658,25,2,277,10.744,1,0.2,13.43,0.8058,0.075,5,0
8401,CA-2015-110814,632,921,902,365,1,30,232.4,5,0.2,290.5,78.435,0.3375,4,0
8402,CA-2015-110814,632,1535,902,365,1,30,164.646,3,0.1,182.93999999999997,12.8058,0.07777777777777778,4,0
8403,CA-2015-110814,632,753,902,365,1,30,22.68,2,0.0,22.68,11.1132,0.49000000000000005,4,0
8404,CA-2016-154067,417,146,855,570,2,2,105.52,4,0.0,105.52,48.5392,0.46,6,0
8405,CA-2017-140480,786,1479,142,1210,2,286,83.92,4,0.0,83.92,5.8744,0.06999999999999999,4,0
8406,CA-2017-140480,786,722,142,1210,2,286,141.9,5,0.0,141.9,58.179,0.41,4,0
8407,CA-2017-140480,786,1802,142,1210,2,286,39.98,2,0.0,39.98,9.1954,0.23,4,0
8408,CA-2017-140480,786,1025,142,1210,2,286,28.91,7,0.0,28.91,8.673,0.3,4,0
8409,CA-2017-140480,786,1754,142,1210,2,286,174.95,5,0.0,174.95,45.487,0.26,4,0
8410,CA-2015-134082,83,656,556,998,2,343,110.528,4,0.2,138.16,38.6848,0.35000000000000003,6,0
8411,CA-2016-130820,22,115,626,626,4,180,630.024,4,0.4,1050.04,-199.5076,-0.31666666666666665,0,1
8412,CA-2016-159765,514,182,196,537,1,271,27.86,7,0.0,27.86,9.1938,0.33,3,0
8413,CA-2017-132290,199,602,435,1193,2,163,933.408,4,0.3,1333.44,-173.3472,-0.1857142857142857,4,1
8414,CA-2016-147109,341,1194,908,1376,2,175,51.84,10,0.2,64.8,18.144,0.3499999999999999,4,0
8415,CA-2016-147109,341,1616,908,1376,2,175,165.6,3,0.2,206.99999999999997,-6.21,-0.0375,4,0
8416,CA-2017-107265,530,259,1192,484,2,606,106.32,3,0.0,106.32,49.9704,0.47000000000000003,6,0
8417,CA-2017-118199,698,806,1189,944,3,60,147.92,5,0.2,184.89999999999998,46.225,0.31250000000000006,2,0
8418,CA-2017-118199,698,55,1189,944,3,60,104.28,3,0.0,104.28,26.07,0.25,2,0
8419,CA-2017-118199,698,739,1189,944,3,60,286.85,1,0.0,286.85,63.107,0.21999999999999997,2,0
8420,CA-2017-118199,698,1765,1189,944,3,60,66.96,4,0.0,66.96,2.6784,0.04,2,0
8421,CA-2017-118199,698,1337,1189,944,3,60,199.98,2,0.0,199.98,87.9912,0.44000000000000006,2,0
8422,CA-2017-150091,74,47,387,525,2,101,45.0,3,0.0,45.0,4.95,0.11,4,0
8423,CA-2017-150091,74,111,387,525,2,101,17.9,5,0.0,17.9,8.771,0.4900000000000001,4,0
8424,CA-2017-150091,74,1654,387,525,2,101,40.48,2,0.0,40.48,17.4064,0.43000000000000005,4,0
8425,CA-2017-150091,74,1399,387,525,2,101,2154.9,5,0.0,2154.9,129.294,0.060000000000000005,4,0
8426,CA-2016-137652,495,1737,771,134,3,94,18.432,8,0.7,61.43999999999998,-12.288,-0.6666666666666667,2,1
8427,CA-2015-128356,262,1840,654,1293,2,462,10.944,2,0.2,13.68,0.9576,0.0875,5,0
8428,CA-2017-167017,420,483,52,921,3,528,4.36,2,0.0,4.36,0.1744,0.039999999999999994,2,0
8429,US-2017-132220,138,1422,106,674,2,287,62.352,6,0.2,77.94,-10.9116,-0.17500000000000002,4,0
8430,CA-2016-118129,53,1598,1055,1376,1,333,303.92,5,0.2,379.9,-30.392,-0.09999999999999999,2,0
8431,US-2014-113124,397,558,810,268,2,422,129.3,2,0.0,129.3,6.465,0.049999999999999996,6,0
8432,CA-2017-155621,635,906,1184,39,2,309,274.2,10,0.0,274.2,112.422,0.41000000000000003,5,0
8433,US-2014-127635,610,970,81,1266,1,414,6.048,4,0.2,7.56,-1.3608,-0.225,4,0
8434,US-2014-127635,610,1533,81,1266,1,414,6.848,2,0.2,8.559999999999999,2.14,0.3125,4,0
8435,US-2014-127635,610,1468,81,1266,1,414,9.96,5,0.6,24.900000000000002,-6.723,-0.6749999999999999,4,1
8436,US-2014-127635,610,95,81,1266,1,414,8.552,2,0.8,42.760000000000005,-13.6832,-1.6,4,1
8437,CA-2015-151470,563,1500,1182,121,2,122,45.584,11,0.2,56.980000000000004,16.5242,0.3625,6,0
8438,CA-2015-112823,363,1366,896,1136,2,178,25.488,2,0.2,31.86,4.4604,0.175,6,0
8439,CA-2014-108861,571,1637,1062,107,2,60,136.96,4,0.2,171.2,51.36,0.375,4,0
8440,CA-2017-114370,273,1671,1193,295,1,37,49.616,2,0.2,62.019999999999996,4.9616,0.09999999999999999,3,0
8441,CA-2016-158302,675,250,17,940,1,48,10.584,3,0.2,13.229999999999999,3.4398,0.325,4,0
8442,CA-2017-145779,141,146,637,1412,2,116,84.416,4,0.2,105.52,27.4352,0.325,4,0
8443,US-2016-155173,675,908,1194,613,2,75,431.94,2,0.4,719.9,-71.99,-0.16666666666666666,4,1
8444,US-2016-155173,675,1283,1194,613,2,75,2.043,1,0.7,6.81,-1.4982,-0.7333333333333333,4,1
8445,US-2016-155173,675,530,1194,613,2,75,68.238,3,0.4,113.73,-12.5103,-0.18333333333333335,4,1
8446,CA-2017-125451,341,978,437,1201,3,482,240.744,4,0.3,343.92,-13.7568,-0.05714285714285714,1,1
8447,CA-2017-125451,341,1458,437,1201,3,482,35.0,4,0.0,35.0,14.7,0.42,1,0
8448,CA-2017-125451,341,1806,437,1201,3,482,210.68,2,0.0,210.68,50.5632,0.24,1,0
8449,CA-2017-125451,341,336,437,1201,3,482,637.896,3,0.3,911.28,-127.5792,-0.2,1,1
8450,CA-2017-125451,341,363,437,1201,3,482,43.44,8,0.0,43.44,21.2856,0.49,1,0
8451,CA-2017-125451,341,1109,437,1201,3,482,2.22,1,0.0,2.22,0.666,0.3,1,0
8452,CA-2014-131387,483,1462,583,1014,3,35,1679.96,5,0.2,2099.95,125.997,0.075,2,0
8453,CA-2016-125087,765,813,725,132,2,33,344.372,4,0.3,491.96000000000004,-93.4724,-0.2714285714285714,5,1
8454,CA-2016-125087,765,487,725,132,2,33,1554.936,3,0.2,1943.6699999999998,77.7468,0.049999999999999996,5,0
8455,CA-2016-125087,765,1269,725,132,2,33,127.88,5,0.6,319.7,-67.137,-0.525,5,1
8456,CA-2016-154081,532,193,731,212,2,14,222.384,2,0.2,277.97999999999996,22.2384,0.1,7,0
8457,US-2017-118556,261,65,40,456,1,156,106.869,3,0.3,152.67000000000002,-29.0073,-0.27142857142857146,5,1
8458,US-2017-118556,261,991,40,456,1,156,3.564,3,0.8,17.820000000000004,-6.237,-1.75,5,1
8459,CA-2014-126200,556,1161,56,551,2,33,25.68,3,0.8,128.40000000000003,-39.804,-1.55,4,1
8460,CA-2014-126200,556,341,56,551,2,33,12.384,3,0.8,61.920000000000016,-19.8144,-1.5999999999999999,4,1
8461,CA-2014-146500,248,882,1195,1367,2,320,25.3,5,0.0,25.3,11.891,0.47,5,0
8462,CA-2014-146500,248,912,1195,1367,2,320,95.94,3,0.0,95.94,9.594,0.09999999999999999,5,0
8463,CA-2015-169537,582,1551,38,68,1,545,7.5,2,0.0,7.5,3.6,0.48000000000000004,4,0
8464,CA-2014-100881,661,173,1177,471,2,384,302.376,3,0.2,377.96999999999997,22.6782,0.07500000000000001,4,0
8465,CA-2015-144043,270,1208,1188,1061,2,128,46.688,4,0.2,58.36,-2.918,-0.0625,5,0
8466,CA-2015-116512,499,1199,266,1225,2,24,17.94,3,0.0,17.94,3.0498,0.16999999999999998,5,0
8467,CA-2015-101000,491,533,266,1225,2,212,370.14,3,0.0,370.14,144.3546,0.39,5,0
8468,CA-2016-168557,396,79,252,714,2,35,8.928,2,0.2,11.16,3.1248,0.35,4,0
8469,US-2016-164196,156,1300,584,1020,2,421,2678.94,6,0.0,2678.94,241.1046,0.09,6,0
8470,US-2017-132031,44,367,757,843,2,379,387.136,4,0.2,483.92,-14.5176,-0.0375,4,0
8471,US-2017-132031,44,722,757,843,2,379,45.408,2,0.2,56.76,11.9196,0.2625,4,0
8472,US-2017-132031,44,1526,757,843,2,379,77.952,3,0.2,97.44,-11.6928,-0.15,4,0
8473,US-2017-132031,44,1346,757,843,2,379,3.0,1,0.2,3.75,1.05,0.35000000000000003,4,0
8474,CA-2015-169733,422,254,421,663,1,476,9.952,1,0.2,12.44,0.9952,0.09999999999999999,4,0
8475,CA-2017-169404,545,352,360,350,2,357,37.896,4,0.7,126.31999999999998,-29.0536,-0.7666666666666666,5,1
8476,CA-2017-169404,545,1523,360,350,2,357,65.584,2,0.2,81.98,23.7742,0.3625,5,0
8477,CA-2017-134880,70,1559,856,753,2,155,44.784,1,0.2,55.98,16.2342,0.36250000000000004,5,0
8478,CA-2015-145758,293,1841,629,629,4,24,1035.8,4,0.0,1035.8,269.308,0.26,0,0
8479,CA-2017-158736,500,672,405,166,2,95,5.76,2,0.0,5.76,1.6704,0.29000000000000004,6,0
8480,US-2016-119270,574,1634,300,1245,2,2,19.98,2,0.0,19.98,8.991,0.44999999999999996,4,0
8481,CA-2014-109890,311,1764,610,924,2,199,35.98,2,0.0,35.98,10.0744,0.28,6,0
8482,CA-2016-138583,504,925,1013,317,2,75,16.656,3,0.2,20.819999999999997,3.3312,0.2,4,0
8483,US-2017-118535,138,489,513,1427,2,24,20.7,2,0.0,20.7,9.936,0.48000000000000004,4,0
8484,CA-2016-126284,634,1596,874,447,2,438,83.7,5,0.0,83.7,41.013,0.48999999999999994,4,0
8485,CA-2017-142391,172,562,242,242,4,61,199.8,10,0.0,199.8,71.928,0.36,0,0
8486,CA-2017-124716,787,1265,997,186,2,254,45.68,2,0.0,45.68,21.0128,0.45999999999999996,4,0
8487,CA-2017-124716,787,163,997,186,2,254,110.96,2,0.0,110.96,53.2608,0.48000000000000004,4,0
8488,CA-2017-124716,787,1742,997,186,2,254,11.94,3,0.0,11.94,5.97,0.5,4,0
8489,CA-2016-158841,340,1630,1057,1085,1,102,8749.95,5,0.0,8749.95,2799.984,0.31999999999999995,2,0
8490,CA-2016-158841,340,249,1057,1085,1,102,36.4,8,0.0,36.4,18.2,0.5,2,0
8491,CA-2016-158841,340,1566,1057,1085,1,102,18.69,7,0.0,18.69,7.1022,0.37999999999999995,2,0
8492,CA-2017-106824,248,1080,438,498,2,14,5.94,3,0.0,5.94,0.1188,0.02,4,0
8493,CA-2015-109190,531,1588,925,373,2,339,60.736,8,0.2,75.91999999999999,20.4984,0.3375,5,0
8494,CA-2015-109190,531,1688,925,373,2,339,479.976,3,0.2,599.9699999999999,161.9919,0.33749999999999997,5,0
8495,CA-2015-109190,531,1000,925,373,2,339,6.08,1,0.8,30.400000000000006,-10.336,-1.7,5,1
8496,CA-2016-143154,128,1616,500,17,2,594,165.6,3,0.2,206.99999999999997,-6.21,-0.0375,6,0
8497,CA-2014-169061,493,398,1196,1289,1,232,59.52,3,0.0,59.52,15.4752,0.25999999999999995,3,0
8498,CA-2014-169061,493,266,1196,1289,1,232,479.97,3,0.0,479.97,177.5889,0.37,3,0
8499,CA-2014-169061,493,661,1196,1289,1,232,18.62,2,0.0,18.62,5.3998,0.29,3,0
8500,CA-2014-169061,493,1340,1196,1289,1,232,49.632,6,0.2,62.03999999999999,16.7508,0.3375,3,0
8501,CA-2014-169061,493,1185,1196,1289,1,232,97.82,2,0.0,97.82,45.9754,0.47000000000000003,3,0
8502,CA-2015-102316,705,434,880,1428,1,63,15.984,2,0.2,19.98,1.1988,0.07500000000000001,2,0
8503,CA-2015-102316,705,390,880,1428,1,63,184.752,3,0.2,230.94,-20.7846,-0.1125,2,0
8504,CA-2014-164903,257,1542,981,1051,2,14,12.96,2,0.0,12.96,6.2208,0.4799999999999999,4,0
8505,CA-2016-109400,750,1586,441,716,2,140,366.744,4,0.3,523.9200000000001,-110.0232,-0.3,4,1
8506,CA-2016-130400,320,1182,388,300,2,163,8.856,9,0.8,44.28000000000001,-14.1696,-1.6,4,1
8507,CA-2016-130400,320,61,388,300,2,163,27.96,5,0.2,34.949999999999996,8.388,0.3,4,0
8508,CA-2016-130400,320,1698,388,300,2,163,146.352,3,0.2,182.94,49.3938,0.33749999999999997,4,0
8509,CA-2015-135853,223,789,556,640,3,186,175.23,11,0.0,175.23,61.3305,0.35000000000000003,3,0
8510,CA-2015-135853,223,1420,556,640,3,186,125.99,1,0.0,125.99,31.4975,0.25,3,0
8511,CA-2015-135853,223,1024,556,640,3,186,23.0,2,0.0,23.0,10.35,0.45,3,0
8512,CA-2016-103359,63,1400,597,483,2,46,25.584,2,0.2,31.979999999999997,8.9544,0.35,4,0
8513,CA-2016-144645,375,738,1057,598,2,17,73.784,2,0.6,184.46,-77.4732,-1.05,6,1
8514,CA-2017-141614,375,1291,930,256,2,416,20.736,4,0.2,25.919999999999998,7.2576,0.35,4,0
8515,CA-2015-122168,429,242,292,1338,2,203,17.52,3,0.0,17.52,8.2344,0.4700000000000001,5,0
8516,CA-2015-122168,429,80,292,1338,2,203,35.76,12,0.0,35.76,10.0128,0.28,5,0
8517,CA-2016-132899,228,7,282,1410,2,30,3.64,2,0.0,3.64,0.9828,0.27,4,0
8518,CA-2017-149720,192,1309,401,1250,1,407,30.336,6,0.6,75.83999999999999,-17.4432,-0.5750000000000001,3,1
8519,CA-2017-118003,771,1824,770,390,2,336,12.99,1,0.0,12.99,1.5588,0.12,6,0
8520,CA-2017-118003,771,164,770,390,2,336,182.22,3,0.0,182.22,45.555,0.25,6,0
8521,CA-2017-118003,771,212,770,390,2,336,302.94,3,0.0,302.94,18.1764,0.060000000000000005,6,0
8522,CA-2016-141887,89,876,384,805,2,48,54.992,14,0.2,68.74,8.9362,0.1625,4,0
8523,US-2016-160206,502,781,179,282,2,202,12.99,1,0.0,12.99,0.2598,0.019999999999999997,6,0
8524,CA-2017-133074,141,227,297,146,2,10,55.86,7,0.0,55.86,27.93,0.5,4,0
8525,CA-2017-161172,728,996,634,634,4,48,44.376,2,0.4,73.96,-7.396,-0.16666666666666669,0,1
8526,CA-2017-161172,728,1681,634,634,4,48,51.264,6,0.2,64.08,7.6896,0.15,0,0
8527,CA-2017-161172,728,69,634,634,4,48,5.193,3,0.7,17.309999999999995,-3.462,-0.6666666666666667,0,1
8528,CA-2017-161172,728,410,634,634,4,48,159.984,2,0.2,199.98,43.9956,0.275,0,0
8529,CA-2017-161172,728,299,634,634,4,48,54.224,2,0.2,67.77999999999999,3.389,0.0625,0,0
8530,CA-2017-137624,468,1319,469,702,2,142,241.424,2,0.2,301.78,-36.2136,-0.15,7,0
8531,CA-2016-156748,95,1306,886,410,2,84,33.36,4,0.0,33.36,16.68,0.5,6,0
8532,CA-2016-156748,95,321,886,410,2,84,13.76,2,0.0,13.76,6.3296,0.46,6,0
8533,CA-2016-156748,95,1044,886,410,2,84,496.86,7,0.0,496.86,24.843,0.049999999999999996,6,0
8534,CA-2016-156748,95,71,886,410,2,84,389.97,3,0.0,389.97,35.0973,0.08999999999999998,6,0
8535,CA-2015-169677,755,608,1005,1312,1,113,9.82,2,0.0,9.82,4.8118,0.49,2,0
8536,US-2014-163146,694,1203,1175,672,2,35,56.4,3,0.0,56.4,3.384,0.06,4,0
8537,CA-2015-157343,788,786,723,833,2,106,18.312,4,0.7,61.03999999999999,-12.208,-0.6666666666666666,4,1
8538,CA-2015-157343,788,1554,723,833,2,106,25.92,5,0.2,32.4,9.072,0.3499999999999999,4,0
8539,CA-2015-157343,788,1413,723,833,2,106,8.016,3,0.2,10.02,1.002,0.125,4,0
8540,CA-2017-147354,42,1328,632,678,2,142,479.984,2,0.2,599.9799999999999,59.998,0.125,4,0
8541,CA-2017-147354,42,9,632,678,2,142,30.84,5,0.2,38.55,9.6375,0.3125,4,0
8542,CA-2015-157287,404,1223,938,707,3,12,33.568,2,0.2,41.959999999999994,1.6784,0.05,1,0
8543,CA-2015-157287,404,867,938,707,3,12,422.625,7,0.3,603.75,0.0,0.0,1,1
8544,CA-2014-137575,578,410,909,431,2,46,199.98,2,0.0,199.98,83.9916,0.42000000000000004,5,0
8545,CA-2016-119074,104,1654,1197,1045,2,113,20.24,1,0.0,20.24,8.7032,0.43000000000000005,4,0
8546,CA-2016-119074,104,1612,1197,1045,2,113,39.92,4,0.0,39.92,11.1776,0.27999999999999997,4,0
8547,CA-2016-119074,104,1527,1197,1045,2,113,32.54,2,0.0,32.54,15.9446,0.49,4,0
8548,CA-2015-149566,335,198,902,896,2,14,39.0,3,0.0,39.0,17.55,0.45,5,0
8549,CA-2015-149566,335,817,902,896,2,14,12.6,4,0.0,12.6,6.048,0.48000000000000004,5,0
8550,CA-2015-126186,335,443,862,812,3,43,24.64,4,0.2,30.8,4.004,0.16249999999999998,1,0
8551,CA-2015-121132,147,1797,790,1116,2,17,6.264,3,0.2,7.83,2.0358,0.325,7,0
8552,CA-2015-121132,147,486,790,1116,2,17,14.432,4,0.2,18.04,3.4276,0.2375,7,0
8553,CA-2014-140473,467,852,993,562,2,37,719.976,3,0.2,899.9699999999999,134.9955,0.1875,4,0
8554,US-2017-102904,91,702,39,226,2,34,239.92,8,0.0,239.92,23.992,0.1,7,0
8555,CA-2016-102092,401,1001,11,26,3,29,1056.86,7,0.0,1056.86,158.529,0.15000000000000002,2,0
8556,CA-2015-117884,291,429,205,205,4,454,447.944,7,0.2,559.93,89.5888,0.2,0,0
8557,CA-2015-117884,291,1752,205,205,4,454,150.408,9,0.2,188.00999999999996,-33.8418,-0.225,0,0
8558,CA-2016-132829,157,868,444,483,1,17,453.576,3,0.2,566.97,39.6879,0.0875,3,0
8559,CA-2016-132829,157,1622,444,483,1,17,45.36,9,0.2,56.699999999999996,14.742,0.325,3,0
8560,CA-2016-132829,157,1192,444,483,1,17,287.88,3,0.2,359.84999999999997,35.985,0.125,3,0
8561,CA-2016-132829,157,1515,444,483,1,17,131.88,3,0.2,164.85,14.8365,0.1125,3,0
8562,CA-2016-132829,157,397,444,483,1,17,2.328,2,0.6,5.819999999999999,-0.7566,-0.32500000000000007,3,1
8563,CA-2016-123540,250,1004,1198,1204,1,202,1454.9,5,0.0,1454.9,378.274,0.26,4,0
8564,US-2017-108315,415,974,505,465,2,607,4.842,3,0.7,16.139999999999997,-3.5508,-0.7333333333333334,4,1
8565,US-2017-108315,415,1763,505,465,2,607,220.704,6,0.2,275.88,-8.2764,-0.0375,4,0
8566,CA-2016-134110,768,1481,1020,742,3,486,67.176,3,0.2,83.97,6.7176,0.09999999999999999,1,0
8567,CA-2016-134110,768,1394,1020,742,3,486,15.232,4,0.2,19.04,5.5216,0.36250000000000004,1,0
8568,US-2016-136581,278,1291,339,397,3,413,31.104,6,0.2,38.879999999999995,10.8864,0.35000000000000003,2,0
8569,CA-2016-162390,318,1592,410,940,2,420,968.744,7,0.2,1210.93,314.8418,0.32499999999999996,6,0
8570,CA-2016-162390,318,95,410,940,2,420,222.352,13,0.2,277.94,77.8232,0.35,6,0
8571,CA-2016-162390,318,852,410,940,2,420,479.984,2,0.2,599.9799999999999,89.997,0.1875,6,0
8572,CA-2016-162222,257,1118,1016,1016,4,177,10.272,3,0.2,12.84,3.21,0.3125,0,0
8573,CA-2014-121629,538,1094,684,267,2,17,998.85,5,0.4,1664.75,-199.77,-0.2,4,1
8574,CA-2015-164623,475,34,1183,421,3,46,24.56,2,0.0,24.56,11.5432,0.47000000000000003,2,0
8575,CA-2014-159849,83,970,112,112,4,95,5.67,3,0.0,5.67,0.1134,0.02,0,0
8576,CA-2017-101273,462,567,152,1319,1,455,14.336,4,0.2,17.919999999999998,0.896,0.0625,3,0
8577,CA-2017-106747,701,744,446,1288,3,209,102.3,1,0.0,102.3,26.598,0.26,1,0
8578,CA-2017-146164,497,336,67,378,2,39,607.52,2,0.0,607.52,97.2032,0.16,4,0
8579,CA-2017-146164,497,231,67,378,2,39,31.16,2,0.0,31.16,7.79,0.25,4,0
8580,CA-2016-111605,528,1797,798,461,2,176,2.61,1,0.0,2.61,1.2006,0.45999999999999996,6,0
8581,CA-2014-130673,566,1782,672,858,1,608,10.332,3,0.6,25.830000000000002,-5.9409,-0.575,2,1
8582,CA-2014-130673,566,731,672,858,1,608,10.368,2,0.2,12.959999999999999,3.6288,0.35,2,0
8583,CA-2014-130673,566,1422,672,858,1,608,20.784,2,0.2,25.979999999999997,-3.6372,-0.17500000000000002,2,0
8584,CA-2014-130673,566,1765,672,858,1,608,66.96,5,0.2,83.69999999999999,-13.392,-0.2,2,0
8585,CA-2014-104808,776,829,520,1215,1,247,17.248,2,0.2,21.56,6.0368,0.35,4,0
8586,US-2017-132927,743,1086,35,935,2,64,11.088,7,0.7,36.959999999999994,-8.1312,-0.7333333333333334,6,1
8587,CA-2017-162015,209,218,498,931,2,14,1287.45,5,0.0,1287.45,244.6155,0.19,7,0
8588,CA-2017-162015,209,732,498,931,2,14,168.1,5,0.0,168.1,43.706,0.26,7,0
8589,CA-2015-138492,713,572,1061,1185,2,12,51.968,2,0.2,64.96,-10.3936,-0.19999999999999998,7,0
8590,CA-2017-145338,421,80,927,1395,3,75,4.768,2,0.2,5.959999999999999,0.4768,0.1,3,0
8591,CA-2017-126676,93,1511,366,173,3,420,7.98,3,0.0,7.98,3.9102,0.49,2,0
8592,CA-2017-101700,3,1041,757,467,3,609,18.688,2,0.2,23.359999999999996,7.008,0.375,3,0
8593,CA-2017-101700,3,1722,757,467,3,609,11.664,3,0.2,14.579999999999998,3.3534,0.28750000000000003,3,0
8594,CA-2017-159667,328,429,46,39,2,134,191.976,3,0.2,239.97,38.3952,0.2,4,0
8595,CA-2017-159667,328,1808,46,39,2,134,499.168,4,0.2,623.9599999999999,31.198,0.0625,4,0
8596,CA-2014-111934,242,991,953,1119,3,102,11.88,2,0.0,11.88,5.346,0.44999999999999996,2,0
8597,CA-2014-111934,242,259,953,1119,3,102,35.44,1,0.0,35.44,16.6568,0.47000000000000003,2,0
8598,US-2016-117387,51,1787,190,732,2,35,67.136,4,0.2,83.91999999999999,25.176,0.375,4,0
8599,CA-2014-141110,625,752,36,589,2,254,4.32,3,0.2,5.4,1.512,0.35,5,0
8600,CA-2014-141110,625,1026,36,589,2,254,14.94,3,0.0,14.94,7.0218,0.47000000000000003,5,0
8601,CA-2014-141110,625,1267,36,589,2,254,40.54,2,0.0,40.54,11.3512,0.28,5,0
8602,CA-2014-141110,625,1317,36,589,2,254,7.312,1,0.2,9.14,2.5592,0.35000000000000003,5,0
8603,US-2014-133949,312,1496,521,521,4,245,475.944,7,0.2,594.93,59.493,0.125,0,0
8604,US-2016-116365,120,1203,836,1135,2,66,30.08,2,0.2,37.599999999999994,-5.264,-0.17500000000000002,5,0
8605,US-2016-116365,120,1616,836,1135,2,66,165.6,3,0.2,206.99999999999997,-6.21,-0.0375,5,0
8606,US-2016-116365,120,1410,836,1135,2,66,180.96,5,0.2,226.2,13.572,0.075,5,0
8607,CA-2017-162936,381,568,239,1030,2,274,23.18,2,0.0,23.18,7.6494,0.33,4,0
8608,CA-2014-151946,591,1147,612,4,2,46,56.96,2,0.0,56.96,21.0752,0.37,5,0
8609,CA-2014-151946,591,1035,612,4,2,46,15.56,4,0.0,15.56,4.0456,0.26,5,0
8610,CA-2014-151946,591,588,612,4,2,46,353.568,2,0.2,441.96,-44.196,-0.125,5,0
8611,CA-2014-151946,591,771,612,4,2,46,13.96,2,0.0,13.96,6.7008,0.48,5,0
8612,CA-2017-123624,340,1351,39,702,1,570,82.95,5,0.0,82.95,29.0325,0.35,4,0
8613,CA-2016-146437,429,398,1199,855,1,2,39.68,2,0.0,39.68,10.3168,0.26,4,0
8614,CA-2016-138233,59,266,1200,697,2,233,479.97,3,0.0,479.97,177.5889,0.37,5,0
8615,CA-2016-165918,421,1648,546,750,2,200,7.38,2,0.0,7.38,3.4686,0.47,4,0
8616,CA-2016-165918,421,991,546,750,2,200,14.256,3,0.2,17.82,4.455,0.3125,4,0
8617,CA-2016-165918,421,840,546,750,2,200,81.98,2,0.0,81.98,40.1702,0.49,4,0
8618,CA-2016-165918,421,730,546,750,2,200,39.624,3,0.2,49.53,13.8684,0.35,4,0
8619,CA-2017-117513,388,720,449,145,2,26,399.672,7,0.2,499.59000000000003,-14.9877,-0.0375,5,0
8620,CA-2017-132437,314,1570,566,1169,1,24,65.12,4,0.0,65.12,16.9312,0.26,5,0
8621,US-2017-119319,703,678,45,46,1,163,30.56,5,0.6,76.39999999999999,-19.864,-0.65,3,1
8622,CA-2017-104318,396,96,727,797,2,79,20.768,2,0.2,25.96,2.3364,0.11249999999999999,5,0
8623,US-2016-114230,633,254,582,50,2,52,39.808,4,0.2,49.76,3.9808,0.09999999999999999,4,0
8624,CA-2015-136147,249,1081,51,1354,2,329,121.104,6,0.7,403.67999999999995,-100.92,-0.8333333333333334,5,1
8625,CA-2015-136147,249,1131,51,1354,2,329,111.96,5,0.2,139.95,-1.3995,-0.0125,5,0
8626,CA-2015-156118,429,1222,576,296,2,98,15.696,3,0.2,19.619999999999997,5.1012,0.325,4,0
8627,CA-2015-164084,133,1248,68,812,2,165,70.26,3,0.0,70.26,18.9702,0.26999999999999996,5,0
8628,CA-2015-164084,133,1543,68,812,2,165,90.0,5,0.0,90.0,16.2,0.18,5,0
8629,CA-2015-164084,133,537,68,812,2,165,6.096,2,0.2,7.62,2.0574,0.33749999999999997,5,0
8630,CA-2015-164084,133,1383,68,812,2,165,481.176,2,0.4,801.96,-120.294,-0.25,5,1
8631,CA-2015-164084,133,805,68,812,2,165,7.24,4,0.0,7.24,2.3892,0.33,5,0
8632,CA-2016-107783,221,632,1063,876,3,530,177.45,5,0.5,354.9,-78.078,-0.44000000000000006,1,1
8633,CA-2016-107783,221,693,1063,876,3,530,1369.764,6,0.7,4565.879999999999,-913.176,-0.6666666666666667,1,1
8634,CA-2016-107783,221,1684,1063,876,3,530,9.48,3,0.2,11.85,0.711,0.075,1,0
8635,CA-2017-159793,278,1,327,636,2,12,130.98,2,0.5,261.96,-89.0664,-0.68,4,1
8636,CA-2014-160094,595,1754,1014,1074,3,176,174.95,5,0.0,174.95,45.487,0.26,2,0
8637,CA-2014-160094,595,547,1014,1074,3,176,826.0,5,0.0,826.0,214.76,0.26,2,0
8638,CA-2017-151281,32,64,843,744,2,60,139.58,7,0.0,139.58,39.0824,0.27999999999999997,5,0
8639,CA-2017-118346,179,1106,284,1139,3,310,399.95,5,0.0,399.95,143.982,0.36,1,0
8640,CA-2014-129819,170,926,737,535,1,1,12.39,3,0.0,12.39,5.8233,0.47,2,0
8641,US-2017-148551,107,693,603,1035,2,163,760.98,5,0.8,3804.900000000001,-1141.47,-1.5,4,1
8642,CA-2017-147767,604,444,575,575,4,346,67.86,6,0.7,226.19999999999996,-45.24,-0.6666666666666667,0,1
8643,CA-2015-108259,375,295,628,220,2,223,31.504,11,0.2,39.38,11.814,0.375,7,0
8644,CA-2015-108259,375,1622,628,220,2,223,5.04,1,0.2,6.3,1.638,0.32499999999999996,7,0
8645,CA-2015-108259,375,413,628,220,2,223,39.879,7,0.7,132.92999999999998,-29.2446,-0.7333333333333333,7,1
8646,CA-2015-108259,375,326,628,220,2,223,4.712,1,0.2,5.89,1.4136,0.3,7,0
8647,CA-2016-113341,709,168,882,897,2,4,194.352,3,0.2,242.94,19.4352,0.09999999999999999,4,0
8648,US-2015-131842,646,213,902,576,3,396,97.424,2,0.2,121.78,10.9602,0.1125,3,0
8649,CA-2016-164574,654,719,876,1093,2,44,704.76,5,0.2,880.9499999999999,26.4285,0.0375,5,0
8650,CA-2016-164574,654,472,876,1093,2,44,27.396,3,0.7,91.32,-20.0904,-0.7333333333333333,5,1
8651,CA-2014-142769,262,1706,104,104,4,6,5.7,5,0.0,5.7,2.679,0.47,0,0
8652,CA-2014-142769,262,284,104,104,4,6,14.19,3,0.0,14.19,5.5341,0.38999999999999996,0,0
8653,CA-2014-142769,262,504,104,104,4,6,7.3,2,0.0,7.3,2.19,0.3,0,0
8654,CA-2014-142769,262,591,104,104,4,6,199.98,2,0.0,199.98,75.9924,0.38000000000000006,0,0
8655,CA-2014-142769,262,1520,104,104,4,6,144.96,4,0.0,144.96,60.8832,0.42,0,0
8656,CA-2014-142769,262,1014,104,104,4,6,118.0,2,0.0,118.0,20.06,0.16999999999999998,0,0
8657,CA-2014-142769,262,1439,104,104,4,6,48.94,1,0.0,48.94,24.47,0.5,0,0
8658,CA-2014-142769,262,1202,104,104,4,6,22.66,2,0.0,22.66,9.7438,0.43,0,0
8659,CA-2016-168361,34,808,1029,675,2,37,0.836,1,0.8,4.180000000000001,-1.3376,-1.5999999999999999,4,1
8660,CA-2016-153185,589,1409,324,163,2,94,30.96,6,0.2,38.699999999999996,11.223,0.3625,5,0
8661,CA-2017-124765,522,1104,921,330,2,3,723.92,5,0.2,904.8999999999999,-81.441,-0.11250000000000002,5,0
8662,CA-2015-131856,507,1650,794,962,2,17,21.968,4,0.6,54.919999999999995,-15.9268,-0.725,5,1
8663,CA-2015-131856,507,958,794,962,2,17,619.152,6,0.2,773.94,69.6546,0.11249999999999999,5,0
8664,CA-2015-131856,507,601,794,962,2,17,127.904,7,0.2,159.88,41.5688,0.325,5,0
8665,CA-2017-126634,270,1156,984,720,1,469,94.2,5,0.0,94.2,39.564,0.42,2,0
8666,CA-2016-118500,708,559,1020,742,3,35,49.5,5,0.0,49.5,13.365,0.27,1,0
8667,CA-2016-163951,789,1561,946,461,3,12,16.52,5,0.2,20.65,1.652,0.09999999999999999,3,0
8668,CA-2016-149916,526,154,597,436,1,61,55.36,4,0.2,69.19999999999999,19.376,0.35000000000000003,2,0
8669,CA-2016-149916,526,1704,597,436,1,61,11.56,1,0.2,14.45,3.757,0.325,2,0
8670,CA-2015-158918,483,1116,140,708,1,2,17.12,4,0.0,17.12,7.704,0.44999999999999996,5,0
8671,US-2014-159611,42,1598,423,1370,1,178,182.352,3,0.2,227.94,-18.2352,-0.09999999999999999,5,0
8672,US-2014-159611,42,236,423,1370,1,178,118.16,2,0.2,147.7,-25.109,-0.21250000000000002,5,0
8673,CA-2017-163265,560,272,912,1217,2,68,18.368,2,0.2,22.959999999999997,6.1992,0.3375,5,0
8674,CA-2017-163265,560,121,912,1217,2,68,600.558,3,0.3,857.94,-8.5794,-0.014285714285714285,5,1
8675,CA-2017-163265,560,194,912,1217,2,68,50.352,3,0.2,62.93999999999999,-8.1822,-0.1625,5,0
8676,CA-2017-163265,560,513,912,1217,2,68,28.032,6,0.2,35.04,3.504,0.125,5,0
8677,CA-2017-163265,560,1007,912,1217,2,68,7.692,1,0.6,19.23,-3.6537,-0.47500000000000003,5,1
8678,CA-2017-141705,139,1117,1201,41,3,610,517.405,5,0.3,739.15,-81.3065,-0.15714285714285714,2,1
8679,CA-2016-112739,280,637,477,1244,1,33,8.608,8,0.8,43.04000000000001,-13.3424,-1.5499999999999998,5,1
8680,CA-2016-112739,280,686,477,1244,1,33,159.56,5,0.2,199.45,33.9065,0.2125,5,0
8681,CA-2016-143805,64,228,50,276,1,196,2104.55,7,0.0,2104.55,694.5015,0.32999999999999996,2,0
8682,CA-2016-143805,64,598,50,276,1,196,40.7,5,0.0,40.7,11.803,0.29,2,0
8683,CA-2014-133634,257,1366,1128,850,2,102,47.79,3,0.0,47.79,16.2486,0.34,5,0
8684,CA-2017-101665,357,680,921,97,2,35,5.16,2,0.0,5.16,1.3416,0.25999999999999995,6,0
8685,CA-2016-155446,185,428,187,444,2,143,21.21,7,0.0,21.21,4.4541,0.21000000000000002,7,0
8686,CA-2017-137323,464,1230,238,552,1,291,96.36,6,0.0,96.36,25.0536,0.26,4,0
8687,CA-2016-144015,341,414,191,191,4,2,231.72,2,0.0,231.72,11.586,0.05,0,0
8688,CA-2016-144015,341,295,191,191,4,2,17.9,5,0.0,17.9,8.95,0.5,0,0
8689,CA-2016-144015,341,911,191,191,4,2,12.48,2,0.0,12.48,5.616,0.44999999999999996,0,0
8690,CA-2014-101427,673,1217,59,126,2,12,8.016,3,0.2,10.02,1.1022,0.1375,4,0
8691,CA-2016-136770,71,1016,1042,299,2,76,259.896,2,0.4,433.16,-56.3108,-0.21666666666666665,4,1
8692,CA-2016-136770,71,639,1042,299,2,76,247.188,2,0.4,411.98,-49.4376,-0.2,4,1
8693,CA-2016-136770,71,1510,1042,299,2,76,279.96,5,0.2,349.94999999999993,48.993,0.17500000000000002,4,0
8694,CA-2016-118311,526,294,1058,100,2,95,450.0,5,0.0,450.0,162.0,0.36,4,0
8695,US-2014-112795,129,549,710,1429,1,438,19.44,3,0.0,19.44,9.5256,0.49,5,0
8696,CA-2017-127096,38,216,176,698,1,10,300.904,1,0.2,376.13,11.2839,0.0375,2,0
8697,CA-2017-119284,132,1279,141,309,2,396,239.976,3,0.2,299.96999999999997,26.9973,0.1125,5,0
8698,CA-2017-119284,132,222,141,309,2,396,31.168,4,0.2,38.959999999999994,9.3504,0.30000000000000004,5,0
8699,CA-2017-119284,132,1530,141,309,2,396,120.96,2,0.4,201.6,-28.224,-0.23333333333333334,5,1
8700,CA-2017-119284,132,755,141,309,2,396,2239.936,8,0.2,2799.92,223.9936,0.09999999999999999,5,0
8701,CA-2017-119284,132,361,141,309,2,396,76.608,8,0.2,95.76,6.7032,0.0875,5,0
8702,CA-2017-119284,132,519,141,309,2,396,142.776,1,0.2,178.47,17.847,0.125,5,0
8703,CA-2017-119284,132,1842,141,309,2,396,91.36,5,0.2,114.19999999999999,29.692,0.325,5,0
8704,CA-2015-133494,262,1109,880,617,2,75,3.552,2,0.2,4.4399999999999995,0.444,0.125,4,0
8705,CA-2016-111318,583,1764,311,1389,3,17,115.136,8,0.2,143.92,11.5136,0.1,3,0
8706,US-2014-132745,740,1836,1202,1083,2,245,4.71,1,0.0,4.71,0.0,0.0,4,0
8707,CA-2014-146815,453,993,79,104,2,30,172.764,2,0.1,191.96,13.4372,0.07777777777777778,5,0
8708,CA-2014-146815,453,1274,79,104,2,30,3.52,2,0.0,3.52,1.6896,0.48,5,0
8709,CA-2014-119144,252,772,913,729,3,142,79.968,4,0.2,99.96,-17.9928,-0.22499999999999998,2,0
8710,CA-2014-119144,252,575,913,729,3,142,305.9745,3,0.15,359.96999999999997,25.1979,0.0823529411764706,2,0
8711,CA-2014-119144,252,157,913,729,3,142,344.91,3,0.0,344.91,10.3473,0.03,2,0
8712,CA-2014-105648,413,972,224,1010,2,89,626.352,3,0.2,782.9399999999999,-23.4882,-0.0375,4,0
8713,US-2015-145422,618,1249,156,215,2,95,359.499,3,0.15,422.94000000000005,-29.6058,-0.08235294117647057,4,0
8714,CA-2017-136623,748,612,498,12,2,189,71.952,6,0.2,89.94,5.3964,0.075,5,0
8715,CA-2017-136623,748,986,498,12,2,189,29.8,5,0.2,37.25,9.3125,0.3125,5,0
8716,CA-2017-121678,313,526,674,226,1,611,1.824,1,0.7,6.079999999999999,-1.3984,-0.7666666666666667,4,1
8717,CA-2016-120824,586,1430,2,951,1,33,64.384,4,0.8,321.9200000000001,-160.96,-2.5,4,1
8718,CA-2016-120824,586,699,2,951,1,33,6.984,2,0.6,17.459999999999997,-4.5396,-0.65,4,1
8719,CA-2016-120824,586,1274,2,951,1,33,11.264,8,0.2,14.079999999999998,3.9424,0.35000000000000003,4,0
8720,CA-2016-120824,586,1642,2,951,1,33,15.552,3,0.2,19.439999999999998,5.6376,0.3625,4,0
8721,CA-2016-120824,586,1632,2,951,1,33,379.372,2,0.3,541.96,-119.2312,-0.3142857142857143,4,1
8722,CA-2016-120824,586,1191,2,951,1,33,67.536,9,0.2,84.42,6.7536,0.09999999999999999,4,0
8723,CA-2016-120824,586,32,2,951,1,33,1.524,2,0.8,7.620000000000002,-2.667,-1.7499999999999998,4,1
8724,US-2016-135209,763,482,724,414,1,329,37.408,7,0.2,46.76,13.0928,0.35,2,0
8725,US-2016-135209,763,1715,724,414,1,329,25.344,6,0.2,31.68,8.8704,0.35,2,0
8726,CA-2017-148145,350,685,258,722,2,61,46.2,4,0.0,46.2,21.252,0.45999999999999996,5,0
8727,CA-2015-103870,134,1838,18,621,2,109,4.728,3,0.2,5.909999999999999,0.7092,0.15000000000000002,4,0
8728,CA-2015-103870,134,1835,18,621,2,109,53.352,3,0.2,66.69,16.0056,0.30000000000000004,4,0
8729,CA-2015-103870,134,1633,18,621,2,109,131.104,2,0.2,163.88,8.194,0.0625,4,0
8730,CA-2015-103870,134,1191,18,621,2,109,22.512,3,0.2,28.14,2.2512,0.09999999999999999,4,0
8731,CA-2015-103870,134,1422,18,621,2,109,72.744,7,0.2,90.92999999999999,-12.7302,-0.175,4,0
8732,CA-2015-111017,282,355,375,706,2,359,52.59,3,0.0,52.59,15.777,0.3,6,0
8733,CA-2017-116988,464,1466,819,223,1,60,19.44,3,0.0,19.44,9.3312,0.48000000000000004,2,0
8734,CA-2017-116988,464,452,819,223,1,60,126.3,3,0.0,126.3,40.416,0.32,2,0
8735,CA-2017-116988,464,218,819,223,1,60,1287.45,5,0.0,1287.45,244.6155,0.19,2,0
8736,US-2014-169390,295,721,316,1430,1,24,64.96,4,0.0,64.96,9.744,0.15000000000000002,3,0
8737,CA-2016-168774,533,519,914,370,2,533,535.41,3,0.0,535.41,160.623,0.3,5,0
8738,CA-2017-161592,729,807,1192,319,2,429,8.1,5,0.7,26.999999999999996,-5.94,-0.7333333333333334,4,1
8739,US-2017-131961,78,155,167,158,3,12,13.248,4,0.2,16.56,3.6432,0.275,3,0
8740,US-2017-131961,78,432,167,158,3,12,83.988,2,0.4,139.98000000000002,-20.997,-0.25,3,1
8741,CA-2016-102498,507,1065,1132,198,3,300,73.2,5,0.0,73.2,21.228,0.29000000000000004,1,0
8742,CA-2015-113222,327,176,530,530,4,453,10.74,3,0.0,10.74,5.1552,0.48,0,0
8743,US-2015-144771,238,94,654,243,3,589,11.032,1,0.2,13.79,3.0338,0.27499999999999997,2,0
8744,US-2015-144771,238,177,654,243,3,589,53.04,3,0.2,66.3,-4.641,-0.08750000000000001,2,0
8745,CA-2015-162376,788,19,7,666,1,566,17.12,4,0.0,17.12,4.9648,0.29,3,0
8746,CA-2015-162376,788,1786,7,666,1,566,59.94,3,0.0,59.94,28.1718,0.47000000000000003,3,0
8747,CA-2017-128076,636,794,63,1399,2,189,210.58,2,0.0,210.58,12.6348,0.06,5,0
8748,CA-2017-128076,636,613,63,1399,2,189,30.96,2,0.2,38.699999999999996,10.062,0.32499999999999996,5,0
8749,CA-2017-128076,636,1749,63,1399,2,189,239.984,2,0.2,299.98,38.9974,0.16249999999999998,5,0
8750,US-2015-163825,63,451,383,975,3,30,3050.376,3,0.2,3812.9700000000003,1143.891,0.375,3,0
8751,US-2015-163825,63,1087,383,975,3,30,133.98,2,0.0,133.98,33.495,0.25,3,0
8752,CA-2016-105662,47,1843,466,196,2,395,93.248,4,0.2,116.56,31.4712,0.33749999999999997,4,0
8753,CA-2016-105662,47,1193,466,196,2,395,177.48,3,0.2,221.84999999999997,19.9665,0.1125,4,0
8754,CA-2017-152198,558,1140,429,19,3,214,17.712,6,0.2,22.139999999999997,5.9778,0.3375,1,0
8755,CA-2017-152198,558,807,429,19,3,214,4.86,3,0.7,16.2,-3.564,-0.7333333333333333,1,1
8756,CA-2017-152198,558,1125,429,19,3,214,6.258,2,0.7,20.859999999999996,-5.215,-0.8333333333333333,1,1
8757,CA-2016-114307,717,552,406,1389,2,210,37.68,2,0.0,37.68,10.5504,0.27999999999999997,4,0
8758,CA-2016-114307,717,261,406,1389,2,210,51.84,8,0.0,51.84,24.8832,0.4799999999999999,4,0
8759,CA-2016-114307,717,646,406,1389,2,210,27.42,3,0.0,27.42,9.3228,0.34,4,0
8760,CA-2016-114307,717,752,406,1389,2,210,5.4,3,0.0,5.4,2.592,0.48,4,0
8761,CA-2016-159891,409,451,1012,1073,2,149,1270.99,1,0.0,1270.99,635.495,0.5,6,0
8762,CA-2016-159891,409,1359,1012,1073,2,149,125.36,8,0.0,125.36,58.9192,0.47,6,0
8763,CA-2016-112578,384,769,724,461,2,380,14.03,1,0.0,14.03,4.0687,0.29,4,0
8764,CA-2016-112578,384,1353,724,461,2,380,27.96,2,0.0,27.96,7.2696,0.25999999999999995,4,0
8765,CA-2015-107083,180,1217,83,155,2,7,5.344,2,0.2,6.68,0.7348,0.13749999999999998,6,0
8766,CA-2015-107083,180,16,83,155,2,7,1.696,2,0.8,8.480000000000002,-2.544,-1.5,6,1
8767,CA-2015-107083,180,1837,83,155,2,7,24.588,3,0.8,122.94000000000003,-67.617,-2.75,6,1
8768,CA-2015-107083,180,417,83,155,2,7,7.98,5,0.8,39.90000000000001,-13.167,-1.65,6,1
8769,CA-2015-151722,583,294,349,331,2,48,288.0,4,0.2,360.0,57.6,0.2,4,0
8770,CA-2016-151148,179,1751,127,1161,4,128,146.952,3,0.2,183.69,9.1845,0.0625,1,0
8771,CA-2016-151148,179,793,127,1161,4,128,83.136,4,0.2,103.91999999999999,5.196,0.0625,1,0
8772,CA-2017-115882,588,1219,33,698,3,315,942.784,4,0.2,1178.48,94.2784,0.1,3,0
8773,CA-2017-115882,588,1031,33,698,3,315,74.352,3,0.2,92.94,23.235,0.3125,3,0
8774,CA-2015-132276,785,567,1203,103,2,24,26.88,6,0.0,26.88,6.72,0.25,5,0
8775,CA-2015-132276,785,1283,1203,103,2,24,10.896,2,0.2,13.620000000000001,3.8136,0.35,5,0
8776,CA-2016-163636,487,148,6,11,1,37,3.536,2,0.2,4.42,0.3094,0.08750000000000001,4,0
8777,CA-2016-102813,106,663,416,895,3,144,528.43,5,0.3,754.9,0.0,0.0,1,1
8778,CA-2016-102813,106,1441,416,895,3,144,41.472,8,0.2,51.839999999999996,14.5152,0.35,1,0
8779,CA-2017-135377,163,575,1097,405,2,24,287.976,3,0.2,359.96999999999997,7.1994,0.024999999999999998,5,0
8780,CA-2015-165813,299,763,306,205,1,161,29.304,3,0.2,36.629999999999995,2.5641,0.0875,2,0
8781,CA-2015-133585,783,1262,880,1252,3,33,55.328,2,0.2,69.16,6.2244,0.1125,3,0
8782,CA-2015-133585,783,790,880,1252,3,33,1227.9984,6,0.32,1805.88,-36.1176,-0.029411764705882356,3,1
8783,CA-2016-116911,252,1207,307,874,2,612,20.416,4,0.2,25.52,6.6352,0.325,5,0
8784,CA-2016-116911,252,216,307,874,2,612,1128.39,3,0.0,1128.39,259.5297,0.22999999999999998,5,0
8785,US-2017-129224,358,1187,295,722,2,366,4.608,2,0.2,5.759999999999999,1.6704,0.36250000000000004,6,0
8786,CA-2017-145765,699,1693,40,456,2,52,195.96,5,0.2,244.95,19.596,0.09999999999999999,5,0
8787,CA-2017-145765,699,1484,40,456,2,52,15.552,3,0.2,19.439999999999998,5.4432,0.35000000000000003,5,0
8788,CA-2017-145765,699,107,40,456,2,52,271.968,4,0.2,339.96,54.3936,0.19999999999999998,5,0
8789,CA-2017-126914,556,1004,141,250,2,234,698.352,3,0.2,872.9399999999999,52.3764,0.075,4,0
8790,CA-2017-126914,556,1196,141,250,2,234,77.728,2,0.2,97.15999999999998,-3.8864,-0.05,4,0
8791,CA-2015-169572,133,1473,685,812,2,196,46.62,9,0.0,46.62,21.4452,0.46,6,0
8792,CA-2017-162075,628,665,258,669,2,17,537.544,7,0.2,671.93,47.0351,0.08750000000000001,6,0
8793,CA-2014-162992,163,574,175,1060,3,142,14.62,2,0.0,14.62,6.8714,0.47000000000000003,2,0
8794,CA-2014-162992,163,486,175,1060,3,142,22.55,5,0.0,22.55,8.7945,0.38999999999999996,2,0
8795,CA-2014-162992,163,1286,175,1060,3,142,583.8,5,0.2,729.7499999999999,72.975,0.125,2,0
8796,CA-2014-162992,163,666,175,1060,3,142,211.168,4,0.2,263.96,15.8376,0.075,2,0
8797,CA-2016-106397,78,491,275,1298,2,13,12.96,2,0.0,12.96,6.2208,0.4799999999999999,6,0
8798,CA-2016-106397,78,1244,275,1298,2,13,45.98,2,0.0,45.98,12.8744,0.28,6,0
8799,US-2016-150140,92,1368,1204,343,2,371,1294.75,5,0.0,1294.75,336.635,0.26,4,0
8800,CA-2014-116666,410,307,1205,1026,3,64,1799.97,5,0.4,2999.9500000000003,239.996,0.13333333333333333,2,1
8801,CA-2017-148992,295,1284,52,345,2,37,10.688,2,0.2,13.36,3.7408,0.35,4,0
8802,CA-2016-140935,756,1721,339,397,3,337,221.98,2,0.0,221.98,62.1544,0.28,2,0
8803,CA-2016-140935,756,1107,339,397,3,337,341.96,2,0.0,341.96,54.7136,0.16,2,0
8804,CA-2014-157644,693,568,521,1370,3,46,34.77,3,0.0,34.77,11.4741,0.32999999999999996,1,0
8805,CA-2014-157644,693,166,521,1370,3,46,18.9,3,0.0,18.9,8.694,0.4600000000000001,1,0
8806,US-2017-100398,158,1161,972,963,2,364,102.72,3,0.2,128.39999999999998,37.236,0.3625,4,0
8807,CA-2016-113082,566,1703,127,1143,2,551,40.48,2,0.0,40.48,14.5728,0.36000000000000004,4,0
8808,US-2017-110646,441,806,41,1109,2,64,33.282,3,0.7,110.93999999999997,-27.735,-0.8333333333333334,5,1
8809,US-2017-110646,441,1256,41,1109,2,64,118.65,5,0.4,197.75000000000003,19.775,0.16666666666666666,5,1
8810,US-2017-110646,441,933,41,1109,2,64,14.76,5,0.2,18.45,4.9815,0.33749999999999997,5,0
8811,CA-2017-120614,417,946,1110,401,2,26,37.52,4,0.0,37.52,18.0096,0.4799999999999999,5,0
8812,US-2016-140172,71,1144,388,70,2,31,207.144,3,0.1,230.16,48.3336,0.2333333333333333,5,0
8813,US-2016-140172,71,1623,388,70,2,31,13.9,5,0.0,13.9,3.753,0.27,5,0
8814,CA-2015-127754,317,638,354,375,2,277,266.352,3,0.2,332.93999999999994,13.3176,0.05000000000000001,5,0
8815,CA-2015-144274,618,349,522,666,1,50,307.98,2,0.0,307.98,89.3142,0.29,2,0
8816,CA-2015-144274,618,1844,522,666,1,50,44.1,6,0.0,44.1,20.727,0.47,2,0
8817,CA-2015-144274,618,170,522,666,1,50,13.12,4,0.0,13.12,5.6416,0.43000000000000005,2,0
8818,CA-2015-144274,618,1452,522,666,1,50,16.56,2,0.0,16.56,7.7832,0.47000000000000003,2,0
8819,CA-2015-144274,618,491,522,666,1,50,38.88,6,0.0,38.88,18.6624,0.48000000000000004,2,0
8820,CA-2015-142930,433,657,110,1258,2,111,335.52,4,0.2,419.4,117.432,0.35000000000000003,4,0
8821,CA-2017-100622,55,456,133,660,2,416,959.984,2,0.2,1199.98,311.9948,0.325,4,0
8822,CA-2017-100622,55,1283,133,660,2,416,4.086,2,0.7,13.62,-2.9964,-0.7333333333333333,4,1
8823,CA-2017-100622,55,1754,133,660,2,416,55.984,2,0.2,69.98,4.1988,0.075,4,0
8824,CA-2017-100622,55,712,133,660,2,416,10.688,2,0.2,13.36,3.7408,0.35,4,0
8825,CA-2017-117156,27,437,709,722,1,333,8.856,3,0.2,11.069999999999999,2.8782,0.325,2,0
8826,CA-2015-115399,152,1187,547,938,3,64,6.912,3,0.2,8.639999999999999,2.5056,0.3625,3,0
8827,US-2014-157847,711,482,1064,323,1,15,26.72,5,0.2,33.4,9.352,0.35000000000000003,4,0
8828,US-2014-157847,711,1775,1064,323,1,15,33.488,7,0.2,41.86,10.465,0.3125,4,0
8829,CA-2015-115168,180,1158,1118,989,2,586,10.56,2,0.0,10.56,4.752,0.44999999999999996,4,0
8830,CA-2014-109680,779,1663,192,1149,3,305,386.34,2,0.0,386.34,54.0876,0.14,3,0
8831,CA-2016-167983,346,808,1037,1359,1,61,33.44,10,0.2,41.8,11.704,0.35000000000000003,3,0
8832,CA-2015-145324,724,562,220,903,2,246,39.96,2,0.0,39.96,14.3856,0.36,4,0
8833,CA-2015-153423,518,693,138,1398,2,145,1217.568,2,0.2,1521.9599999999998,456.588,0.375,5,0
8834,US-2017-132675,581,1019,242,395,2,495,15.51,1,0.0,15.51,3.8775,0.25,4,0
8835,US-2017-132675,581,1518,242,395,2,495,89.9,2,0.0,89.9,25.172,0.27999999999999997,4,0
8836,US-2017-132675,581,1743,242,395,2,495,14.28,4,0.0,14.28,3.7128,0.26,4,0
8837,US-2017-132675,581,754,242,395,2,495,12.72,3,0.0,12.72,4.9608,0.38999999999999996,4,0
8838,US-2017-132675,581,366,242,395,2,495,15.75,5,0.0,15.75,7.56,0.48,4,0
8839,CA-2014-153808,396,1560,323,1277,1,26,70.95,3,0.0,70.95,18.447,0.25999999999999995,4,0
8840,CA-2014-153808,396,103,323,1277,1,26,65.568,2,0.2,81.96,23.7684,0.3625,4,0
8841,CA-2014-153808,396,1337,323,1277,1,26,299.97,3,0.0,299.97,131.9868,0.43999999999999995,4,0
8842,US-2016-112396,336,247,1206,272,2,95,89.97,3,0.0,89.97,39.5868,0.43999999999999995,4,0
8843,US-2016-112396,336,789,1206,272,2,95,31.86,2,0.0,31.86,11.151,0.35,4,0
8844,CA-2014-141173,37,1679,729,1165,1,40,67.15,5,0.0,67.15,16.7875,0.25,2,0
8845,CA-2017-156664,444,1233,405,332,2,48,7.236,3,0.7,24.119999999999994,-6.03,-0.8333333333333334,5,1
8846,CA-2017-156664,444,132,405,332,2,48,4.824,3,0.2,6.029999999999999,1.7487,0.3625,5,0
8847,CA-2017-156664,444,394,405,332,2,48,91.36,5,0.2,114.19999999999999,29.692,0.325,5,0
8848,CA-2017-156664,444,724,405,332,2,48,130.112,2,0.2,162.64,13.0112,0.1,5,0
8849,CA-2015-140718,136,919,741,434,3,315,74.24,1,0.2,92.79999999999998,8.352,0.11250000000000002,2,0
8850,CA-2015-140718,136,892,741,434,3,315,159.84,10,0.2,199.79999999999998,45.954,0.2875,2,0
8851,CA-2015-140718,136,545,741,434,3,315,2.892,2,0.7,9.639999999999999,-2.3136,-0.8,2,1
8852,CA-2015-140718,136,708,741,434,3,315,9.392,2,0.2,11.739999999999998,3.2872,0.35000000000000003,2,0
8853,CA-2014-119977,36,1020,1170,304,1,165,123.92,4,0.0,123.92,55.764,0.45,5,0
8854,US-2015-115343,384,1206,358,13,3,106,55.6,5,0.2,69.5,6.255,0.11249999999999999,3,0
8855,US-2015-115343,384,218,358,13,3,106,617.976,3,0.2,772.4699999999999,-7.7247,-0.0125,3,0
8856,CA-2017-163671,318,214,166,248,2,430,21.312,3,0.2,26.64,7.992,0.375,6,0
8857,CA-2017-135909,479,344,120,180,2,380,209.94,6,0.0,209.94,39.8886,0.18999999999999997,7,0
8858,CA-2017-135909,479,1432,120,180,2,380,31.984,2,0.2,39.98,-7.996,-0.25,7,0
8859,CA-2017-135909,479,451,120,180,2,380,5083.96,5,0.2,6354.95,1906.485,0.375,7,0
8860,US-2017-114356,500,1518,649,776,2,44,35.96,1,0.2,44.949999999999996,3.596,0.1,6,0
8861,CA-2015-125934,382,1656,862,228,2,336,31.05,3,0.0,31.05,14.904,0.48,7,0
8862,CA-2015-125934,382,1349,862,228,2,336,8.92,4,0.0,8.92,3.9248,0.44,7,0
8863,CA-2015-125934,382,271,862,228,2,336,209.6,4,0.0,209.6,96.416,0.46,7,0
8864,CA-2015-125934,382,1110,862,228,2,336,111.04,4,0.0,111.04,29.9808,0.26999999999999996,7,0
8865,CA-2015-125934,382,1651,862,228,2,336,38.88,6,0.0,38.88,18.6624,0.48000000000000004,7,0
8866,CA-2015-158148,623,1205,140,208,2,102,36.27,3,0.0,36.27,10.881,0.3,6,0
8867,CA-2014-120411,767,1602,60,866,3,156,493.43,5,0.3,704.9000000000001,-70.49,-0.14285714285714285,3,1
8868,CA-2014-120411,767,1092,60,866,3,156,11.12,2,0.2,13.899999999999999,3.475,0.31250000000000006,3,0
8869,CA-2016-158260,694,1772,255,1,2,89,686.4,2,0.2,857.9999999999999,77.22,0.1125,4,0
8870,CA-2017-101805,65,1407,97,1140,2,60,15.92,5,0.2,19.9,5.373,0.3375,5,0
8871,CA-2017-101805,65,326,97,1140,2,60,70.68,12,0.0,70.68,31.0992,0.43999999999999995,5,0
8872,CA-2017-101805,65,274,97,1140,2,60,541.24,4,0.0,541.24,5.4124,0.01,5,0
8873,US-2014-105137,580,1845,983,983,4,48,101.994,2,0.7,339.97999999999996,-71.3958,-0.7,0,1
8874,US-2014-105137,580,472,983,983,4,48,18.264,2,0.7,60.87999999999999,-13.3936,-0.7333333333333333,0,1
8875,CA-2017-142489,647,716,238,674,1,15,21.99,5,0.8,109.95000000000002,-32.985,-1.5,2,1
8876,US-2016-141264,565,414,573,1147,2,275,185.376,2,0.2,231.72,-34.758,-0.1875,6,0
8877,US-2016-141264,565,1219,573,1147,2,275,58.924,1,0.8,294.62000000000006,-153.2024,-2.6,6,1
8878,CA-2017-126928,48,1846,698,398,2,93,480.0,4,0.0,480.0,225.6,0.47,6,0
8879,CA-2017-126928,48,76,698,398,2,93,34.05,3,0.0,34.05,9.534,0.28,6,0
8880,US-2015-107944,88,162,392,1307,3,142,192.72,11,0.0,192.72,92.5056,0.48,2,0
8881,US-2015-107944,88,1106,392,1307,3,142,239.97,3,0.0,239.97,86.3892,0.36,2,0
8882,CA-2016-135594,572,1045,1187,895,1,174,50.12,7,0.2,62.64999999999999,-0.6265,-0.012499999999999999,3,0
8883,US-2017-115252,502,1558,180,1297,2,36,15.984,2,0.2,19.98,1.3986,0.08750000000000001,5,0
8884,US-2017-115252,502,458,180,1297,2,36,14.352,3,0.2,17.939999999999998,4.485,0.3125,5,0
8885,CA-2014-107398,30,305,56,1195,2,48,6.528,4,0.7,21.759999999999994,-4.5696,-0.7000000000000001,5,1
8886,CA-2014-107398,30,1311,56,1195,2,48,2.862,3,0.7,9.54,-2.2896,-0.8,5,1
8887,CA-2014-107398,30,531,56,1195,2,48,20.856,8,0.7,69.52,-16.6848,-0.7999999999999999,5,1
8888,CA-2014-169642,122,943,924,1022,1,2,276.28,2,0.0,276.28,0.0,0.0,3,0
8889,CA-2017-103968,530,584,97,227,2,353,629.64,9,0.0,629.64,107.0388,0.16999999999999998,6,0
8890,CA-2016-147256,764,1335,509,148,1,340,449.97,3,0.0,449.97,220.4853,0.48999999999999994,4,0
8891,CA-2016-147256,764,1342,509,148,1,340,1927.59,7,0.0,1927.59,751.7601,0.39,4,0
8892,CA-2016-162159,129,65,1143,32,3,113,121.78,2,0.0,121.78,30.445,0.25,2,0
8893,CA-2015-111038,785,874,495,402,2,89,2676.672,9,0.2,3345.8399999999997,267.6672,0.09999999999999999,5,0
8894,CA-2014-124723,48,1111,80,1133,2,575,489.23,2,0.3,698.9000000000001,41.934,0.0857142857142857,7,1
8895,CA-2016-167241,218,576,244,251,2,26,312.03,3,0.0,312.03,43.6842,0.14,7,0
8896,CA-2016-167241,218,1199,244,251,2,26,17.94,3,0.0,17.94,3.0498,0.16999999999999998,7,0
8897,CA-2016-167241,218,303,244,251,2,26,165.6,3,0.2,206.99999999999997,10.35,0.0625,7,0
8898,CA-2016-167241,218,946,244,251,2,26,37.52,4,0.0,37.52,18.0096,0.4799999999999999,7,0
8899,CA-2015-163237,314,1406,977,102,1,29,494.97,3,0.0,494.97,148.491,0.3,2,0
8900,CA-2015-163237,314,1352,977,102,1,29,25.06,2,0.0,25.06,11.7782,0.47000000000000003,2,0
8901,CA-2016-150483,444,1832,1207,31,2,68,32.064,3,0.6,80.16,-12.8256,-0.39999999999999997,4,1
8902,CA-2016-150483,444,1829,1207,31,2,68,18.496,4,0.2,23.119999999999997,6.7048,0.3625,4,0
8903,CA-2016-150483,444,1456,1207,31,2,68,191.079,3,0.3,272.97,-38.2158,-0.2,4,1
8904,CA-2016-150483,444,748,1207,31,2,68,10.368,2,0.2,12.959999999999999,3.6288,0.35,4,0
8905,US-2016-126431,712,934,950,950,4,30,30.53,1,0.0,30.53,14.0438,0.45999999999999996,0,0
8906,US-2016-126431,712,1387,950,950,4,30,30.84,3,0.0,30.84,6.168,0.2,0,0
8907,US-2016-126431,712,145,950,950,4,30,75.06,9,0.0,75.06,33.777,0.45,0,0
8908,CA-2016-139934,673,180,123,888,3,95,66.976,7,0.2,83.72,6.6976,0.1,2,0
8909,CA-2015-109603,606,1275,1208,1431,2,521,182.72,8,0.0,182.72,84.0512,0.45999999999999996,6,0
8910,CA-2017-160661,194,149,961,753,2,290,21.93,3,0.0,21.93,10.3071,0.47000000000000003,4,0
8911,CA-2017-102610,245,435,260,1184,2,429,95.976,3,0.2,119.97,15.5961,0.1625,4,0
8912,CA-2017-102610,245,1778,260,1184,2,429,143.928,9,0.2,179.91,-32.3838,-0.225,4,0
8913,CA-2017-102610,245,991,260,1184,2,429,3.564,2,0.7,11.879999999999999,-2.97,-0.8333333333333334,4,1
8914,CA-2017-102610,245,1039,260,1184,2,429,4.928,2,0.2,6.159999999999999,1.7248,0.35000000000000003,4,0
8915,US-2016-144057,52,519,196,1310,2,111,856.656,6,0.2,1070.82,107.082,0.125,4,0
8916,US-2016-144057,52,92,196,1310,2,111,13.184,4,0.8,65.92000000000002,-20.4352,-1.55,4,1
8917,US-2016-144057,52,1713,196,1310,2,111,48.784,4,0.8,243.92000000000004,-131.7168,-2.7,4,1
8918,US-2016-144057,52,137,196,1310,2,111,76.64,2,0.2,95.8,26.824,0.35000000000000003,4,0
8919,US-2016-144057,52,1088,196,1310,2,111,18.528,6,0.8,92.64000000000001,-27.792,-1.5000000000000002,4,1
8920,CA-2014-160276,707,1741,1064,919,2,221,177.68,2,0.0,177.68,46.1968,0.26,6,0
8921,CA-2014-132983,104,1106,583,524,2,391,159.98,2,0.0,159.98,57.5928,0.36,5,0
8922,CA-2016-145709,707,1514,965,751,2,613,52.68,3,0.2,65.85,19.755,0.375,4,0
8923,CA-2016-145709,707,764,965,751,2,613,11.568,3,0.2,14.459999999999999,2.6028,0.22499999999999998,4,0
8924,CA-2017-133928,234,32,533,47,2,449,4.572,4,0.7,15.239999999999998,-3.81,-0.8333333333333334,6,1
8925,CA-2016-168032,651,1847,807,1067,2,229,1439.968,4,0.2,1799.96,143.9968,0.1,4,0
8926,CA-2016-168032,651,615,807,1067,2,229,1.728,3,0.8,8.640000000000002,-2.6784,-1.55,4,1
8927,CA-2016-168032,651,490,807,1067,2,229,626.1,3,0.5,1252.2,-538.446,-0.86,4,1
8928,CA-2015-143616,165,1168,875,1311,1,6,99.2,5,0.0,99.2,25.792,0.26,2,0
8929,US-2015-168704,225,563,658,787,2,144,609.98,4,0.3,871.4000000000001,-113.282,-0.1857142857142857,4,1
8930,US-2015-168704,225,1001,658,787,2,144,211.372,2,0.3,301.96000000000004,-45.294,-0.21428571428571425,4,1
8931,US-2015-168704,225,836,658,787,2,144,239.976,3,0.2,299.96999999999997,17.9982,0.075,4,0
8932,CA-2017-143252,786,1802,405,166,2,202,99.95,5,0.0,99.95,22.9885,0.22999999999999998,6,0
8933,CA-2017-143252,786,1600,405,166,2,202,29.34,3,0.0,29.34,10.8558,0.37,6,0
8934,CA-2016-102134,260,905,561,691,2,157,16.74,2,0.0,16.74,4.3524,0.26000000000000006,5,0
8935,CA-2017-130036,131,1158,152,152,4,75,12.672,3,0.2,15.84,3.96,0.3125,0,0
8936,CA-2017-130036,131,296,152,152,4,75,1119.888,14,0.2,1399.86,209.979,0.18750000000000003,0,0
8937,CA-2015-134117,39,895,998,547,1,142,204.85,5,0.0,204.85,53.261,0.26,2,0
8938,CA-2015-134117,39,1496,998,547,1,142,135.984,2,0.2,169.98,16.998,0.125,2,0
8939,CA-2015-134117,39,170,998,547,1,142,16.4,5,0.0,16.4,7.052,0.43,2,0
8940,CA-2015-134117,39,921,998,547,1,142,92.96,2,0.2,116.19999999999999,31.374,0.3375,2,0
8941,CA-2014-130918,188,1848,964,830,1,452,7.632,3,0.2,9.54,-1.8126,-0.23750000000000002,2,0
8942,CA-2016-159023,509,923,55,733,3,41,4.158,7,0.7,13.86,-3.465,-0.8333333333333333,2,1
8943,CA-2016-159023,509,1849,55,733,3,41,179.991,3,0.7,599.9699999999999,-251.9874,-1.4,2,1
8944,CA-2017-111717,574,1757,1209,525,2,174,239.358,3,0.3,341.94000000000005,-47.8716,-0.2,6,1
8945,CA-2014-154592,383,1398,1036,590,3,10,164.88,3,0.0,164.88,80.7912,0.49000000000000005,1,0
8946,CA-2014-128622,610,504,648,665,1,95,10.95,3,0.0,10.95,3.285,0.30000000000000004,2,0
8947,CA-2017-148355,715,1194,166,117,2,274,19.44,3,0.0,19.44,9.3312,0.48000000000000004,4,0
8948,CA-2017-148355,715,1700,166,117,2,274,12.3,5,0.0,12.3,6.15,0.5,4,0
8949,CA-2014-132913,549,1804,164,59,3,89,13.97,1,0.0,13.97,3.6322,0.26,2,0
8950,CA-2017-150910,692,258,67,117,2,281,934.956,6,0.4,1558.26,-249.3216,-0.26666666666666666,6,1
8951,CA-2017-150910,692,826,67,117,2,281,46.864,2,0.2,58.57999999999999,7.6154,0.1625,6,0
8952,CA-2017-150910,692,377,67,117,2,281,26.16,3,0.2,32.699999999999996,1.962,0.075,6,0
8953,CA-2017-150910,692,1025,67,117,2,281,23.128,7,0.2,28.91,2.891,0.125,6,0
8954,CA-2017-150910,692,668,67,117,2,281,59.24,5,0.2,74.05,16.291,0.275,6,0
8955,CA-2014-156790,365,1196,234,1432,1,134,155.456,4,0.2,194.31999999999996,-7.7728,-0.05,2,0
8956,CA-2014-126480,429,1533,60,147,2,143,8.56,2,0.0,8.56,3.852,0.44999999999999996,4,0
8957,CA-2017-105620,372,1458,54,117,3,187,21.0,3,0.2,26.25,5.775,0.275,3,0
8958,CA-2017-105620,372,1846,54,117,3,187,120.0,2,0.5,240.0,-7.2,-0.060000000000000005,3,1
8959,CA-2017-150266,198,930,921,330,2,33,299.96,5,0.2,374.94999999999993,37.495,0.125,5,0
8960,CA-2017-150266,198,1528,921,330,2,33,67.84,5,0.8,339.2000000000001,-179.776,-2.65,5,1
8961,CA-2017-150266,198,857,921,330,2,33,853.93,5,0.3,1219.9,-24.398,-0.028571428571428574,5,1
8962,CA-2017-150266,198,1664,921,330,2,33,18.688,4,0.2,23.359999999999996,3.7376,0.2,5,0
8963,CA-2016-157280,753,1370,733,78,3,221,273.96,2,0.0,273.96,71.2296,0.26000000000000006,2,0
8964,CA-2016-157280,753,633,733,78,3,221,89.97,3,0.0,89.97,18.8937,0.21,2,0
8965,CA-2016-157280,753,1815,733,78,3,221,756.8,5,0.0,756.8,75.68,0.10000000000000002,2,0
8966,CA-2017-106691,667,745,45,106,2,33,1.248,2,0.8,6.240000000000001,-1.9344,-1.5499999999999998,6,1
8967,CA-2016-134180,656,294,55,78,2,75,72.0,1,0.2,90.0,14.4,0.2,4,0
8968,CA-2016-134180,656,371,55,78,2,75,470.155,7,0.3,671.65,-13.433,-0.028571428571428574,4,1
8969,CA-2014-166730,733,1167,126,1370,3,32,39.128,1,0.2,48.91,-8.8038,-0.225,2,0
8970,CA-2017-157469,21,449,575,227,2,347,19.728,9,0.2,24.66,1.7262,0.0875,5,0
8971,CA-2017-157469,21,723,575,227,2,347,151.188,2,0.4,251.98,-25.198,-0.16666666666666669,5,1
8972,CA-2017-122308,598,663,669,616,2,165,271.764,2,0.1,301.96,60.392,0.22222222222222224,4,0
8973,US-2014-149034,77,1090,85,872,3,75,47.496,1,0.2,59.37,-1.1874,-0.024999999999999998,2,0
8974,CA-2017-159226,211,267,1017,843,1,142,344.981,7,0.15,405.86,28.4102,0.08235294117647059,2,0
8975,CA-2017-156622,688,1232,52,201,3,78,36.288,7,0.2,45.35999999999999,12.7008,0.35000000000000003,3,0
8976,CA-2017-156622,688,1439,52,201,3,78,78.304,2,0.2,97.88,29.364,0.375,3,0
8977,CA-2017-156622,688,963,52,201,3,78,127.785,1,0.3,182.55,-31.0335,-0.24285714285714285,3,1
8978,CA-2017-156622,688,786,52,201,3,78,6.104,2,0.8,30.520000000000007,-9.156,-1.5,3,1
8979,CA-2014-119529,665,615,936,1128,1,417,5.76,2,0.0,5.76,2.8224,0.49000000000000005,2,0
8980,CA-2015-150413,751,481,325,1041,1,78,1.72,1,0.8,8.600000000000001,-2.838,-1.6500000000000001,5,1
8981,CA-2014-108182,112,1404,645,1430,1,614,8.952,2,0.8,44.76000000000001,-14.7708,-1.65,4,1
8982,CA-2016-110898,49,1035,1194,300,2,37,2.334,3,0.8,11.670000000000003,-6.3018,-2.6999999999999997,6,1
8983,CA-2016-110898,49,871,1194,300,2,37,1.728,4,0.8,8.640000000000002,-2.7648,-1.6,6,1
8984,CA-2016-110898,49,125,1194,300,2,37,159.04,5,0.6,397.59999999999997,-194.824,-1.225,6,1
8985,CA-2016-110898,49,1343,1194,300,2,37,145.98,2,0.5,291.96,-99.2664,-0.68,6,1
8986,CA-2015-123092,162,597,156,215,2,223,77.952,3,0.2,97.44,12.6672,0.1625,4,0
8987,CA-2015-123092,162,1243,156,215,2,223,95.97,5,0.7,319.9,-73.577,-0.7666666666666666,4,1
8988,CA-2015-123092,162,195,156,215,2,223,105.584,2,0.2,131.98,9.2386,0.0875,4,0
8989,CA-2015-123092,162,513,156,215,2,223,9.344,2,0.2,11.679999999999998,1.168,0.125,4,0
8990,US-2015-128587,448,1574,101,1082,2,335,9.68,2,0.0,9.68,3.7752,0.39,6,0
8991,US-2015-128587,448,1294,101,1082,2,335,4899.93,7,0.0,4899.93,2302.9671,0.4699999999999999,6,0
8992,US-2017-139577,185,342,173,834,2,95,104.75,5,0.0,104.75,21.9975,0.21,5,0
8993,CA-2017-159100,779,104,525,209,2,85,18.528,2,0.2,23.159999999999997,4.4004,0.23750000000000004,5,0
8994,CA-2017-159100,779,1300,525,209,2,85,1875.258,7,0.4,3125.4300000000003,-968.8833,-0.5166666666666666,5,1
8995,CA-2014-109043,395,1842,861,655,3,476,91.36,5,0.2,114.19999999999999,29.692,0.325,2,0
8996,CA-2014-109043,395,514,861,655,3,476,152.24,5,0.2,190.3,17.127,0.11249999999999999,2,0
8997,US-2017-116491,311,723,344,39,3,177,35.184,2,0.2,43.98,12.3144,0.35,2,0
8998,CA-2017-122763,669,259,178,178,4,17,56.704,2,0.2,70.88,19.1376,0.33749999999999997,0,0
8999,CA-2017-122763,669,127,178,178,4,17,274.064,7,0.2,342.58,102.774,0.375,0,0
9000,CA-2017-137785,415,542,727,1349,2,12,458.43,5,0.3,654.9000000000001,-124.431,-0.2714285714285714,4,1
9001,CA-2014-133389,510,1317,170,170,4,52,8.226,3,0.7,27.419999999999998,-6.0324,-0.7333333333333333,0,1
9002,CA-2014-103807,606,1629,267,338,2,495,5.95,1,0.0,5.95,0.833,0.13999999999999999,7,0
9003,CA-2014-103807,606,728,267,338,2,495,15.24,3,0.0,15.24,7.1628,0.47,7,0
9004,CA-2015-102855,227,98,58,745,4,322,239.94,6,0.0,239.94,26.3934,0.11,1,0
9005,CA-2015-102855,227,1702,58,745,4,322,23.84,8,0.0,23.84,6.4368,0.27,1,0
9006,CA-2017-107825,241,422,552,552,4,202,92.52,6,0.0,92.52,24.9804,0.27,0,0
9007,CA-2017-107825,241,118,552,552,4,202,37.76,1,0.0,37.76,10.5728,0.28,0,0
9008,CA-2017-107825,241,1648,552,552,4,202,7.38,2,0.0,7.38,3.4686,0.47,0,0
9009,CA-2017-107825,241,397,552,552,4,202,5.82,2,0.0,5.82,2.7354,0.47,0,0
9010,CA-2017-106047,751,1447,1210,931,2,324,3.816,1,0.2,4.77,1.1925,0.3125,6,0
9011,CA-2017-127803,541,1505,241,980,2,365,26.16,4,0.0,26.16,12.8184,0.49,4,0
9012,CA-2015-137071,526,726,140,380,3,67,100.8,2,0.2,125.99999999999999,21.42,0.21250000000000002,1,0
9013,CA-2016-121447,106,276,824,713,3,165,135.8,7,0.0,135.8,66.542,0.49,1,0
9014,CA-2017-143084,772,1623,258,1346,2,142,13.9,5,0.0,13.9,3.753,0.27,4,0
9015,CA-2017-143084,772,777,258,1346,2,142,19.4,5,0.0,19.4,9.312,0.48,4,0
9016,CA-2016-131639,375,675,908,444,2,65,13.488,2,0.2,16.86,4.3836,0.32500000000000007,6,0
9017,CA-2016-131639,375,1396,908,444,2,65,11.416,1,0.2,14.27,3.8529,0.33749999999999997,6,0
9018,CA-2016-161361,598,1018,254,464,1,544,17.64,3,0.0,17.64,8.6436,0.48999999999999994,2,0
9019,CA-2016-161361,598,21,254,464,1,544,17.04,3,0.2,21.299999999999997,5.538,0.325,2,0
9020,CA-2014-100706,98,960,758,1308,1,29,99.98,2,0.0,99.98,7.9984,0.08,2,0
9021,CA-2014-100706,98,876,758,1308,1,29,29.46,6,0.0,29.46,9.7218,0.33,2,0
9022,CA-2015-129525,779,1161,220,313,2,214,166.92,13,0.7,556.3999999999999,-116.844,-0.7000000000000001,5,1
9023,US-2016-141880,680,515,251,829,3,377,98.328,3,0.2,122.91,9.8328,0.1,1,0
9024,CA-2015-165799,496,542,686,741,3,24,117.882,1,0.1,130.98,1.3098,0.011111111111111112,3,0
9025,CA-2016-102127,779,1696,191,416,2,46,20.97,3,0.0,20.97,9.0171,0.43,6,0
9026,CA-2016-102127,779,1482,191,416,2,46,139.96,4,0.0,139.96,9.7972,0.06999999999999999,6,0
9027,CA-2016-102127,779,981,191,416,2,46,37.74,3,0.0,37.74,12.8316,0.33999999999999997,6,0
9028,US-2016-152415,23,628,43,898,2,615,14.82,3,0.0,14.82,6.2244,0.42,5,0
9029,US-2016-152415,23,442,43,898,2,615,191.82,3,0.0,191.82,61.3824,0.32,5,0
9030,CA-2014-138198,692,531,668,150,2,132,13.904,2,0.2,17.38,4.5188,0.32499999999999996,5,0
9031,CA-2017-128041,460,1153,854,854,4,6,314.6,4,0.0,314.6,103.818,0.32999999999999996,0,0
9032,CA-2017-128041,460,224,854,854,4,6,283.56,4,0.0,283.56,45.3696,0.16,0,0
9033,CA-2017-105823,47,2,739,336,2,84,487.96,2,0.0,487.96,146.388,0.30000000000000004,4,0
9034,CA-2014-152268,184,1177,815,558,2,146,1793.98,2,0.0,1793.98,843.1706,0.47000000000000003,5,0
9035,CA-2015-148873,76,1391,487,349,2,117,2.992,4,0.8,14.960000000000003,-4.488,-1.5000000000000002,4,1
9036,CA-2015-148873,76,152,487,349,2,117,108.768,4,0.2,135.95999999999998,2.7192,0.024999999999999998,4,0
9037,CA-2015-166492,262,1010,1004,890,3,46,25.92,4,0.0,25.92,12.4416,0.4799999999999999,3,0
9038,CA-2015-166492,262,1012,1004,890,3,46,22.58,2,0.0,22.58,5.8708,0.26,3,0
9039,CA-2017-157420,522,462,611,611,4,15,55.176,3,0.2,68.97,-12.4146,-0.225,0,0
9040,CA-2016-117121,456,693,908,1376,2,186,9892.74,13,0.0,9892.74,4946.37,0.5,4,0
9041,CA-2014-138177,541,1117,112,147,2,524,73.915,1,0.5,147.83,-45.8273,-0.62,5,1
9042,CA-2014-114335,191,1806,451,463,2,476,337.088,4,0.2,421.36,16.8544,0.04999999999999999,5,0
9043,CA-2015-168760,153,565,358,121,1,14,61.44,3,0.0,61.44,16.5888,0.27,4,0
9044,CA-2016-168830,505,332,78,374,2,35,479.97,3,0.0,479.97,163.1898,0.33999999999999997,6,0
9045,CA-2017-137463,367,1391,820,699,1,355,5.984,2,0.2,7.4799999999999995,2.244,0.37500000000000006,4,0
9046,CA-2017-137463,367,1303,820,699,1,355,189.95,5,0.0,189.95,45.588,0.24000000000000002,4,0
9047,CA-2017-137463,367,633,820,699,1,355,149.95,5,0.0,149.95,31.4895,0.21000000000000002,4,0
9048,CA-2017-137463,367,759,820,699,1,355,29.95,5,0.0,29.95,8.6855,0.29,4,0
9049,CA-2017-137463,367,1761,820,699,1,355,44.4,3,0.0,44.4,22.2,0.5,4,0
9050,CA-2014-124513,360,667,159,795,2,165,66.03,3,0.0,66.03,17.1678,0.26,4,0
9051,CA-2015-165554,322,363,1211,1185,2,26,10.86,2,0.0,10.86,5.3214,0.49,4,0
9052,CA-2014-141838,461,1246,960,692,1,35,3.36,2,0.0,3.36,0.84,0.25,5,0
9053,CA-2014-141838,461,45,960,692,1,35,27.936,4,0.2,34.919999999999995,9.4284,0.3375,5,0
9054,CA-2014-141838,461,1764,960,692,1,35,28.784,2,0.2,35.98,2.8784,0.1,5,0
9055,CA-2017-117009,319,134,586,395,2,201,21.96,2,0.0,21.96,6.1488,0.27999999999999997,6,0
9056,CA-2015-128993,114,917,812,15,1,6,21.98,2,0.0,21.98,8.5722,0.39,5,0
9057,CA-2015-160227,526,1803,122,1259,3,165,2621.322,11,0.1,2912.58,553.3902,0.2111111111111111,2,0
9058,CA-2015-149097,648,1681,1183,1041,2,63,74.76,7,0.0,74.76,23.9232,0.32,4,0
9059,CA-2015-149097,648,1747,1183,1041,2,63,364.776,3,0.2,455.96999999999997,27.3582,0.075,4,0
9060,CA-2016-132304,256,899,404,1134,2,6,1115.17,7,0.0,1115.17,334.551,0.3,4,0
9061,CA-2015-136420,295,913,313,83,3,143,89.696,4,0.2,112.11999999999999,33.636,0.37500000000000006,1,0
9062,CA-2015-136420,295,50,313,83,3,143,50.12,4,0.0,50.12,23.5564,0.47000000000000003,1,0
9063,CA-2016-101623,646,830,1212,1194,2,46,36.48,6,0.0,36.48,18.24,0.5,7,0
9064,US-2014-151015,215,1324,1006,23,2,156,322.192,13,0.2,402.74,100.685,0.3125,6,0
9065,US-2014-151015,215,186,1006,23,2,156,2.946,3,0.8,14.730000000000004,-4.8609,-1.65,6,1
9066,US-2014-151015,215,1332,1006,23,2,156,19.136,4,0.2,23.919999999999998,6.9368,0.3625,6,0
9067,CA-2017-152968,299,1576,1144,1110,2,246,23.08,2,0.0,23.08,6.924,0.30000000000000004,4,0
9068,CA-2016-150077,334,1410,1085,1405,2,249,90.48,2,0.0,90.48,23.5248,0.25999999999999995,6,0
9069,CA-2016-106278,79,52,477,65,1,120,215.976,3,0.2,269.96999999999997,-2.6997,-0.0125,3,0
9070,CA-2016-106278,79,1665,477,65,1,120,65.94,3,0.0,65.94,30.9918,0.47000000000000003,3,0
9071,CA-2017-147550,723,284,770,257,3,64,11.352,3,0.2,14.19,2.6961,0.2375,1,0
9072,CA-2015-136105,450,577,822,383,2,135,24.56,2,0.0,24.56,6.8768,0.28,4,0
9073,CA-2016-142524,470,1452,914,163,2,335,16.56,2,0.0,16.56,7.7832,0.47000000000000003,4,0
9074,CA-2016-142524,470,202,914,163,2,335,279.95,5,0.0,279.95,67.188,0.24000000000000002,4,0
9075,CA-2014-136336,588,943,420,760,2,1,828.84,6,0.0,828.84,0.0,0.0,5,0
9076,US-2015-136259,559,386,600,628,3,347,7.218,3,0.7,24.059999999999995,-5.5338,-0.7666666666666667,3,1
9077,US-2015-136259,559,1769,600,628,3,347,27.2,4,0.2,34.0,2.04,0.075,3,0
9078,US-2014-124625,71,1049,936,846,2,199,89.97,3,0.0,89.97,18.8937,0.21,4,0
9079,CA-2016-108105,544,125,596,1099,2,1,318.08,4,0.0,318.08,34.9888,0.11,7,0
9080,CA-2016-108105,544,327,596,1099,2,1,5.8,1,0.0,5.8,2.61,0.45,7,0
9081,CA-2017-166898,176,994,221,1169,1,201,143.952,6,0.2,179.94,17.994,0.125,2,0
9082,CA-2017-166898,176,1010,221,1169,1,201,19.44,3,0.0,19.44,9.3312,0.48000000000000004,2,0
9083,CA-2017-169005,768,22,809,45,2,29,5.56,2,0.0,5.56,1.4456,0.26,4,0
9084,CA-2015-104038,629,1167,526,286,3,304,146.73,3,0.0,146.73,2.9346,0.02,2,0
9085,CA-2015-104038,629,151,526,286,3,304,29.9,5,0.0,29.9,13.455,0.45,2,0
9086,CA-2016-126102,232,1592,546,127,1,14,276.784,2,0.2,345.97999999999996,89.9548,0.325,2,0
9087,CA-2016-143406,757,1779,183,956,2,17,93.032,2,0.8,465.1600000000001,-251.1864,-2.7,4,1
9088,CA-2016-143406,757,71,183,956,2,17,454.965,5,0.3,649.95,-136.4895,-0.3,4,1
9089,CA-2015-150308,646,240,84,140,2,183,246.168,3,0.2,307.71,21.5397,0.0875,5,0
9090,CA-2016-131093,60,236,43,874,1,158,295.4,5,0.2,369.24999999999994,-62.7725,-0.21250000000000002,3,0
9091,US-2017-148831,118,124,120,454,3,176,348.56,8,0.0,348.56,104.568,0.3,2,0
9092,CA-2015-162950,62,90,1142,231,1,413,15.552,3,0.2,19.439999999999998,5.4432,0.35000000000000003,5,0
9093,CA-2015-162950,62,1163,1142,231,1,413,482.94,6,0.5,965.88,-376.6932,-0.78,5,1
9094,US-2015-132836,220,1502,933,1118,2,84,299.98,2,0.0,299.98,83.9944,0.27999999999999997,4,0
9095,US-2015-132836,220,1081,933,1118,2,84,403.68,6,0.0,403.68,181.656,0.45,4,0
9096,US-2015-132836,220,1021,933,1118,2,84,41.9,2,0.0,41.9,11.732,0.27999999999999997,4,0
9097,US-2015-132836,220,1723,933,1118,2,84,28.91,7,0.0,28.91,13.2986,0.46,4,0
9098,US-2014-158365,648,731,792,1257,2,464,32.4,5,0.0,32.4,15.552,0.48,5,0
9099,CA-2017-152933,378,666,387,525,2,177,369.544,7,0.2,461.92999999999995,27.7158,0.07500000000000001,4,0
9100,CA-2017-152933,378,549,387,525,2,177,10.368,2,0.2,12.959999999999999,3.7584,0.3625,4,0
9101,CA-2017-152933,378,765,387,525,2,177,791.88,3,0.2,989.8499999999999,128.6805,0.1625,4,0
9102,CA-2015-163181,456,33,210,769,2,17,23.64,3,0.2,29.55,5.319,0.225,5,0
9103,CA-2015-163181,456,46,210,769,2,17,84.784,2,0.2,105.98,-16.9568,-0.2,5,0
9104,CA-2015-163181,456,1526,210,769,2,17,64.96,5,0.6,162.39999999999998,-84.448,-1.3,5,1
9105,CA-2015-163181,456,28,210,769,2,17,32.06,10,0.8,160.30000000000004,-51.296,-1.5999999999999999,5,1
9106,CA-2015-163181,456,1668,210,769,2,17,177.648,2,0.2,222.05999999999997,-28.8678,-0.1625,5,0
9107,CA-2015-163181,456,1617,210,769,2,17,287.91,3,0.4,479.8500000000001,33.5895,0.11666666666666665,5,1
9108,CA-2015-132941,153,1353,443,72,3,399,22.368,2,0.2,27.959999999999997,1.6776,0.075,3,0
9109,CA-2015-132941,153,1216,443,72,3,399,32.368,7,0.2,40.46,11.7334,0.3625,3,0
9110,CA-2015-132941,153,1302,443,72,3,399,207.984,2,0.2,259.98,36.3972,0.175,3,0
9111,CA-2014-132010,672,1048,304,772,3,196,36.4,5,0.0,36.4,17.472,0.48000000000000004,2,0
9112,CA-2014-132010,672,1691,304,772,3,196,22.96,2,0.0,22.96,4.3624,0.19,2,0
9113,CA-2014-132010,672,1820,304,772,3,196,315.2,4,0.0,315.2,6.304,0.02,2,0
9114,CA-2014-132010,672,882,304,772,3,196,15.18,3,0.0,15.18,7.1346,0.47,2,0
9115,CA-2016-135461,425,1808,570,1405,1,14,623.96,5,0.2,779.95,38.9975,0.0625,3,0
9116,CA-2017-153045,516,1119,618,715,1,12,429.6,2,0.4,716.0000000000001,-93.08,-0.21666666666666665,5,1
9117,CA-2017-153045,516,562,618,715,1,12,31.968,2,0.2,39.96,6.3936,0.2,5,0
9118,CA-2017-153045,516,775,618,715,1,12,887.271,3,0.3,1267.53,-63.3765,-0.07142857142857144,5,1
9119,CA-2017-153045,516,988,618,715,1,12,21.696,4,0.2,27.12,7.0512,0.32499999999999996,5,0
9120,US-2016-155971,177,817,113,2,2,2,22.05,7,0.0,22.05,10.584,0.48,6,0
9121,US-2016-155971,177,1850,113,2,2,2,99.9,5,0.0,99.9,46.953,0.47000000000000003,6,0
9122,CA-2017-122007,760,96,258,178,1,4,90.86,7,0.0,90.86,26.3494,0.29,2,0
9123,CA-2017-162250,702,566,222,222,4,10,7.78,1,0.0,7.78,3.501,0.44999999999999996,0,0
9124,US-2016-158288,14,706,492,86,1,75,78.759,9,0.7,262.53,-57.7566,-0.7333333333333333,2,1
9125,CA-2016-128916,16,741,299,624,1,33,9.552,3,0.6,23.88,-3.8208,-0.4,2,1
9126,CA-2016-128916,16,1534,299,624,1,33,5.344,4,0.6,13.36,-2.1376,-0.39999999999999997,2,1
9127,CA-2015-157028,672,155,110,156,2,405,8.28,2,0.0,8.28,3.4776,0.42,5,0
9128,CA-2017-112473,146,1752,1127,703,2,33,50.136,3,0.2,62.67,-11.2806,-0.22499999999999998,7,0
9129,US-2017-147655,443,736,508,529,3,314,88.074,7,0.7,293.5799999999999,-58.716,-0.6666666666666667,1,1
9130,CA-2016-130911,420,1374,831,254,1,178,301.47,3,0.5,602.94,-241.176,-0.7999999999999999,2,1
9131,CA-2016-130911,420,1133,831,254,1,178,18.656,2,0.2,23.319999999999997,1.6324,0.08750000000000001,2,0
9132,CA-2017-100055,551,1002,40,703,2,616,27.46,2,0.0,27.46,9.8856,0.36,4,0
9133,CA-2017-100055,551,587,40,703,2,616,125.13,3,0.0,125.13,36.2877,0.29000000000000004,4,0
9134,CA-2015-157805,564,873,285,407,2,89,555.96,5,0.2,694.95,41.697,0.075,4,0
9135,CA-2016-124254,534,399,409,765,2,576,129.552,3,0.2,161.93999999999997,-22.6716,-0.17500000000000002,5,0
9136,CA-2016-124254,534,392,409,765,2,576,51.984,1,0.2,64.98,-5.1984,-0.1,5,0
9137,CA-2016-124254,534,1672,409,765,2,576,10.272,3,0.2,12.84,3.4668,0.3375,5,0
9138,CA-2014-123400,519,998,564,1331,2,105,18.336,2,0.7,61.11999999999998,-12.224,-0.6666666666666667,7,1
9139,CA-2014-123400,519,1410,564,1331,2,105,180.96,5,0.2,226.2,13.572,0.075,7,0
9140,CA-2014-106971,299,107,815,79,2,547,475.944,7,0.2,594.93,95.1888,0.19999999999999998,6,0
9141,CA-2017-123029,405,658,1034,281,1,14,159.98,2,0.0,159.98,47.994,0.30000000000000004,2,0
9142,CA-2016-139409,784,48,65,1244,3,165,43.6,4,0.0,43.6,12.208,0.27999999999999997,2,0
9143,US-2017-166688,503,1500,969,1144,2,122,8.288,2,0.2,10.36,3.0044,0.3625,6,0
9144,US-2017-166688,503,1808,969,1144,2,122,1123.128,9,0.2,1403.9099999999999,70.1955,0.0625,6,0
9145,US-2017-166688,503,96,969,1144,2,122,64.9,5,0.0,64.9,18.821,0.29,6,0
9146,CA-2015-126970,237,606,1182,497,2,18,2.808,3,0.8,14.040000000000003,-4.4928,-1.6,4,1
9147,US-2016-165505,119,1136,1157,1387,2,371,99.98,2,0.0,99.98,42.9914,0.43,4,0
9148,US-2016-165505,119,1851,1157,1387,2,371,8.04,6,0.0,8.04,2.7336,0.34,4,0
9149,US-2016-165505,119,773,1157,1387,2,371,1564.29,13,0.0,1564.29,406.7154,0.26,4,0
9150,US-2014-157070,426,1003,107,572,2,152,138.56,4,0.0,138.56,66.5088,0.4799999999999999,5,0
9151,US-2014-157070,426,938,107,572,2,152,65.52,5,0.1,72.8,12.376,0.18888888888888888,5,0
9152,US-2015-106873,28,1584,497,1311,1,510,14.576,2,0.2,18.22,2.3686,0.16249999999999998,5,0
9153,US-2015-106873,28,175,497,1311,1,510,23.2,2,0.2,28.999999999999996,1.45,0.0625,5,0
9154,US-2015-106873,28,455,497,1311,1,510,16.464,7,0.2,20.58,1.8522,0.11250000000000002,5,0
9155,CA-2016-132990,731,442,1148,1093,1,12,19.312,2,0.2,24.14,3.1382,0.16249999999999998,2,0
9156,CA-2014-102645,781,129,1213,839,2,122,40.08,6,0.0,40.08,19.2384,0.48,5,0
9157,CA-2014-134215,505,474,473,234,2,372,101.96,2,0.0,101.96,27.5292,0.27,4,0
9158,CA-2014-134215,505,1674,473,234,2,372,259.74,13,0.0,259.74,124.6752,0.48,4,0
9159,CA-2014-134215,505,722,473,234,2,372,255.42,9,0.0,255.42,104.7222,0.41000000000000003,4,0
9160,CA-2016-118934,690,309,889,1042,2,564,4.338,3,0.7,14.459999999999997,-3.0366,-0.7,5,1
9161,CA-2016-118934,690,742,889,1042,2,564,11.88,5,0.7,39.599999999999994,-7.92,-0.6666666666666666,5,1
9162,CA-2016-160108,152,1369,17,940,2,425,405.86,7,0.0,405.86,32.4688,0.08,4,0
9163,CA-2016-160108,152,630,17,940,2,425,680.01,3,0.0,680.01,176.8026,0.26,4,0
9164,CA-2015-164007,727,1431,1214,822,2,27,2.376,3,0.2,2.9699999999999998,0.7425,0.31250000000000006,4,0
9165,CA-2015-164007,727,848,1214,822,2,27,143.128,2,0.8,715.6400000000001,-393.602,-2.75,4,1
9166,CA-2016-100300,78,1833,891,191,1,89,4476.8,4,0.2,5596.0,503.64,0.11249999999999999,2,0
9167,CA-2016-100300,78,977,891,191,1,89,104.85,1,0.0,104.85,50.328,0.48000000000000004,2,0
9168,CA-2016-100300,78,1430,891,191,1,89,241.44,3,0.0,241.44,72.432,0.3,2,0
9169,CA-2016-140571,320,601,544,691,2,130,319.76,14,0.0,319.76,147.0896,0.45999999999999996,4,0
9170,CA-2016-140571,320,601,544,691,2,130,45.68,2,0.0,45.68,21.0128,0.45999999999999996,4,0
9171,US-2016-155768,698,469,50,50,4,570,31.96,2,0.0,31.96,1.598,0.05,0,0
9172,US-2016-155768,698,1053,50,50,4,570,47.9,1,0.0,47.9,22.992,0.48000000000000004,0,0
9173,US-2016-155768,698,879,50,50,4,570,1112.94,3,0.0,1112.94,222.588,0.19999999999999998,0,0
9174,US-2016-155768,698,589,50,50,4,570,22.92,3,0.0,22.92,11.2308,0.49,0,0
9175,CA-2017-119424,767,994,493,1390,1,299,71.976,3,0.2,89.97,8.997,0.125,2,0
9176,CA-2017-119424,767,989,493,1390,1,299,19.44,3,0.0,19.44,9.3312,0.48000000000000004,2,0
9177,CA-2016-118178,567,304,691,831,2,396,31.086,3,0.7,103.61999999999998,-20.724,-0.6666666666666667,5,1
9178,CA-2016-166618,25,1710,697,742,2,46,13.98,2,0.0,13.98,3.9144,0.27999999999999997,4,0
9179,CA-2016-166618,25,1560,697,742,2,46,23.65,1,0.0,23.65,6.149,0.26,4,0
9180,CA-2017-156776,146,1539,784,939,2,280,707.88,3,0.2,884.8499999999999,44.2425,0.0625,4,0
9181,CA-2017-156776,146,592,784,939,2,280,11.952,3,0.2,14.94,4.1832,0.35000000000000003,4,0
9182,CA-2017-156776,146,1646,784,939,2,280,31.128,3,0.2,38.91,11.673,0.375,4,0
9183,CA-2017-156776,146,1776,784,939,2,280,55.76,4,0.0,55.76,7.8064,0.14,4,0
9184,CA-2017-156776,146,315,784,939,2,280,24.56,2,0.0,24.56,11.5432,0.47000000000000003,4,0
9185,CA-2017-156776,146,29,784,939,2,280,51.75,1,0.0,51.75,15.525,0.3,4,0
9186,CA-2017-156776,146,1852,784,939,2,280,207.184,1,0.2,258.97999999999996,25.898,0.125,4,0
9187,CA-2017-156776,146,1219,784,939,2,280,1473.1,5,0.0,1473.1,412.468,0.28,4,0
9188,US-2015-130512,599,483,292,768,2,285,3.488,2,0.2,4.359999999999999,-0.6976,-0.2,4,0
9189,US-2015-130512,599,235,292,768,2,285,21.728,4,0.2,27.16,3.8024,0.175,4,0
9190,US-2015-130512,599,943,292,768,2,285,663.072,6,0.2,828.8399999999999,-165.768,-0.25,4,0
9191,US-2015-130512,599,897,292,768,2,285,99.588,2,0.7,331.9599999999999,-82.99,-0.8333333333333334,4,1
9192,US-2015-130512,599,760,292,768,2,285,49.568,2,0.2,61.959999999999994,15.49,0.3125,4,0
9193,CA-2015-141810,122,302,122,210,2,66,29.372,7,0.8,146.86000000000004,-46.9952,-1.5999999999999999,5,1
9194,CA-2015-141810,122,884,122,210,2,66,344.704,2,0.2,430.88,38.7792,0.1125,5,0
9195,CA-2014-146843,172,1258,954,777,2,510,47.992,7,0.2,59.989999999999995,3.5994,0.07500000000000001,6,0
9196,CA-2014-146843,172,1366,954,777,2,510,102.24,4,0.2,127.79999999999998,-16.614,-0.1625,6,0
9197,CA-2014-103310,412,1674,1026,1238,2,59,39.96,2,0.0,39.96,19.1808,0.48000000000000004,5,0
9198,CA-2014-103310,412,1119,1026,1238,2,59,1432.0,5,0.2,1790.0,125.3,0.0875,5,0
9199,CA-2014-103310,412,1727,1026,1238,2,59,41.04,6,0.0,41.04,11.0808,0.27,5,0
9200,CA-2014-103310,412,1477,1026,1238,2,59,256.784,1,0.2,320.97999999999996,32.098,0.125,5,0
9201,CA-2016-152688,750,431,509,202,3,348,120.98,1,0.0,120.98,12.098,0.1,3,0
9202,CA-2016-152688,750,383,509,202,3,348,315.98,1,0.0,315.98,148.5106,0.47000000000000003,3,0
9203,CA-2016-153836,554,1225,860,55,2,165,28.752,3,0.2,35.94,10.0632,0.35000000000000003,4,0
9204,CA-2016-153836,554,1244,860,55,2,165,114.95,5,0.0,114.95,32.186,0.27999999999999997,4,0
9205,CA-2016-104689,93,131,50,6,2,26,23.04,8,0.0,23.04,6.912,0.3,4,0
9206,CA-2016-146423,538,924,439,439,4,546,15.48,3,0.0,15.48,4.4892,0.29000000000000004,0,0
9207,CA-2016-146423,538,1724,439,439,4,546,51.84,8,0.0,51.84,24.8832,0.4799999999999999,0,0
9208,CA-2017-140781,456,1351,647,784,2,51,39.816,3,0.2,49.77,7.4655,0.18749999999999997,4,0
9209,CA-2017-141747,555,1230,647,1300,1,60,16.06,1,0.0,16.06,4.1756,0.26,5,0
9210,CA-2017-142776,790,1048,158,818,1,224,7.28,1,0.0,7.28,3.4944,0.48,3,0
9211,CA-2017-142776,790,752,158,818,1,224,5.4,3,0.0,5.4,2.592,0.48,3,0
9212,CA-2015-167479,483,273,949,532,2,53,19.44,3,0.0,19.44,9.3312,0.48000000000000004,5,0
9213,CA-2014-144071,250,64,590,535,2,95,39.88,2,0.0,39.88,11.1664,0.27999999999999997,7,0
9214,CA-2014-144071,250,1093,590,535,2,95,79.44,3,0.0,79.44,28.5984,0.36000000000000004,7,0
9215,US-2017-120908,542,1853,1034,281,3,75,20.664,7,0.2,25.830000000000002,6.9741,0.33749999999999997,2,0
9216,CA-2016-152646,261,499,832,492,2,14,32.4,5,0.0,32.4,15.552,0.48,5,0
9217,CA-2017-103765,685,15,222,330,2,457,13.762,1,0.8,68.81000000000002,-24.7716,-1.7999999999999998,6,1
9218,US-2017-118157,586,662,238,702,3,40,15.28,2,0.0,15.28,7.4872,0.49,3,0
9219,US-2015-164238,528,862,749,1371,2,75,44.688,7,0.2,55.86,3.3516,0.075,4,0
9220,US-2015-164238,528,1334,749,1371,2,75,301.47,3,0.5,602.94,-204.9996,-0.6799999999999999,4,1
9221,CA-2017-103212,660,1239,120,337,3,300,11.07,3,0.0,11.07,5.2029,0.47,1,0
9222,CA-2017-103212,660,216,120,337,3,300,1504.52,4,0.0,1504.52,346.0396,0.23,1,0
9223,CA-2017-103212,660,1115,120,337,3,300,25.92,4,0.0,25.92,12.4416,0.4799999999999999,1,0
9224,CA-2017-121160,87,1376,260,260,4,617,7.536,6,0.8,37.68000000000001,-13.188,-1.7500000000000002,0,1
9225,CA-2017-121160,87,654,260,260,4,617,1.408,2,0.8,7.040000000000001,-2.3232,-1.6500000000000001,0,1
9226,CA-2017-121160,87,1500,260,260,4,617,4.144,4,0.8,20.720000000000006,-6.4232,-1.5499999999999998,0,1
9227,CA-2017-121160,87,211,260,260,4,617,52.752,3,0.2,65.94,-12.5286,-0.23750000000000002,0,0
9228,CA-2017-140515,434,1310,499,669,2,142,381.36,7,0.0,381.36,106.7808,0.27999999999999997,5,0
9229,CA-2014-153619,427,60,936,936,4,14,6.72,4,0.0,6.72,3.36,0.5,0,0
9230,CA-2017-133718,15,859,284,1190,3,63,15.192,3,0.2,18.99,5.5071,0.36250000000000004,3,0
9231,CA-2017-133718,15,1077,284,1190,3,63,58.32,9,0.0,58.32,27.9936,0.48,3,0
9232,CA-2014-148383,262,116,423,521,2,52,946.764,6,0.7,3155.8799999999997,-694.2936,-0.7333333333333333,4,1
9233,CA-2016-126732,236,1173,477,48,2,2,94.68,9,0.0,94.68,31.2444,0.32999999999999996,4,0
9234,CA-2016-126732,236,1556,477,48,2,2,23.67,3,0.0,23.67,0.9468,0.039999999999999994,4,0
9235,CA-2016-126732,236,639,477,48,2,2,1091.168,4,0.2,1363.9599999999998,68.198,0.0625,4,0
9236,CA-2016-126732,236,1127,477,48,2,2,18.69,7,0.0,18.69,5.2332,0.27999999999999997,4,0
9237,CA-2016-126732,236,11,477,48,2,2,568.728,3,0.2,710.9099999999999,28.4364,0.05,4,0
9238,CA-2016-126732,236,1317,477,48,2,2,7.312,1,0.2,9.14,2.5592,0.35000000000000003,4,0
9239,CA-2017-138156,571,738,513,1303,3,48,147.568,2,0.2,184.46,-3.6892,-0.024999999999999998,3,0
9240,CA-2017-110310,241,886,856,809,2,395,56.784,7,0.2,70.97999999999999,20.5842,0.3625,6,0
9241,CA-2017-110310,241,800,856,809,2,395,5.607,3,0.7,18.689999999999998,-3.9249,-0.7,6,1
9242,CA-2017-110310,241,449,856,809,2,395,6.576,3,0.2,8.219999999999999,0.5754,0.08750000000000001,6,0
9243,CA-2014-113271,285,99,869,687,2,35,14.304,6,0.2,17.88,4.6488,0.32499999999999996,5,0
9244,CA-2014-113271,285,1602,869,687,2,35,119.833,1,0.15,140.98,7.049,0.05882352941176471,5,0
9245,CA-2014-113271,285,1062,869,687,2,35,5.56,2,0.0,5.56,2.224,0.4000000000000001,5,0
9246,CA-2014-113271,285,13,869,687,2,35,32.4,5,0.0,32.4,15.552,0.48,5,0
9247,CA-2017-130106,666,280,1054,1144,2,10,9.84,3,0.0,9.84,2.8536,0.29000000000000004,4,0
9248,CA-2017-130106,666,325,1054,1144,2,10,2.78,1,0.0,2.78,0.7228,0.26,4,0
9249,CA-2016-127761,350,249,339,697,2,30,3.64,1,0.2,4.55,1.365,0.375,4,0
9250,CA-2016-127761,350,1420,339,697,2,30,881.93,7,0.0,881.93,220.4825,0.25,4,0
9251,CA-2016-105354,464,498,500,410,2,606,115.84,8,0.0,115.84,54.4448,0.47,4,0
9252,CA-2017-155712,630,1081,581,145,2,142,107.648,2,0.2,134.55999999999997,33.64,0.3125,6,0
9253,CA-2017-102309,771,1228,398,146,1,618,199.95,5,0.0,199.95,63.984,0.32,2,0
9254,CA-2017-102309,771,511,398,146,1,618,12.96,2,0.0,12.96,6.2208,0.4799999999999999,2,0
9255,CA-2014-168368,316,65,1059,1163,1,340,60.89,1,0.0,60.89,15.2225,0.25,4,0
9256,CA-2014-168368,316,691,1059,1163,1,340,14.94,3,0.0,14.94,6.8724,0.46,4,0
9257,CA-2014-168368,316,545,1059,1163,1,340,9.64,2,0.0,9.64,4.4344,0.45999999999999996,4,0
9258,CA-2014-168368,316,1320,1059,1163,1,340,332.94,3,0.0,332.94,53.2704,0.16,4,0
9259,CA-2014-168368,316,69,1059,1163,1,340,51.9,3,0.0,51.9,24.393,0.47000000000000003,4,0
9260,CA-2014-168368,316,572,1059,1163,1,340,64.96,2,0.0,64.96,2.5984,0.04,4,0
9261,CA-2017-167976,146,1769,344,238,1,619,25.5,3,0.0,25.5,6.63,0.26,3,0
9262,CA-2017-111388,712,52,265,265,4,6,215.976,3,0.2,269.96999999999997,-2.6997,-0.0125,0,0
9263,CA-2015-124499,249,71,331,314,2,84,389.97,3,0.0,389.97,35.0973,0.08999999999999998,4,0
9264,CA-2015-124499,249,811,331,314,2,84,269.91,5,0.1,299.90000000000003,53.982,0.19999999999999998,4,0
9265,US-2017-128118,200,1646,222,97,2,32,11.673,3,0.7,38.91,-7.782,-0.6666666666666666,7,1
9266,US-2017-128118,200,1725,222,97,2,32,64.848,7,0.2,81.05999999999999,24.318,0.375,7,0
9267,CA-2014-125759,135,1678,1215,1331,3,284,14.56,2,0.0,14.56,5.5328,0.38,1,0
9268,CA-2015-151869,230,1757,13,13,4,266,102.582,1,0.1,113.97999999999999,6.8388,0.06666666666666667,0,0
9269,CA-2015-151869,230,712,13,13,4,266,20.04,3,0.0,20.04,9.6192,0.48,0,0
9270,US-2017-102183,8,1548,171,736,2,46,32.088,7,0.2,40.11,11.2308,0.35,7,0
9271,US-2017-102183,8,1177,171,736,2,46,4305.552,6,0.2,5381.94,1453.1238,0.3375,7,0
9272,CA-2016-100510,448,1534,537,625,2,24,10.02,3,0.0,10.02,4.4088,0.44000000000000006,5,0
9273,CA-2016-100510,448,1357,537,625,2,24,631.96,4,0.0,631.96,303.3408,0.48,5,0
9274,CA-2017-146983,118,116,265,1280,2,1,1577.94,3,0.0,1577.94,757.4112,0.48,4,0
9275,US-2014-134054,713,1834,983,983,4,384,255.85,7,0.0,255.85,112.574,0.44,0,0
9276,CA-2016-113236,435,1425,440,212,1,573,184.704,6,0.2,230.88,13.8528,0.075,3,0
9277,CA-2016-113236,435,539,440,212,1,573,47.92,2,0.2,59.9,11.98,0.25,3,0
9278,CA-2017-122539,254,691,97,257,2,12,15.936,4,0.2,19.919999999999998,5.1792,0.325,4,0
9279,CA-2017-122539,254,734,97,257,2,12,8.001,7,0.7,26.669999999999995,-5.6007,-0.7000000000000001,4,1
9280,CA-2017-122539,254,464,97,257,2,12,398.972,2,0.3,569.96,-28.498,-0.07142857142857144,4,1
9281,CA-2016-166772,708,1633,874,447,2,60,163.88,2,0.0,163.88,40.97,0.25,4,0
9282,US-2017-152898,91,1826,221,176,2,196,67.9,5,0.0,67.9,20.37,0.3,4,0
9283,CA-2016-160486,700,1438,946,1296,2,583,72.224,4,0.2,90.28,25.2784,0.35,5,0
9284,CA-2017-102218,561,149,265,508,1,377,11.696,2,0.2,14.62,3.9474,0.3375,2,0
9285,CA-2014-161032,150,542,729,534,2,57,392.94,3,0.0,392.94,43.2234,0.11,5,0
9286,CA-2015-102778,582,206,83,28,3,234,18.176,1,0.2,22.719999999999995,4.7712,0.26250000000000007,3,0
9287,CA-2017-154011,490,1427,250,336,2,177,6.888,3,0.8,34.440000000000005,-11.0208,-1.5999999999999999,7,1
9288,CA-2017-154011,490,563,250,336,2,177,457.485,3,0.3,653.5500000000001,-84.9615,-0.18571428571428572,7,1
9289,US-2017-165456,578,1190,330,735,3,64,1079.316,6,0.3,1541.88,-15.4188,-0.014285714285714285,3,1
9290,CA-2014-111857,135,1185,489,760,1,10,48.91,1,0.0,48.91,22.9877,0.47000000000000003,3,0
9291,CA-2014-163650,628,837,866,795,3,22,9.84,3,0.0,9.84,2.8536,0.29000000000000004,2,0
9292,CA-2014-163650,628,1024,866,795,3,22,34.5,3,0.0,34.5,15.525,0.45,2,0
9293,CA-2017-124114,277,758,581,581,4,527,0.556,1,0.8,2.7800000000000007,-0.9452,-1.7,0,1
9294,US-2017-116505,578,348,702,611,1,620,43.8,6,0.0,43.8,20.586,0.47,4,0
9295,CA-2017-161340,88,1011,40,703,2,178,13.872,3,0.2,17.34,5.0286,0.3625,4,0
9296,CA-2017-161340,88,267,40,703,2,178,115.96,4,0.5,231.92,-64.9376,-0.56,4,1
9297,US-2015-163433,173,1114,25,1101,1,479,41.424,2,0.2,51.779999999999994,8.2848,0.2,4,0
9298,US-2015-163433,173,1082,25,1101,1,479,244.768,4,0.2,305.96,24.4768,0.1,4,0
9299,US-2015-163433,173,291,25,1101,1,479,74.352,3,0.2,92.94,6.5058,0.0875,4,0
9300,US-2015-163433,173,829,25,1101,1,479,4.312,2,0.8,21.560000000000006,-6.8992,-1.6,4,1
9301,US-2015-163433,173,406,25,1101,1,479,56.686,1,0.3,80.98,-20.245,-0.35714285714285715,4,1
9302,US-2015-163433,173,1751,25,1101,1,479,97.968,2,0.2,122.46,6.123,0.0625,4,0
9303,US-2015-163433,173,1610,25,1101,1,479,7.872,3,0.2,9.84,0.8856,0.1125,4,0
9304,US-2015-163433,173,1308,25,1101,1,479,15.552,3,0.2,19.439999999999998,5.4432,0.35000000000000003,4,0
9305,US-2015-163433,173,778,25,1101,1,479,1.476,1,0.8,7.380000000000002,-2.2878,-1.5499999999999998,4,1
9306,CA-2015-137603,763,1643,445,497,2,448,8.4,5,0.0,8.4,2.184,0.26,5,0
9307,CA-2014-128237,245,951,728,810,2,95,6.56,2,0.0,6.56,1.9024,0.29000000000000004,5,0
9308,CA-2014-128237,245,1454,728,810,2,95,14.88,2,0.0,14.88,3.72,0.25,5,0
9309,CA-2014-128237,245,1565,728,810,2,95,45.48,4,0.0,45.48,15.918,0.35000000000000003,5,0
9310,CA-2014-128237,245,754,728,810,2,95,25.44,6,0.0,25.44,9.9216,0.38999999999999996,5,0
9311,US-2016-102141,630,711,371,1071,2,24,146.688,8,0.2,183.35999999999999,45.84,0.31250000000000006,5,0
9312,CA-2017-148642,387,86,905,847,2,78,4.928,2,0.2,6.159999999999999,1.7248,0.35000000000000003,6,0
9313,CA-2017-148642,387,398,905,847,2,78,63.488,4,0.2,79.36,4.7616,0.075,6,0
9314,CA-2015-111948,123,43,1216,1216,4,152,418.32,7,0.0,418.32,117.1296,0.27999999999999997,0,0
9315,CA-2015-111948,123,15,1216,1216,4,152,123.858,2,0.1,137.62,46.7908,0.37777777777777777,0,0
9316,CA-2016-161907,424,1327,42,527,2,12,118.782,3,0.4,197.97,-27.7158,-0.23333333333333336,4,1
9317,CA-2016-161907,424,263,42,527,2,12,769.184,4,0.2,961.4799999999999,-163.4516,-0.21250000000000002,4,0
9318,CA-2017-124940,55,334,1217,426,2,297,47.904,1,0.2,59.88,-2.994,-0.0625,5,0
9319,US-2017-108343,256,579,229,801,2,30,13.36,2,0.0,13.36,6.4128,0.48,5,0
9320,US-2017-108343,256,1854,229,801,2,30,163.764,2,0.1,181.96,25.4744,0.15555555555555553,5,0
9321,US-2017-108343,256,1763,229,801,2,30,183.92,4,0.0,183.92,31.2664,0.17,5,0
9322,US-2016-111563,326,1463,255,1,2,17,11.376,3,0.6,28.439999999999998,-5.688,-0.5,4,1
9323,US-2016-111563,326,480,255,1,2,17,66.112,4,0.6,165.27999999999997,-84.2928,-1.2750000000000001,4,1
9324,CA-2017-121853,552,955,398,366,2,2,211.04,8,0.0,211.04,97.0784,0.46,6,0
9325,CA-2017-121853,552,874,398,366,2,2,594.816,2,0.2,743.52,59.4816,0.09999999999999999,6,0
9326,CA-2017-121853,552,1000,398,366,2,2,72.96,3,0.2,91.19999999999999,23.712,0.325,6,0
9327,US-2017-130687,419,1654,211,19,3,200,80.96,4,0.0,80.96,34.8128,0.43000000000000005,3,0
9328,US-2017-130687,419,12,211,19,3,200,455.712,2,0.2,569.64,34.1784,0.07500000000000001,3,0
9329,US-2017-130687,419,1503,211,19,3,200,25.98,1,0.0,25.98,7.2744,0.27999999999999997,3,0
9330,CA-2015-164497,220,1627,110,673,3,95,45.28,4,0.0,45.28,15.3952,0.34,2,0
9331,US-2015-153283,687,838,769,1354,2,46,15.56,2,0.0,15.56,7.3132,0.47,6,0
9332,CA-2016-108056,21,1119,322,340,2,331,859.2,3,0.2,1074.0,75.18,0.08750000000000001,4,0
9333,CA-2017-127726,758,415,221,1169,1,522,195.68,4,0.0,195.68,50.8768,0.26,2,0
9334,CA-2017-127726,758,1054,221,1169,1,522,14.2,4,0.0,14.2,6.674,0.47000000000000003,2,0
9335,CA-2017-110198,152,1,928,744,3,250,314.352,3,0.2,392.93999999999994,-15.7176,-0.05,1,0
9336,CA-2017-110198,152,1569,928,744,3,250,4.608,2,0.2,5.759999999999999,1.4976,0.325,1,0
9337,CA-2017-130715,389,111,119,1089,2,95,17.9,5,0.0,17.9,8.771,0.4900000000000001,4,0
9338,CA-2014-155264,346,1391,539,69,1,95,2.992,1,0.2,3.7399999999999998,1.122,0.37500000000000006,3,0
9339,CA-2014-155264,346,808,539,69,1,95,20.064,6,0.2,25.08,7.0224,0.35000000000000003,3,0
9340,CA-2014-155264,346,1690,539,69,1,95,146.73,3,0.0,146.73,68.9631,0.47000000000000003,3,0
9341,CA-2014-155264,346,548,539,69,1,95,18.75,5,0.0,18.75,9.0,0.48,3,0
9342,CA-2014-155264,346,1693,539,69,1,95,117.576,3,0.2,146.96999999999997,11.7576,0.1,3,0
9343,CA-2016-119123,749,625,70,197,2,216,51.184,7,0.2,63.98,19.194,0.375,5,0
9344,CA-2017-109085,279,1747,923,298,3,413,455.97,5,0.4,759.95,-106.393,-0.2333333333333333,3,1
9345,CA-2017-109085,279,32,923,298,3,413,5.715,5,0.7,19.049999999999997,-4.7625,-0.8333333333333334,3,1
9346,CA-2017-109085,279,1486,923,298,3,413,57.594,1,0.4,95.99000000000001,-11.5188,-0.2,3,1
9347,CA-2017-109085,279,1156,923,298,3,413,30.144,2,0.2,37.67999999999999,8.2896,0.275,3,0
9348,CA-2017-109085,279,1190,923,298,3,413,899.43,5,0.3,1284.9,-12.849,-0.014285714285714287,3,1
9349,CA-2016-114860,36,1806,597,1291,2,521,842.72,8,0.0,842.72,202.2528,0.24,6,0
9350,CA-2016-114860,36,108,597,1291,2,521,41.96,2,0.0,41.96,10.9096,0.25999999999999995,6,0
9351,CA-2016-159009,318,926,714,721,2,61,13.216,4,0.2,16.52,4.4604,0.3375,4,0
9352,CA-2016-159009,318,390,714,721,2,61,184.752,3,0.2,230.94,-20.7846,-0.1125,4,0
9353,CA-2017-148411,198,874,242,987,3,37,520.464,2,0.3,743.5200000000001,-14.8704,-0.028571428571428567,2,1
9354,CA-2017-148411,198,1791,242,987,3,37,11.424,3,0.2,14.28,3.7128,0.325,2,0
9355,CA-2015-110324,16,1770,495,902,2,31,19.44,3,0.0,19.44,9.3312,0.48000000000000004,4,0
9356,CA-2015-110324,16,1064,495,902,2,31,3.64,2,0.0,3.64,1.0192,0.28,4,0
9357,CA-2015-110324,16,1287,495,902,2,31,18.54,2,0.0,18.54,8.7138,0.4700000000000001,4,0
9358,CA-2016-168046,64,829,968,1199,1,24,43.12,5,0.2,53.89999999999999,15.092,0.35000000000000003,3,0
9359,CA-2016-168046,64,617,968,1199,1,24,313.722,3,0.4,522.87,-99.3453,-0.31666666666666665,3,1
9360,CA-2016-168046,64,1763,968,1199,1,24,45.98,1,0.0,45.98,7.8166,0.17,3,0
9361,CA-2016-168046,64,855,968,1199,1,24,428.68,7,0.0,428.68,0.0,0.0,3,0
9362,CA-2017-111591,29,49,709,614,2,60,30.576,6,0.2,38.22,10.3194,0.33749999999999997,4,0
9363,CA-2017-111591,29,803,709,614,2,60,13.02,7,0.0,13.02,0.3906,0.030000000000000002,4,0
9364,CA-2017-111591,29,1257,709,614,2,60,22.14,3,0.0,22.14,6.4206,0.29,4,0
9365,CA-2017-111591,29,436,709,614,2,60,359.32,4,0.0,359.32,7.1864,0.02,4,0
9366,US-2014-166828,227,1829,964,56,3,586,11.56,2,0.0,11.56,5.6644,0.48999999999999994,3,0
9367,CA-2014-108147,503,1637,786,605,2,256,68.48,2,0.2,85.6,25.68,0.375,5,0
9368,CA-2014-108147,503,1363,786,605,2,256,1676.88,6,0.0,1676.88,83.844,0.049999999999999996,5,0
9369,CA-2016-154998,21,275,282,527,3,101,37.94,2,0.0,37.94,18.2112,0.4800000000000001,2,0
9370,CA-2017-113460,472,1456,660,46,1,235,272.97,3,0.0,272.97,43.6752,0.15999999999999998,2,0
9371,CA-2015-111339,779,1824,353,71,3,48,41.568,4,0.2,51.959999999999994,-4.1568,-0.09999999999999999,2,0
9372,CA-2015-111339,779,84,353,71,3,48,317.058,3,0.3,452.94,-86.0586,-0.2714285714285714,2,1
9373,CA-2015-111339,779,132,353,71,3,48,8.04,5,0.2,10.049999999999999,2.9145,0.36250000000000004,2,0
9374,CA-2017-102820,230,930,918,944,2,55,419.944,7,0.2,524.93,52.493,0.125,4,0
9375,CA-2016-149671,34,683,411,633,2,60,61.38,6,0.0,61.38,15.9588,0.26,4,0
9376,CA-2015-126347,220,1073,640,547,1,63,50.0,2,0.0,50.0,10.5,0.21,5,0
9377,CA-2017-108756,23,1652,54,615,2,621,31.8,3,0.0,31.8,13.674,0.43,4,0
9378,CA-2017-155362,318,1570,95,203,2,425,32.56,2,0.0,32.56,8.4656,0.26,4,0
9379,CA-2016-117625,422,1855,1121,667,2,27,7.072,2,0.2,8.84,2.3868,0.3375,5,0
9380,CA-2014-154158,114,1238,852,423,1,86,45.528,3,0.2,56.91,15.9348,0.35,4,0
9381,CA-2014-154158,114,168,852,423,1,86,64.784,1,0.2,80.98,6.4784,0.09999999999999999,4,0
9382,CA-2014-154158,114,1245,852,423,1,86,424.272,2,0.2,530.3399999999999,-10.6068,-0.025,4,0
9383,CA-2014-154158,114,60,852,423,1,86,1.344,1,0.2,1.68,0.504,0.375,4,0
9384,CA-2014-154158,114,1019,852,423,1,86,83.92,5,0.2,104.89999999999999,-1.049,-0.012499999999999999,4,0
9385,CA-2017-100433,320,491,939,1154,2,30,25.92,4,0.0,25.92,12.4416,0.4799999999999999,5,0
9386,CA-2017-163097,228,1156,152,516,2,155,120.576,8,0.2,150.71999999999997,33.1584,0.275,4,0
9387,US-2017-127292,529,369,618,206,2,371,79.92,4,0.0,79.92,37.5624,0.47,4,0
9388,US-2017-127292,529,315,618,206,2,371,12.28,1,0.0,12.28,5.7716,0.47000000000000003,4,0
9389,US-2017-127292,529,1108,618,206,2,371,542.94,3,0.0,542.94,152.0232,0.27999999999999997,4,0
9390,US-2017-127292,529,30,618,206,2,371,2.04,1,0.0,2.04,0.9588,0.47,4,0
9391,CA-2015-163734,455,1278,975,1423,2,33,228.92,5,0.2,286.15,14.3075,0.0625,5,0
9392,CA-2017-162474,396,858,678,634,3,174,7.992,1,0.2,9.99,2.5974,0.325,3,0
9393,CA-2015-130848,376,1456,970,970,4,77,582.336,8,0.2,727.92,-29.1168,-0.05,0,0
9394,CA-2014-125997,597,1552,60,866,3,165,629.95,5,0.0,629.95,157.4875,0.25,3,0
9395,CA-2014-125997,597,655,60,866,3,165,631.782,2,0.1,701.98,140.396,0.22222222222222218,3,0
9396,CA-2014-125997,597,1249,60,866,3,165,801.568,2,0.2,1001.9599999999999,-10.0196,-0.0125,3,0
9397,CA-2014-125997,597,50,60,866,3,165,75.18,6,0.0,75.18,35.3346,0.47,3,0
9398,CA-2014-125997,597,1272,60,866,3,165,30.98,1,0.0,30.98,8.0548,0.26,3,0
9399,CA-2014-125997,597,1335,60,866,3,165,1349.91,9,0.0,1349.91,661.4559,0.49,3,0
9400,CA-2016-103128,791,502,584,626,2,622,14.112,6,0.2,17.64,1.2348,0.0875,4,0
9401,CA-2015-167696,215,838,1218,482,2,390,31.12,4,0.0,31.12,14.6264,0.47,5,0
9402,CA-2014-159814,222,1566,1219,308,2,116,4.272,2,0.2,5.34,0.9612,0.225,4,0
9403,CA-2016-105459,414,617,400,865,1,24,209.148,2,0.4,348.58,-66.2302,-0.31666666666666665,5,1
9404,CA-2016-105459,414,1245,400,865,1,24,1591.02,6,0.0,1591.02,286.3836,0.18,5,0
9405,CA-2017-141663,318,1240,670,828,2,64,7.92,5,0.2,9.899999999999999,1.683,0.21250000000000002,4,0
9406,CA-2014-152618,47,1411,620,462,3,156,574.91,2,0.3,821.3,156.047,0.27142857142857146,3,1
9407,CA-2014-152618,47,1738,620,462,3,156,8.448,2,0.2,10.56,2.64,0.3125,3,0
9408,CA-2017-162789,96,1201,586,242,1,46,1071.0,9,0.0,1071.0,171.36,0.16,2,0
9409,CA-2017-162789,96,442,586,242,1,46,12.07,1,0.0,12.07,3.9831,0.32999999999999996,2,0
9410,US-2017-110149,577,635,390,1097,3,106,3.273,1,0.7,10.909999999999998,-2.5093,-0.7666666666666666,3,1
9411,US-2017-110149,577,505,390,1097,3,106,87.92,5,0.2,109.89999999999999,15.386,0.175,3,0
9412,CA-2016-108959,187,534,613,561,1,277,104.696,1,0.2,130.86999999999998,6.5435,0.0625,4,0
9413,CA-2015-164777,254,484,747,1348,3,2,2803.92,5,0.2,3504.9,0.0,0.0,2,0
9414,CA-2016-132017,589,823,183,721,3,17,6.816,2,0.8,34.080000000000005,-11.5872,-1.7,1,1
9415,CA-2015-127824,548,1808,1091,421,2,61,249.584,2,0.2,311.97999999999996,15.599,0.0625,4,0
9416,CA-2015-127824,548,1332,1091,421,2,61,17.94,3,0.0,17.94,8.7906,0.48999999999999994,4,0
9417,CA-2015-127824,548,225,1091,421,2,61,10.11,3,0.0,10.11,3.2352,0.32,4,0
9418,CA-2014-148285,280,779,1220,302,2,307,10.368,2,0.2,12.959999999999999,3.6288,0.35,5,0
9419,CA-2014-148285,280,812,1220,302,2,307,11.952,3,0.2,14.94,4.0338,0.3375,5,0
9420,CA-2017-152926,282,514,281,1056,1,17,15.224,2,0.8,76.12000000000002,-38.8212,-2.55,2,1
9421,CA-2017-152926,282,1550,281,1056,1,17,21.984,6,0.8,109.92000000000003,-56.0592,-2.55,2,1
9422,CA-2014-145254,715,1067,150,924,2,35,604.752,6,0.2,755.9399999999999,60.4752,0.1,4,0
9423,CA-2014-145254,715,598,150,924,2,35,40.7,5,0.0,40.7,11.803,0.29,4,0
9424,CA-2014-145254,715,723,150,924,2,35,302.376,3,0.2,377.96999999999997,37.797,0.125,4,0
9425,CA-2014-145254,715,47,150,924,2,35,45.0,3,0.0,45.0,4.95,0.11,4,0
9426,CA-2014-116246,561,484,172,329,1,46,3785.292,6,0.1,4205.88,420.588,0.11111111111111112,5,0
9427,CA-2016-160479,739,1659,307,874,2,60,35.4,5,0.0,35.4,13.452,0.38,5,0
9428,CA-2014-167486,706,893,502,589,2,251,199.9,5,0.0,199.9,39.98,0.19999999999999998,4,0
9429,CA-2014-152100,101,378,219,1175,2,144,1212.96,8,0.3,1732.8000000000002,-69.312,-0.05714285714285714,5,1
9430,CA-2015-166219,131,904,835,136,2,177,1099.96,5,0.2,1374.95,82.497,0.075,4,0
9431,CA-2015-166219,131,1117,835,136,2,177,103.481,1,0.3,147.83,-16.2613,-0.15714285714285714,4,1
9432,CA-2015-111864,453,1853,975,975,4,64,5.904,2,0.2,7.38,1.9926,0.33749999999999997,0,0
9433,CA-2015-119627,57,1203,494,842,2,346,30.08,2,0.2,37.599999999999994,-5.264,-0.17500000000000002,6,0
9434,CA-2015-119627,57,290,494,842,2,346,36.288,7,0.2,45.35999999999999,12.7008,0.35000000000000003,6,0
9435,CA-2015-119627,57,787,494,842,2,346,10.272,3,0.2,12.84,1.1556,0.11249999999999999,6,0
9436,CA-2015-119627,57,553,494,842,2,346,252.8,4,0.2,316.0,-31.6,-0.125,6,0
9437,CA-2015-160787,299,697,13,13,4,106,2.946,2,0.7,9.819999999999999,-2.0622,-0.6999999999999998,0,1
9438,CA-2017-107853,304,1441,1144,1402,2,219,12.96,2,0.0,12.96,6.2208,0.4799999999999999,5,0
9439,CA-2017-126144,412,1271,690,486,2,64,285.576,4,0.4,475.96000000000004,-57.1152,-0.19999999999999998,5,1
9440,US-2014-154655,772,1206,37,1137,2,37,22.24,2,0.2,27.799999999999997,2.502,0.1125,5,0
9441,CA-2014-100391,769,1491,595,1323,2,46,14.62,2,0.0,14.62,6.7252,0.46,4,0
9442,CA-2014-165477,792,1205,283,521,1,362,48.36,5,0.2,60.449999999999996,6.045,0.125,2,0
9443,CA-2017-165904,368,401,105,646,2,134,16.256,2,0.2,20.32,1.2192,0.075,4,0
9444,CA-2017-165904,368,820,105,646,2,134,219.184,2,0.2,273.97999999999996,19.1786,0.0875,4,0
9445,CA-2015-104052,735,1621,880,57,3,282,95.84,4,0.2,119.8,34.742,0.36249999999999993,1,0
9446,CA-2015-168277,42,618,353,1247,2,305,12.39,3,0.0,12.39,5.6994,0.45999999999999996,5,0
9447,CA-2016-158617,664,1358,898,151,2,453,35.88,6,0.0,35.88,16.146,0.45,6,0
9448,CA-2017-136882,36,36,838,96,2,313,477.3,5,0.0,477.3,138.417,0.29,7,0
9449,US-2016-148957,255,1039,43,714,2,487,12.32,4,0.0,12.32,5.9136,0.48,6,0
9450,CA-2014-140032,359,974,79,104,2,10,8.608,2,0.2,10.76,3.0128,0.35,5,0
9451,CA-2017-145506,247,465,96,1250,2,322,136.26,9,0.0,136.26,5.4504,0.04,4,0
9452,CA-2015-129546,533,1095,695,349,2,4,186.15,3,0.0,186.15,55.845,0.3,7,0
9453,CA-2015-129546,533,823,695,349,2,4,81.792,6,0.2,102.24,26.5824,0.325,7,0
9454,CA-2015-129546,533,1800,695,349,2,4,47.19,3,0.0,47.19,13.6851,0.29000000000000004,7,0
9455,CA-2015-129546,533,462,695,349,2,4,36.784,2,0.2,45.98,-8.2764,-0.22500000000000003,7,0
9456,CA-2016-140977,312,1856,951,352,1,429,91.475,1,0.5,182.95,-1.8295,-0.02,3,1
9457,CA-2017-151855,309,1857,838,96,2,308,27.192,3,0.2,33.989999999999995,0.3399,0.012499999999999999,7,0
9458,CA-2017-151855,309,1233,838,96,2,308,12.06,5,0.7,40.199999999999996,-10.05,-0.8333333333333334,7,1
9459,CA-2014-138240,82,282,1149,1006,2,35,144.6,3,0.0,144.6,41.934,0.29,5,0
9460,CA-2014-138240,82,1731,1149,1006,2,35,15.992,1,0.2,19.99,-2.9985,-0.18749999999999997,5,0
9461,CA-2014-101833,436,694,665,755,1,24,34.44,3,0.0,34.44,17.22,0.5,5,0
9462,CA-2014-100867,259,1087,539,746,2,469,321.552,6,0.2,401.94,20.097,0.0625,5,0
9463,US-2017-109610,30,1132,921,330,1,176,701.96,2,0.0,701.96,168.4704,0.24,5,0
9464,CA-2014-156545,560,488,1221,224,3,48,19.456,4,0.2,24.319999999999997,3.4048,0.175,4,0
9465,CA-2014-109127,548,1569,1060,1262,2,286,17.28,6,0.0,17.28,7.9488,0.45999999999999996,4,0
9466,CA-2016-126858,26,469,259,814,2,61,31.96,2,0.0,31.96,1.598,0.05,4,0
9467,CA-2017-102925,513,142,61,469,1,24,164.688,6,0.2,205.85999999999999,55.5822,0.3375,5,0
9468,CA-2017-102925,513,1583,61,469,1,24,166.5,2,0.4,277.5,-66.6,-0.39999999999999997,5,1
9469,CA-2017-102925,513,681,61,469,1,24,12.96,2,0.0,12.96,6.2208,0.4799999999999999,5,0
9470,CA-2017-102925,513,418,61,469,1,24,110.96,2,0.0,110.96,53.2608,0.48000000000000004,5,0
9471,CA-2017-102925,513,141,61,469,1,24,99.98,2,0.0,99.98,3.9992,0.04,5,0
9472,CA-2017-102925,513,277,61,469,1,24,11.424,1,0.2,14.28,3.7128,0.325,5,0
9473,CA-2017-102925,513,1460,61,469,1,24,128.124,2,0.1,142.35999999999999,24.2012,0.18888888888888888,5,0
9474,CA-2017-102925,513,1758,61,469,1,24,101.4,5,0.0,101.4,38.532,0.37999999999999995,5,0
9475,CA-2015-100818,26,1140,71,1118,1,156,5.904,2,0.2,7.38,1.9926,0.33749999999999997,5,0
9476,CA-2015-100818,26,1031,71,1118,1,156,173.488,7,0.2,216.85999999999999,54.215,0.3125,5,0
9477,CA-2015-100818,26,1538,71,1118,1,156,51.56,2,0.6,128.9,-61.872,-1.2,5,1
9478,CA-2015-100818,26,991,71,1118,1,156,3.564,3,0.8,17.820000000000004,-6.237,-1.75,5,1
9479,CA-2014-126193,758,1322,558,81,2,623,13.16,5,0.2,16.45,4.1125,0.3125,7,0
9480,CA-2014-126193,758,1207,558,81,2,623,3.828,3,0.8,19.140000000000004,-6.5076,-1.7000000000000002,7,1
9481,CA-2014-126193,758,570,558,81,2,623,304.99,5,0.8,1524.9500000000003,-533.7325,-1.7499999999999998,7,1
9482,CA-2017-150504,669,76,45,106,2,78,18.16,2,0.2,22.7,1.816,0.1,6,0
9483,CA-2015-158351,605,652,783,1423,1,64,319.984,2,0.2,399.97999999999996,91.9954,0.28750000000000003,4,0
9484,CA-2014-122679,438,347,193,1065,2,142,19.68,6,0.0,19.68,6.4944,0.33,6,0
9485,CA-2016-164770,502,1687,500,430,1,67,781.864,10,0.32,1149.8000000000002,-137.976,-0.1764705882352941,2,1
9486,CA-2016-164770,502,1118,500,430,1,67,30.816,9,0.2,38.519999999999996,9.63,0.31250000000000006,2,0
9487,CA-2017-130505,174,856,387,387,4,596,673.344,3,0.3,961.9200000000002,-76.9536,-0.11428571428571427,0,1
9488,US-2017-125213,241,846,158,1097,3,336,6.54,3,0.0,6.54,2.1582,0.32999999999999996,2,0
9489,CA-2015-156566,76,1119,487,243,3,41,572.8,2,0.2,715.9999999999999,50.12,0.08750000000000001,3,0
9490,US-2016-102232,717,1270,1222,1191,2,365,197.05,7,0.0,197.05,59.115,0.3,6,0
9491,CA-2017-111738,201,383,1033,364,2,95,2022.272,8,0.2,2527.8399999999997,682.5168,0.3375,4,0
9492,CA-2017-111738,201,1280,1033,364,2,95,9.12,3,0.0,9.12,3.1008,0.34,4,0
9493,CA-2017-163188,686,16,660,660,4,337,38.16,9,0.0,38.16,19.08,0.5,0,0
9494,CA-2016-105207,636,343,836,1135,2,474,1592.85,7,0.0,1592.85,350.427,0.22000000000000003,5,0
9495,CA-2016-105207,636,991,836,1135,2,474,11.88,2,0.0,11.88,5.346,0.44999999999999996,5,0
9496,US-2016-123610,719,1825,537,459,2,169,120.0,6,0.0,120.0,46.8,0.38999999999999996,4,0
9497,US-2016-123610,719,1296,537,459,2,169,8.67,1,0.0,8.67,2.3409,0.27,4,0
9498,CA-2017-118213,145,250,61,660,3,468,4.41,1,0.0,4.41,2.0286,0.45999999999999996,2,0
9499,CA-2017-118213,145,1655,61,660,3,468,167.94,3,0.0,167.94,82.2906,0.49,2,0
9500,CA-2017-118213,145,988,61,660,3,468,67.8,10,0.0,67.8,31.188,0.46,2,0
9501,CA-2016-149237,633,1105,440,199,2,202,26.94,3,0.0,26.94,11.3148,0.42,4,0
9502,US-2015-158589,609,1446,313,28,2,10,32.04,3,0.0,32.04,8.01,0.25,4,0
9503,CA-2016-101329,463,1743,184,1255,2,499,32.13,9,0.0,32.13,8.3538,0.25999999999999995,7,0
9504,CA-2016-101329,463,650,184,1255,2,499,2.88,1,0.0,2.88,0.8064,0.28,7,0
9505,CA-2016-113607,464,1808,501,808,2,30,1091.93,7,0.0,1091.93,272.9825,0.25,4,0
9506,CA-2016-113607,464,315,501,808,2,30,111.96,2,0.0,111.96,54.8604,0.49,4,0
9507,CA-2014-149104,77,819,268,885,1,447,26.7,2,0.0,26.7,7.476,0.28,2,0
9508,CA-2014-149104,77,1233,268,885,1,447,40.2,5,0.0,40.2,18.09,0.44999999999999996,2,0
9509,CA-2014-149104,77,183,268,885,1,447,13.89,3,0.0,13.89,4.5837,0.33,2,0
9510,CA-2014-149104,77,157,268,885,1,447,689.82,6,0.0,689.82,20.6946,0.03,2,0
9511,CA-2016-105263,216,320,877,1191,2,24,38.34,9,0.0,38.34,15.7194,0.41,5,0
9512,CA-2014-130575,689,1088,638,758,3,37,9.264,3,0.8,46.32000000000001,-13.896,-1.5000000000000002,2,1
9513,CA-2017-142461,410,790,1110,96,1,163,204.6664,1,0.32,300.98,-6.0196,-0.02941176470588235,4,1
9514,CA-2016-125220,649,765,501,1243,2,292,1649.75,5,0.0,1649.75,544.4175,0.33,5,0
9515,CA-2014-100293,740,641,620,773,2,134,91.056,6,0.2,113.82,31.8696,0.35,4,0
9516,CA-2014-154165,112,1160,1223,1051,2,156,54.208,14,0.2,67.75999999999999,8.8088,0.1625,7,0
9517,CA-2015-123939,385,1251,253,1338,1,393,26.982,3,0.4,44.97,4.0473,0.15,2,1
9518,CA-2015-123939,385,1187,253,1338,1,393,6.912,3,0.2,8.639999999999999,2.5056,0.3625,2,0
9519,CA-2015-123939,385,246,253,1338,1,393,435.504,3,0.2,544.38,48.9942,0.11249999999999999,2,0
9520,US-2017-104451,515,1267,541,606,1,95,81.08,4,0.0,81.08,22.7024,0.28,4,0
9521,CA-2016-101189,81,244,1085,1206,2,14,93.02,2,0.0,93.02,3.7208,0.04,5,0
9522,CA-2014-169446,612,1858,175,1262,2,37,323.976,3,0.2,404.96999999999997,36.4473,0.11249999999999999,6,0
9523,CA-2014-169446,612,1799,175,1262,2,37,15.552,3,0.2,19.439999999999998,5.4432,0.35000000000000003,6,0
9524,CA-2014-169446,612,1034,175,1262,2,37,32.592,3,0.2,40.739999999999995,-7.7406,-0.2375,6,0
9525,CA-2017-156958,584,302,257,1140,3,61,83.92,5,0.2,104.89999999999999,29.372,0.35,1,0
9526,CA-2017-156958,584,893,257,1140,3,61,199.9,5,0.0,199.9,39.98,0.19999999999999998,1,0
9527,CA-2017-156958,584,781,257,1140,3,61,31.176,3,0.2,38.97,-7.0146,-0.225,1,0
9528,CA-2017-156958,584,380,257,1140,3,61,172.752,6,0.2,215.94,60.4632,0.35,1,0
9529,CA-2017-156958,584,700,257,1140,3,61,9.296,2,0.2,11.62,3.0212,0.325,1,0
9530,CA-2017-101637,557,862,669,614,4,582,12.768,2,0.2,15.96,0.9576,0.075,1,0
9531,CA-2017-111759,281,814,142,1210,2,6,52.76,2,0.0,52.76,24.2696,0.46,4,0
9532,CA-2017-102729,683,1157,41,1109,2,163,55.616,2,0.2,69.52,5.5616,0.1,5,0
9533,CA-2016-116596,573,1273,190,732,2,165,427.644,14,0.1,475.15999999999997,80.7772,0.18888888888888888,4,0
9534,CA-2016-116596,573,196,190,732,2,165,40.67,7,0.0,40.67,12.6077,0.31,4,0
9535,CA-2016-116596,573,1765,190,732,2,165,33.48,2,0.0,33.48,1.3392,0.04,4,0
9536,CA-2016-116596,573,526,190,732,2,165,9.728,2,0.2,12.159999999999998,3.2832,0.3375,4,0
9537,CA-2017-124191,60,1257,493,1390,1,27,8.856,3,0.6,22.139999999999997,-6.8634,-0.775,2,1
9538,CA-2016-148747,443,179,478,721,3,95,477.666,2,0.15,561.96,84.294,0.1764705882352941,2,0
9539,US-2017-169488,212,939,211,429,3,260,16.9,5,0.0,16.9,7.774,0.46,2,0
9540,US-2017-169488,212,369,211,429,3,260,39.96,2,0.0,39.96,18.7812,0.47,2,0
9541,CA-2015-135727,29,878,1224,496,1,52,191.968,7,0.2,239.95999999999998,16.7972,0.08750000000000001,5,0
9542,CA-2015-135251,346,199,706,545,2,15,35.52,3,0.2,44.4,13.32,0.375,4,0
9543,CA-2015-135251,346,800,706,545,2,15,6.23,5,0.8,31.15000000000001,-9.6565,-1.5499999999999998,4,1
9544,CA-2015-135251,346,1734,706,545,2,15,56.704,2,0.2,70.88,19.1376,0.33749999999999997,4,0
9545,CA-2015-135251,346,1104,706,545,2,15,369.1992,3,0.32,542.94,-114.0174,-0.30882352941176466,4,1
9546,CA-2014-166590,545,1431,195,982,2,135,1.98,2,0.0,1.98,0.891,0.45,4,0
9547,CA-2014-166590,545,68,195,982,2,135,75.88,2,0.0,75.88,35.6636,0.4700000000000001,4,0
9548,CA-2016-131744,35,1533,1134,24,1,64,6.848,2,0.2,8.559999999999999,2.14,0.3125,2,0
9549,CA-2016-131744,35,9,1134,24,1,64,4.626,2,0.7,15.419999999999998,-3.855,-0.8333333333333333,2,1
9550,CA-2016-131744,35,1142,1134,24,1,64,453.6,3,0.2,567.0,90.72,0.19999999999999998,2,0
9551,CA-2015-160864,377,69,911,1413,3,59,13.848,3,0.2,17.31,5.193,0.37499999999999994,3,0
9552,CA-2015-147690,711,773,114,718,2,12,577.584,6,0.2,721.9799999999999,43.3188,0.07500000000000001,4,0
9553,CA-2015-163923,787,1303,1052,1247,2,29,151.96,4,0.0,151.96,36.4704,0.23999999999999996,4,0
9554,CA-2016-125724,417,391,898,721,2,334,68.432,7,0.2,85.53999999999999,8.554,0.125,5,0
9555,CA-2015-111612,687,91,110,1258,2,48,71.12,5,0.2,88.9,9.779,0.13749999999999998,4,0
9556,CA-2015-111612,687,1015,110,1258,2,48,3.008,2,0.2,3.76,0.564,0.18749999999999997,4,0
9557,CA-2015-156853,7,780,156,902,1,209,184.66,7,0.0,184.66,84.9436,0.46,2,0
9558,CA-2014-103086,433,1495,1137,539,1,15,5.312,2,0.6,13.28,-1.5936,-0.3,2,1
9559,CA-2016-129280,793,218,974,466,3,56,132.52,5,0.2,165.65,34.7865,0.26249999999999996,2,0
9560,CA-2016-129280,793,1167,974,466,3,56,195.64,5,0.2,244.54999999999998,-44.019,-0.225,2,0
9561,CA-2016-129280,793,1417,974,466,3,56,51.968,2,0.2,64.96,10.3936,0.19999999999999998,2,0
9562,CA-2016-129280,793,1333,974,466,3,56,431.976,3,0.2,539.9699999999999,-75.5958,-0.175,2,0
9563,CA-2016-129280,793,1859,974,466,3,56,224.937,3,0.7,749.79,-164.9538,-0.7333333333333333,2,1
9564,CA-2016-129280,793,1346,974,466,3,56,6.0,2,0.2,7.5,2.1,0.35000000000000003,2,0
9565,CA-2015-161242,345,1018,933,1214,2,63,11.76,2,0.0,11.76,5.7624,0.49000000000000005,7,0
9566,CA-2014-130428,229,229,692,692,4,86,1125.488,7,0.2,1406.86,98.4802,0.0875,0,0
9567,CA-2014-130428,229,675,692,692,4,86,12.645,5,0.7,42.14999999999999,-10.116,-0.8,0,1
9568,CA-2014-130428,229,184,692,692,4,86,4.032,2,0.2,5.04,1.0584,0.2625,0,0
9569,CA-2017-104388,461,126,958,438,3,11,79.96,4,0.0,79.96,22.3888,0.28,2,0
9570,CA-2015-113131,94,1391,497,497,4,48,6.732,6,0.7,22.439999999999998,-4.488,-0.6666666666666667,0,1
9571,CA-2015-113131,94,1223,497,497,4,48,33.568,2,0.2,41.959999999999994,1.6784,0.05,0,0
9572,CA-2015-113131,94,1653,497,497,4,48,15.84,2,0.2,19.799999999999997,5.544,0.35,0,0
9573,CA-2015-113131,94,581,497,497,4,48,24.424,1,0.2,30.529999999999998,7.9378,0.325,0,0
9574,CA-2015-113131,94,1047,497,497,4,48,17.12,5,0.2,21.4,1.926,0.11249999999999999,0,0
9575,CA-2015-148495,12,1173,864,864,4,283,31.56,3,0.0,31.56,10.4148,0.33,0,0
9576,CA-2015-143147,520,84,990,72,1,66,105.686,1,0.3,150.98000000000002,-28.6862,-0.2714285714285714,2,1
9577,CA-2015-143147,520,1094,990,72,1,66,399.54,2,0.4,665.9000000000001,-79.908,-0.19999999999999998,2,1
9578,CA-2015-143147,520,1145,990,72,1,66,104.93,5,0.3,149.9,-4.497,-0.04285714285714285,2,1
9579,CA-2017-152975,43,908,33,119,3,46,1079.85,3,0.0,1079.85,323.955,0.3,2,0
9580,CA-2017-152975,43,1044,33,119,3,46,70.98,1,0.0,70.98,3.549,0.049999999999999996,2,0
9581,CA-2017-152975,43,759,33,119,3,46,29.95,5,0.0,29.95,8.6855,0.29,2,0
9582,CA-2017-152975,43,1586,33,119,3,46,589.41,5,0.1,654.9,-6.549,-0.011111111111111112,2,0
9583,CA-2016-107475,790,132,844,726,2,75,9.648,6,0.2,12.059999999999999,3.4974,0.3625,4,0
9584,CA-2017-116127,767,1249,644,819,1,24,400.784,1,0.2,500.97999999999996,-5.0098,-0.0125,2,0
9585,CA-2017-132584,708,1032,776,152,3,152,53.72,4,0.0,53.72,13.9672,0.26,1,0
9586,CA-2016-160598,459,1414,371,771,3,230,31.008,1,0.2,38.76,11.2404,0.3625,2,0
9587,CA-2016-108630,649,1330,742,742,4,138,61.12,5,0.2,76.39999999999999,22.156,0.3625,0,0
9588,US-2017-129203,607,887,828,301,2,156,195.136,4,0.2,243.92,-43.9056,-0.225,5,0
9589,CA-2017-110940,617,109,284,689,2,400,121.536,4,0.2,151.92,15.192,0.125,5,0
9590,CA-2014-119172,788,1750,219,1238,2,27,17.472,3,0.2,21.84,5.6784,0.32499999999999996,4,0
9591,CA-2014-119172,788,921,219,1238,2,27,104.58,9,0.8,522.9000000000001,-172.557,-1.65,4,1
9592,US-2016-105452,594,894,1063,1148,2,90,24.7,5,0.6,61.74999999999999,-9.88,-0.4,4,1
9593,US-2016-105452,594,1815,1063,1148,2,90,302.72,5,0.6,756.8000000000001,-378.4,-1.2499999999999998,4,1
9594,CA-2017-108931,522,1490,33,21,2,24,8.56,2,0.0,8.56,3.852,0.44999999999999996,5,0
9595,CA-2017-108931,522,372,33,21,2,24,11.56,2,0.0,11.56,5.6644,0.48999999999999994,5,0
9596,CA-2017-104619,471,23,715,927,2,59,25.86,3,0.0,25.86,6.7236,0.26,5,0
9597,CA-2017-104619,471,1592,715,927,2,59,276.784,2,0.2,345.97999999999996,89.9548,0.325,5,0
9598,CA-2017-104619,471,1677,715,927,2,59,110.352,3,0.2,137.94,8.2764,0.075,5,0
9599,CA-2015-149517,764,1493,445,1353,2,380,60.84,3,0.0,60.84,19.4688,0.32,4,0
9600,CA-2015-116841,237,1325,1225,25,2,331,35.208,1,0.2,44.01,2.6406,0.07500000000000001,4,0
9601,CA-2017-107797,183,1466,541,944,1,610,41.472,8,0.2,51.839999999999996,14.5152,0.35,3,0
9602,CA-2016-117604,188,1053,914,370,2,238,239.5,5,0.0,239.5,114.96,0.48,5,0
9603,CA-2014-130155,144,1727,947,858,3,221,34.2,5,0.0,34.2,9.234,0.26999999999999996,3,0
9604,CA-2016-129861,665,1022,27,662,2,145,376.866,3,0.4,628.11,-213.5574,-0.5666666666666667,6,1
9605,CA-2015-138625,284,1860,122,600,3,338,197.72,4,0.0,197.72,55.3616,0.28,3,0
9606,US-2017-122672,429,177,260,46,2,404,70.72,4,0.2,88.39999999999999,-6.188,-0.0875,5,0
9607,US-2017-122672,429,872,260,46,2,404,194.352,3,0.2,242.94,-43.7292,-0.22499999999999998,5,0
9608,CA-2017-117128,570,1553,257,167,1,24,21.6,6,0.0,21.6,9.936,0.45999999999999996,3,0
9609,CA-2017-117128,570,1239,257,167,1,24,11.07,3,0.0,11.07,5.2029,0.47,3,0
9610,CA-2016-130638,184,1455,459,289,1,63,282.84,4,0.0,282.84,19.7988,0.07,3,0
9611,CA-2016-130638,184,1039,459,289,1,63,27.72,9,0.0,27.72,13.3056,0.48000000000000004,3,0
9612,CA-2017-144365,230,849,1201,506,2,130,11.68,4,0.0,11.68,5.256,0.45,6,0
9613,CA-2016-110086,218,1502,32,898,2,434,239.984,2,0.2,299.98,23.9984,0.09999999999999999,4,0
9614,CA-2014-128524,90,10,8,1409,3,61,22.98,1,0.0,22.98,6.894,0.3,2,0
9615,CA-2014-128524,90,1208,8,1409,3,61,102.13,7,0.0,102.13,15.3195,0.15,2,0
9616,CA-2014-128524,90,451,8,1409,3,61,2033.584,2,0.2,2541.98,762.594,0.375,2,0
9617,CA-2016-140256,464,827,251,49,2,14,5.76,2,0.0,5.76,1.6704,0.29000000000000004,7,0
9618,CA-2017-160633,511,616,674,611,2,393,899.982,3,0.4,1499.97,74.9985,0.08333333333333334,5,1
9619,CA-2017-160633,511,916,674,611,2,393,86.352,3,0.2,107.94,5.397,0.0625,5,0
9620,CA-2017-160633,511,344,674,611,2,393,139.96,5,0.2,174.95,-1.7495,-0.012499999999999999,5,0
9621,CA-2014-115133,527,1810,468,588,2,404,16.704,6,0.2,20.88,1.2528,0.075,4,0
9622,CA-2014-115133,527,1838,468,588,2,404,3.152,2,0.2,3.94,0.4728,0.15,4,0
9623,CA-2014-115133,527,1537,468,588,2,404,32.896,4,0.2,41.12,11.1024,0.33749999999999997,4,0
9624,CA-2017-137449,251,651,223,161,3,78,21.392,2,0.8,106.96000000000002,-54.5496,-2.55,1,1
9625,CA-2017-137449,251,1214,223,161,3,78,307.314,3,0.3,439.02000000000004,-39.5118,-0.12857142857142856,1,1
9626,CA-2017-137449,251,1334,223,161,3,78,409.9992,3,0.32,602.94,-96.4704,-0.23529411764705882,1,1
9627,CA-2017-103520,187,1829,398,146,3,339,9.248,2,0.2,11.559999999999999,3.3524,0.3625,2,0
9628,CA-2014-139283,591,767,534,502,2,84,14.67,3,0.0,14.67,6.7482,0.45999999999999996,4,0
9629,CA-2014-118192,463,712,287,1040,2,56,37.408,7,0.2,46.76,13.0928,0.35,5,0
9630,CA-2014-118192,463,1548,287,1040,2,56,3.438,2,0.7,11.459999999999999,-2.5212,-0.7333333333333333,5,1
9631,CA-2016-168844,393,99,1207,113,2,165,7.152,3,0.2,8.94,2.3244,0.32499999999999996,6,0
9632,CA-2016-168844,393,1621,1207,113,2,165,179.7,6,0.0,179.7,88.053,0.49,6,0
9633,CA-2017-154809,709,1202,779,923,2,40,90.64,8,0.0,90.64,38.9752,0.43,4,0
9634,CA-2014-151330,647,1014,1006,1137,3,290,177.0,3,0.0,177.0,30.09,0.17,3,0
9635,CA-2014-151330,647,76,1006,1137,3,290,79.45,7,0.0,79.45,22.246,0.27999999999999997,3,0
9636,CA-2014-151330,647,1689,1006,1137,3,290,1628.82,9,0.0,1628.82,260.6112,0.16,3,0
9637,CA-2014-124702,187,569,729,642,2,60,137.54,2,0.0,137.54,55.016,0.4,7,0
9638,CA-2014-124702,187,963,729,642,2,60,730.2,4,0.0,730.2,94.926,0.13,7,0
9639,US-2017-125808,213,1829,106,941,1,4,11.56,2,0.0,11.56,5.6644,0.48999999999999994,3,0
9640,CA-2015-116638,99,595,1226,44,1,5,4297.644,13,0.4,7162.740000000001,-1862.3124,-0.4333333333333333,3,1
9641,CA-2014-104563,783,106,1010,1433,2,6,20.65,5,0.0,20.65,9.499,0.4600000000000001,5,0
9642,CA-2014-104563,783,357,1010,1433,2,6,204.9,5,0.0,204.9,0.0,0.0,5,0
9643,CA-2014-104563,783,1854,1010,1433,2,6,436.704,6,0.2,545.88,21.8352,0.05,5,0
9644,CA-2014-104563,783,1497,1010,1433,2,6,481.568,2,0.2,601.9599999999999,54.1764,0.1125,5,0
9645,US-2017-107979,384,1098,111,488,2,277,89.544,7,0.2,111.92999999999999,12.3123,0.1375,5,0
9646,US-2017-107979,384,211,111,488,2,277,35.168,2,0.2,43.959999999999994,-8.3524,-0.2375,5,0
9647,US-2017-107979,384,262,111,488,2,277,72.588,2,0.7,241.95999999999995,-48.392,-0.6666666666666667,5,1
9648,CA-2014-150518,597,1126,85,157,2,624,221.16,4,0.0,221.16,57.5016,0.26,5,0
9649,CA-2014-150518,597,540,85,157,2,624,281.97,3,0.0,281.97,78.9516,0.27999999999999997,5,0
9650,CA-2016-107104,334,1249,492,886,2,63,3406.664,8,0.15,4007.84,160.3136,0.047058823529411764,4,0
9651,CA-2016-107104,334,1561,492,886,2,63,37.17,9,0.0,37.17,10.4076,0.27999999999999997,4,0
9652,CA-2016-107104,334,792,492,886,2,63,64.96,2,0.0,64.96,19.488,0.30000000000000004,4,0
9653,CA-2016-107104,334,1072,492,886,2,63,595.38,6,0.0,595.38,297.69,0.5,4,0
9654,CA-2017-161893,7,1581,206,679,2,116,95.984,2,0.2,119.97999999999999,11.998,0.125,4,0
9655,CA-2017-161893,7,1264,206,679,2,116,4.938,2,0.7,16.459999999999997,-3.6212,-0.7333333333333334,4,1
9656,CA-2014-156160,549,1417,359,412,2,46,97.44,3,0.0,97.44,35.0784,0.36000000000000004,7,0
9657,CA-2014-156160,549,592,359,412,2,46,3.984,1,0.2,4.9799999999999995,1.3944,0.35000000000000003,7,0
9658,CA-2014-156160,549,1732,359,412,2,46,13.04,4,0.0,13.04,5.7376,0.44,7,0
9659,CA-2014-156160,549,1579,359,412,2,46,579.528,4,0.1,643.92,83.7096,0.14444444444444443,7,0
9660,CA-2014-100860,474,1551,960,810,1,283,18.75,5,0.0,18.75,9.0,0.48,4,0
9661,CA-2016-160717,468,1462,113,726,2,538,3023.928,9,0.2,3779.91,226.7946,0.075,5,0
9662,CA-2016-160717,468,1557,113,726,2,538,26.96,2,0.0,26.96,3.7744,0.13999999999999999,5,0
9663,CA-2016-160717,468,257,113,726,2,538,477.6,3,0.2,597.0,161.19,0.33749999999999997,5,0
9664,CA-2017-132619,475,558,516,529,2,10,193.95,3,0.0,193.95,9.6975,0.05,5,0
9665,US-2015-120957,121,645,215,215,4,216,12.96,2,0.0,12.96,6.2208,0.4799999999999999,0,0
9666,CA-2017-157448,63,893,674,226,2,14,119.94,3,0.0,119.94,23.988,0.2,4,0
9667,CA-2017-157448,63,1380,674,226,2,14,12.42,3,0.0,12.42,4.4712,0.36,4,0
9668,CA-2016-126270,579,508,132,1254,2,625,18.088,7,0.2,22.61,6.5569,0.3625,4,0
9669,CA-2016-126270,579,245,132,1254,2,625,71.97,3,0.0,71.97,35.985,0.5,4,0
9670,CA-2017-145275,734,640,460,1192,2,34,14.94,3,0.0,14.94,6.8724,0.46,4,0
9671,CA-2015-133396,137,1176,864,763,3,308,64.68,7,0.2,80.85000000000001,8.085,0.125,2,0
9672,US-2017-140312,108,896,39,124,2,626,22.0,5,0.2,27.5,1.375,0.0625,6,0
9673,CA-2016-114867,87,1232,444,1291,2,106,7.968,2,0.2,9.959999999999999,2.6892,0.3375,5,0
9674,CA-2016-114867,87,1861,444,1291,2,106,1499.97,5,0.4,2499.9500000000003,-374.9925,-0.25,5,1
9675,US-2014-164644,140,1292,193,1363,1,15,26.632,1,0.2,33.29,1.3316,0.049999999999999996,2,0
9676,CA-2016-137393,422,1164,716,1121,2,411,41.6,4,0.0,41.6,14.144,0.33999999999999997,4,0
9677,US-2014-120175,638,762,684,641,2,239,64.02,6,0.0,64.02,29.4492,0.46,5,0
9678,CA-2016-144785,704,373,725,132,2,30,6.99,3,0.0,6.99,2.0271,0.29,5,0
9679,CA-2016-144785,704,1840,725,132,2,30,6.84,1,0.0,6.84,1.8468,0.27,5,0
9680,CA-2015-130113,693,766,18,621,2,35,323.1,2,0.0,323.1,61.389,0.19,4,0
9681,CA-2015-130113,693,919,18,621,2,35,668.16,9,0.2,835.1999999999999,75.168,0.11250000000000002,4,0
9682,CA-2017-122770,213,1364,1097,405,2,35,8.64,3,0.0,8.64,4.2336,0.49,5,0
9683,CA-2017-122770,213,861,1097,405,2,35,38.88,6,0.0,38.88,18.6624,0.48000000000000004,5,0
9684,CA-2017-122770,213,1002,1097,405,2,35,201.04,8,0.0,201.04,54.2808,0.27,5,0
9685,CA-2017-122770,213,1642,1097,405,2,35,12.96,2,0.0,12.96,6.3504,0.48999999999999994,5,0
9686,CA-2017-118668,784,1351,461,1296,1,4,16.59,1,0.0,16.59,5.8065,0.35,2,0
9687,CA-2017-116498,568,629,1110,96,2,89,35.1,6,0.0,35.1,10.179,0.29,4,0
9688,US-2017-130603,338,626,1034,834,2,175,11.646,9,0.8,58.23000000000002,-17.469,-1.5,6,1
9689,US-2017-135986,39,1484,309,819,2,196,32.4,5,0.0,32.4,15.552,0.48,7,0
9690,US-2017-135986,39,1420,309,819,2,196,503.96,4,0.0,503.96,125.99,0.25,7,0
9691,CA-2017-140536,639,825,1096,1335,3,46,7.04,4,0.0,7.04,2.0416,0.29,1,0
9692,CA-2015-130183,139,790,51,973,2,17,613.9992,3,0.32,902.94,-18.0588,-0.029411764705882356,4,1
9693,CA-2015-107902,417,1355,835,1342,2,70,470.36,11,0.0,470.36,122.2936,0.26,5,0
9694,CA-2017-130148,72,1263,242,395,1,95,31.08,6,0.0,31.08,15.2292,0.49000000000000005,4,0
9695,CA-2017-130148,72,504,242,395,1,95,7.3,2,0.0,7.3,2.19,0.3,4,0
9696,US-2016-151260,282,10,26,883,3,158,73.536,4,0.2,91.92,9.192,0.125,3,0
9697,CA-2014-144281,97,509,1227,346,1,152,491.55,5,0.0,491.55,240.8595,0.49,5,0
9698,CA-2016-122511,390,1184,22,22,4,12,30.336,4,0.2,37.919999999999995,9.48,0.31250000000000006,0,0
9699,CA-2017-154116,731,230,935,485,2,96,22.83,3,0.0,22.83,10.7301,0.47000000000000003,4,0
9700,CA-2017-154116,731,1826,935,485,2,96,54.32,4,0.0,54.32,16.296,0.3,4,0
9701,CA-2017-154116,731,1362,935,485,2,96,196.776,3,0.2,245.97,14.7582,0.075,4,0
9702,CA-2016-105291,728,805,860,255,2,627,3.62,2,0.0,3.62,1.1946,0.33,5,0
9703,CA-2017-147032,698,97,690,1019,2,50,11.54,1,0.0,11.54,5.5392,0.48000000000000004,4,0
9704,CA-2017-147032,698,14,690,1019,2,50,849.95,5,0.0,849.95,390.977,0.45999999999999996,4,0
9705,CA-2017-147032,698,1813,690,1019,2,50,11.01,3,0.0,11.01,5.3949,0.49,4,0
9706,CA-2017-125990,560,730,16,437,2,35,39.624,3,0.2,49.53,13.8684,0.35,4,0
9707,CA-2016-161746,230,1720,148,190,2,63,242.136,3,0.2,302.66999999999996,12.1068,0.05,6,0
9708,CA-2016-161746,230,106,148,190,2,63,12.39,3,0.0,12.39,5.6994,0.45999999999999996,6,0
9709,CA-2016-161746,230,1612,148,190,2,63,19.96,2,0.0,19.96,5.5888,0.27999999999999997,6,0
9710,CA-2016-161746,230,419,148,190,2,63,340.92,3,0.0,340.92,3.4092,0.009999999999999998,6,0
9711,CA-2014-114251,199,1305,1128,850,2,106,273.568,2,0.2,341.96,-34.196,-0.125,5,0
9712,CA-2014-114251,199,716,1128,850,2,106,13.194,2,0.7,43.98,-8.796,-0.6666666666666666,5,1
9713,CA-2014-114251,199,907,1128,850,2,106,1080.096,6,0.2,1350.12,-94.5084,-0.0875,5,0
9714,CA-2014-114251,199,554,1128,850,2,106,51.56,5,0.2,64.45,-6.445,-0.125,5,0
9715,CA-2014-114251,199,1313,1128,850,2,106,58.416,2,0.2,73.02,16.7946,0.2875,5,0
9716,CA-2016-116379,437,380,78,397,2,35,57.584,2,0.2,71.98,20.1544,0.35,5,0
9717,US-2016-144477,490,1760,400,1042,1,64,37.312,4,0.2,46.63999999999999,2.7984,0.07500000000000001,2,0
9718,CA-2016-108210,248,126,199,1207,4,17,79.96,5,0.2,99.94999999999999,7.996,0.10000000000000002,1,0
9719,CA-2016-108210,248,202,199,1207,4,17,223.96,5,0.2,279.95,11.198,0.05,1,0
9720,CA-2017-166835,590,943,106,238,1,208,221.024,2,0.2,276.28,-55.256,-0.25,2,0
9721,CA-2016-119641,295,1463,898,183,2,157,18.96,2,0.0,18.96,7.584,0.39999999999999997,4,0
9722,CA-2016-105781,536,1709,596,881,2,24,326.646,3,0.1,362.94,39.9234,0.12222222222222222,4,0
9723,CA-2016-105781,536,247,596,881,2,24,89.97,3,0.0,89.97,39.5868,0.43999999999999995,4,0
9724,CA-2014-101364,70,698,1092,59,2,165,296.712,13,0.2,370.89,100.1403,0.3375,4,0
9725,CA-2015-117898,622,662,902,556,2,51,12.224,2,0.2,15.28,4.4312,0.36249999999999993,6,0
9726,CA-2017-142293,619,1017,698,1089,3,481,89.97,3,0.0,89.97,37.7874,0.42,3,0
9727,CA-2017-167395,28,1361,575,770,3,112,286.86,7,0.0,286.86,80.3208,0.28,2,0
9728,CA-2017-167395,28,35,575,770,3,112,979.95,5,0.0,979.95,284.1855,0.29,2,0
9729,CA-2017-167395,28,483,575,770,3,112,4.36,2,0.0,4.36,0.1744,0.039999999999999994,2,0
9730,CA-2014-111962,433,1376,412,778,2,61,10.048,2,0.2,12.559999999999999,3.14,0.3125,5,0
9731,CA-2014-111962,433,766,412,778,2,61,807.75,5,0.0,807.75,153.4725,0.19,5,0
9732,CA-2017-124261,556,1047,238,124,2,14,34.24,8,0.0,34.24,9.9296,0.29,5,0
9733,CA-2014-114321,715,1465,1072,56,2,498,500.24,13,0.0,500.24,145.0696,0.29000000000000004,5,0
9734,CA-2014-114321,715,1604,1072,56,2,498,20.12,2,0.0,20.12,9.2552,0.46,5,0
9735,CA-2014-114321,715,1177,1072,56,2,498,896.99,1,0.0,896.99,421.5853,0.47000000000000003,5,0
9736,CA-2014-128062,58,1844,85,755,1,64,5.88,1,0.2,7.35,1.9845,0.33749999999999997,3,0
9737,US-2015-100069,740,525,686,231,2,199,269.98,2,0.0,269.98,72.8946,0.26999999999999996,4,0
9738,CA-2017-129294,630,1450,634,709,2,4,310.12,2,0.0,310.12,80.6312,0.26,5,0
9739,CA-2017-129294,630,909,634,709,2,4,70.464,6,0.2,88.08,22.9008,0.325,5,0
9740,CA-2017-129294,630,1182,634,709,2,4,19.68,5,0.2,24.599999999999998,6.888,0.35,5,0
9741,CA-2017-129294,630,590,634,709,2,4,140.67,3,0.0,140.67,54.8613,0.39,5,0
9742,CA-2015-117086,426,27,628,769,2,371,4404.9,5,0.0,4404.9,1013.127,0.23,4,0
9743,CA-2017-131303,213,301,355,575,2,89,62.65,5,0.0,62.65,29.4455,0.47,4,0
9744,CA-2016-137127,371,1043,951,1304,2,286,9.45,3,0.0,9.45,4.536,0.48,6,0
9745,CA-2017-141782,649,557,277,1264,2,174,268.576,4,0.2,335.72,90.6444,0.33749999999999997,4,0
9746,CA-2017-137505,444,343,222,222,4,142,364.08,2,0.2,455.09999999999997,9.102,0.025,0,0
9747,CA-2017-137505,444,973,222,222,4,142,71.088,2,0.2,88.85999999999999,-1.7772,-0.025,0,0
9748,US-2014-140914,4,1650,8,648,2,156,10.984,2,0.6,27.459999999999997,-7.9634,-0.725,4,1
9749,US-2014-140914,4,464,8,648,2,156,797.944,4,0.3,1139.92,-56.996,-0.07142857142857144,4,1
9750,CA-2016-158358,614,429,759,388,2,356,159.98,2,0.0,159.98,57.5928,0.36,4,0
9751,CA-2016-113390,213,1413,1228,681,2,27,5.344,2,0.2,6.68,0.668,0.125,4,0
9752,CA-2016-113390,213,1176,1228,681,2,27,27.72,3,0.2,34.65,3.465,0.125,4,0
9753,US-2016-158680,126,745,950,416,3,61,2.496,1,0.2,3.1199999999999997,0.9048,0.36250000000000004,1,0
9754,CA-2017-113705,49,1571,997,1066,1,196,8.26,2,0.0,8.26,3.7996,0.46,2,0
9755,CA-2017-113705,49,214,997,1066,1,196,17.76,2,0.0,17.76,8.88,0.5,2,0
9756,CA-2017-113705,49,1440,997,1066,1,196,332.94,3,0.0,332.94,9.9882,0.030000000000000002,2,0
9757,CA-2017-113705,49,278,997,1066,1,196,292.1,2,0.0,292.1,58.42,0.19999999999999998,2,0
9758,CA-2017-113705,49,1784,997,1066,1,196,206.1,5,0.0,206.1,55.647,0.27,2,0
9759,CA-2017-113705,49,250,997,1066,1,196,17.64,4,0.0,17.64,8.1144,0.45999999999999996,2,0
9760,CA-2016-146913,246,1132,732,733,2,10,1403.92,5,0.2,1754.9,70.196,0.049999999999999996,5,0
9761,CA-2017-159135,455,1540,260,1184,2,628,4.3,2,0.0,4.3,1.419,0.33,4,0
9762,CA-2014-121762,505,1106,1048,1088,2,6,239.97,3,0.0,239.97,86.3892,0.36,4,0
9763,CA-2014-121762,505,1361,1048,1088,2,6,81.96,2,0.0,81.96,22.9488,0.28,4,0
9764,CA-2014-121762,505,1421,1048,1088,2,6,238.62,2,0.0,238.62,4.7724,0.02,4,0
9765,CA-2014-123855,499,140,1229,671,2,2,139.8,5,0.2,174.75,12.2325,0.0875,5,0
9766,CA-2017-101959,552,1182,1230,905,2,265,9.84,2,0.0,9.84,4.7232,0.48000000000000004,6,0
9767,CA-2017-101959,552,566,1230,905,2,265,7.78,1,0.0,7.78,3.501,0.44999999999999996,6,0
9768,CA-2017-102659,561,1046,35,935,2,438,54.9,5,0.0,54.9,26.901,0.49,6,0
9769,CA-2017-142328,427,1306,227,818,2,35,50.04,6,0.0,50.04,25.02,0.5,7,0
9770,CA-2016-123533,338,605,391,886,2,187,339.92,5,0.2,424.9,8.498,0.024999999999999998,6,0
9771,CA-2016-123533,338,1129,391,886,2,187,10.528,4,0.2,13.16,3.4216,0.325,6,0
9772,CA-2016-123533,338,1277,391,886,2,187,42.384,2,0.2,52.98,4.2384,0.1,6,0
9773,CA-2016-104983,525,1091,895,895,4,106,123.92,5,0.2,154.9,38.725,0.3125,0,0
9774,CA-2016-160234,419,1624,191,895,2,149,135.95,1,0.0,135.95,39.4255,0.29000000000000004,7,0
9775,CA-2014-169019,167,317,712,1022,2,66,2177.584,8,0.8,10887.920000000002,-3701.8928,-1.7000000000000002,4,1
9776,CA-2014-169019,167,1475,712,1022,2,66,17.496,3,0.6,43.739999999999995,-10.0602,-0.5750000000000001,4,1
9777,CA-2014-169019,167,302,712,1022,2,66,16.784,4,0.8,83.92000000000002,-26.8544,-1.6,4,1
9778,CA-2014-169019,167,334,712,1022,2,66,431.136,9,0.2,538.92,-26.946,-0.0625,4,0
9779,CA-2014-169019,167,214,712,1022,2,66,8.88,5,0.8,44.40000000000001,-13.32,-1.5,4,1
9780,CA-2014-169019,167,1205,712,1022,2,66,4.836,2,0.8,24.180000000000007,-12.09,-2.5,4,1
9781,CA-2016-153178,53,1286,750,32,2,256,437.85,3,0.0,437.85,131.355,0.29999999999999993,4,0
9782,CA-2016-153178,53,1179,750,32,2,256,673.568,2,0.2,841.9599999999999,252.588,0.375,4,0
9783,CA-2015-149748,606,520,71,1246,1,336,274.8,5,0.0,274.8,134.652,0.48999999999999994,2,0
9784,CA-2015-149748,606,822,71,1246,1,336,62.18,1,0.0,62.18,16.7886,0.26999999999999996,2,0
9785,CA-2015-149748,606,1380,71,1246,1,336,8.28,2,0.0,8.28,2.9808,0.36000000000000004,2,0
9786,CA-2015-155635,251,1527,1231,1150,2,176,48.81,3,0.0,48.81,23.9169,0.48999999999999994,4,0
9787,US-2014-114377,768,1145,1128,1128,4,498,149.9,5,0.0,149.9,40.473,0.26999999999999996,0,0
9788,CA-2017-144491,171,790,997,720,2,33,1023.332,5,0.32,1504.9,-30.098,-0.029411764705882353,5,1
9789,CA-2017-144491,171,121,997,720,2,33,600.558,3,0.3,857.94,-8.5794,-0.014285714285714285,5,1
9790,CA-2017-144491,171,649,997,720,2,33,39.992,1,0.2,49.989999999999995,6.9986,0.17500000000000002,5,0
9791,CA-2017-144491,171,1319,997,720,2,33,211.246,2,0.3,301.78000000000003,-66.3916,-0.3142857142857143,5,1
9792,CA-2014-127166,348,1041,372,236,1,33,56.064,6,0.2,70.08,21.024,0.375,2,0
9793,CA-2014-127166,348,390,372,236,1,33,107.772,2,0.3,153.96,-29.2524,-0.2714285714285714,2,1
9794,CA-2014-127166,348,671,372,236,1,33,4.832,1,0.2,6.039999999999999,1.6308,0.3375,2,0
9795,CA-2014-127166,348,1000,372,236,1,33,18.24,3,0.8,91.20000000000002,-31.008,-1.7000000000000002,2,1
9796,CA-2016-125920,65,859,207,317,2,27,3.798,3,0.8,18.990000000000006,-5.8869,-1.5499999999999998,7,1
9797,CA-2015-128608,704,314,1027,185,2,214,10.368,2,0.2,12.959999999999999,1.5552,0.15,5,0
9798,CA-2015-128608,704,35,1027,185,2,214,235.188,2,0.4,391.98,-43.1178,-0.18333333333333335,5,1
9799,CA-2015-128608,704,1354,1027,185,2,214,26.376,4,0.4,43.96,2.6376,0.09999999999999999,5,1
9800,CA-2015-128608,704,1695,1027,185,2,214,10.384,2,0.2,12.98,2.2066,0.2125,5,0
9801,CA-2015-128608,704,477,1027,185,2,214,107.118,3,0.4,178.53,-21.4236,-0.2,5,1
9802,CA-2017-137918,301,1206,366,834,2,629,97.3,7,0.0,97.3,28.217,0.29,7,0
9803,CA-2015-122973,308,74,1075,604,1,24,3.328,2,0.2,4.159999999999999,1.2064,0.3625,2,0
9804,CA-2015-122973,308,1237,1075,604,1,24,135.99,1,0.0,135.99,36.7173,0.27,2,0
9805,CA-2015-122973,308,1257,1075,604,1,24,7.38,1,0.0,7.38,2.1402,0.29000000000000004,2,0
9806,CA-2016-136322,400,1147,148,1374,2,3,45.568,2,0.2,56.959999999999994,9.6832,0.2125,5,0
9807,CA-2016-136322,400,1225,148,1374,2,3,28.752,8,0.7,95.83999999999999,-21.0848,-0.7333333333333334,5,1
9808,CA-2017-107209,528,65,945,379,1,315,194.848,4,0.2,243.56,12.178,0.0625,5,0
9809,CA-2017-145093,691,1086,247,1190,2,37,2.112,2,0.8,10.560000000000002,-3.3792,-1.5999999999999999,5,1
9810,US-2014-139640,181,89,846,8,1,41,25.92,5,0.2,32.4,9.072,0.3499999999999999,4,0
9811,US-2014-139640,181,979,846,8,1,41,120.768,4,0.2,150.95999999999998,9.0576,0.07500000000000001,4,0
9812,CA-2016-117583,91,1415,582,886,3,621,25.92,4,0.0,25.92,12.4416,0.4799999999999999,3,0
9813,CA-2016-117583,91,333,582,886,3,621,34.65,3,0.0,34.65,9.702,0.28,3,0
9814,CA-2016-117583,91,840,582,886,3,621,204.95,5,0.0,204.95,100.4255,0.49000000000000005,3,0
9815,CA-2016-117583,91,1400,582,886,3,621,79.95,5,0.0,79.95,38.376,0.4799999999999999,3,0
9816,CA-2015-162201,123,1324,1214,822,2,105,173.488,7,0.2,216.85999999999999,54.215,0.3125,4,0
9817,CA-2015-162201,123,766,1214,822,2,105,516.96,4,0.2,646.2,-6.462,-0.012499999999999999,4,0
9818,CA-2015-162201,123,1436,1214,822,2,105,173.208,7,0.2,216.51,45.4671,0.2625,4,0
9819,CA-2015-162201,123,450,1214,822,2,105,4.448,2,0.2,5.5600000000000005,0.3336,0.075,4,0
9820,CA-2015-162201,123,1551,1214,822,2,105,9.0,3,0.2,11.25,3.15,0.35,4,0
9821,CA-2015-162201,123,1738,1214,822,2,105,42.24,10,0.2,52.8,13.2,0.31249999999999994,4,0
9822,CA-2015-162201,123,472,1214,822,2,105,18.264,2,0.7,60.87999999999999,-13.3936,-0.7333333333333333,4,1
9823,US-2014-164406,206,544,861,711,2,35,152.91,3,0.0,152.91,42.8148,0.27999999999999997,4,0
9824,US-2014-164406,206,1091,861,711,2,35,92.94,3,0.0,92.94,41.823,0.45,4,0
9825,US-2014-164406,206,79,861,711,2,35,17.856,4,0.2,22.32,6.2496,0.35,4,0
9826,US-2014-164406,206,613,861,711,2,35,46.44,3,0.2,58.05,15.093,0.325,4,0
9827,US-2014-164406,206,1226,861,711,2,35,195.136,4,0.2,243.92,-12.196,-0.0625,4,0
9828,CA-2017-169999,41,558,250,336,2,46,129.3,2,0.0,129.3,6.465,0.049999999999999996,7,0
9829,CA-2017-169999,41,545,250,336,2,46,11.568,3,0.2,14.459999999999999,3.7596,0.325,7,0
9830,US-2017-152842,174,39,12,284,2,44,242.352,3,0.2,302.94,15.147,0.0625,7,0
9831,CA-2014-113257,254,1337,758,1308,1,582,319.968,4,0.2,399.96,95.9904,0.3,2,0
9832,CA-2014-113257,254,51,758,1308,1,582,8.624,7,0.6,21.56,-2.5872,-0.3,2,1
9833,CA-2014-133963,655,1051,599,858,1,78,3.984,1,0.2,4.9799999999999995,1.4442,0.3625,4,0
9834,CA-2017-130302,389,266,33,21,2,158,895.944,7,0.2,1119.9299999999998,190.3881,0.21250000000000002,5,0
9835,CA-2016-126627,577,1458,1156,1397,3,630,14.0,4,0.6,35.0,-6.3,-0.45,2,1
9836,CA-2016-126627,577,801,1156,1397,3,630,16.392,2,0.8,81.96000000000002,-26.2272,-1.6,2,1
9837,US-2016-125402,298,835,478,394,2,107,10.9,5,0.0,10.9,5.123,0.47000000000000003,6,0
9838,US-2016-125402,298,430,478,394,2,107,29.6,2,0.0,29.6,14.8,0.5,6,0
9839,US-2016-125402,298,1141,478,394,2,107,4.98,1,0.0,4.98,2.2908,0.45999999999999996,6,0
9840,US-2016-125402,298,1688,478,394,2,107,479.976,3,0.2,599.9699999999999,161.9919,0.33749999999999997,6,0
9841,US-2016-125402,298,1710,478,394,2,107,44.736,8,0.2,55.919999999999995,4.4736,0.1,6,0
9842,US-2016-125402,298,827,478,394,2,107,5.76,2,0.0,5.76,1.6704,0.29000000000000004,6,0
9843,US-2016-125402,298,663,478,394,2,107,483.136,4,0.2,603.92,60.392,0.125,6,0
9844,CA-2014-163867,682,1141,562,572,3,68,15.936,4,0.2,19.919999999999998,5.1792,0.325,3,0
9845,CA-2014-163867,682,505,562,572,3,68,61.544,7,0.6,153.85999999999999,-40.0036,-0.65,3,1
9846,CA-2014-163867,682,1126,562,572,3,68,132.696,3,0.2,165.86999999999998,9.9522,0.075,3,0
9847,CA-2017-169327,763,23,265,508,1,142,43.1,5,0.0,43.1,11.206,0.25999999999999995,2,0
9848,CA-2017-169327,763,744,265,508,1,142,511.5,5,0.0,511.5,132.99,0.26,2,0
9849,CA-2017-169327,763,806,265,508,1,142,147.92,5,0.2,184.89999999999998,46.225,0.31250000000000006,2,0
9850,CA-2014-142979,554,1572,792,892,2,629,39.68,2,0.0,39.68,16.2688,0.41,6,0
9851,CA-2016-158155,554,546,441,716,2,30,12.56,2,0.0,12.56,4.0192,0.31999999999999995,4,0
9852,CA-2016-158155,554,444,441,716,2,30,90.48,3,0.2,113.1,33.93,0.375,4,0
9853,CA-2016-158155,554,1222,441,716,2,30,13.08,2,0.0,13.08,6.0168,0.45999999999999996,4,0
9854,CA-2016-158155,554,593,441,716,2,30,214.7,5,0.0,214.7,83.733,0.39,4,0
9855,CA-2017-138870,655,1599,250,1269,2,10,50.32,4,0.0,50.32,21.1344,0.42,4,0
9856,CA-2017-138870,655,1494,250,1269,2,10,24.56,2,0.0,24.56,11.5432,0.47000000000000003,4,0
9857,CA-2014-120950,655,58,1232,8,2,113,43.68,6,0.0,43.68,20.9664,0.48,5,0
9858,CA-2015-164301,226,412,515,1111,2,6,3393.68,8,0.0,3393.68,610.8624,0.18,4,0
9859,CA-2017-113278,368,147,425,177,2,239,67.4,5,0.0,67.4,17.524,0.26,6,0
9860,CA-2017-113278,368,243,425,177,2,239,2.52,2,0.0,2.52,0.1008,0.04,6,0
9861,CA-2017-113278,368,1050,425,177,2,239,67.8,4,0.0,67.8,1.356,0.020000000000000004,6,0
9862,CA-2017-113278,368,1191,425,177,2,239,18.76,2,0.0,18.76,5.2528,0.27999999999999997,6,0
9863,CA-2017-113278,368,428,425,177,2,239,12.12,4,0.0,12.12,2.5452,0.21,6,0
9864,CA-2017-113278,368,753,425,177,2,239,11.34,1,0.0,11.34,5.5566,0.49000000000000005,6,0
9865,CA-2017-113278,368,241,425,177,2,239,159.8,4,0.0,159.8,70.312,0.43999999999999995,6,0
9866,CA-2017-113278,368,1184,425,177,2,239,18.96,2,0.0,18.96,8.532,0.44999999999999996,6,0
9867,US-2015-116981,417,1450,515,263,1,30,1085.42,7,0.0,1085.42,282.2092,0.26,2,0
9868,US-2015-116981,417,1519,515,263,1,30,13.11,3,0.0,13.11,3.4086,0.26,2,0
9869,CA-2014-114195,106,593,302,936,3,631,68.704,2,0.2,85.87999999999998,16.3172,0.23750000000000002,2,0
9870,CA-2014-114195,106,1582,302,936,3,631,3.132,2,0.7,10.44,-2.61,-0.8333333333333333,2,1
9871,CA-2014-114195,106,445,302,936,3,631,22.428,3,0.7,74.75999999999999,-17.9424,-0.7999999999999999,2,1
9872,CA-2017-146269,709,246,834,834,4,37,290.336,2,0.2,362.92,32.6628,0.11249999999999999,0,0
9873,CA-2017-146269,709,788,834,834,4,37,19.152,2,0.2,23.94,1.197,0.0625,0,0
9874,CA-2016-100587,360,1517,108,883,2,24,6.48,1,0.0,6.48,3.1104,0.4799999999999999,4,0
9875,CA-2016-166653,473,890,898,447,1,272,63.968,2,0.2,79.96,19.99,0.31249999999999994,2,0
9876,CA-2015-130855,168,1848,1233,320,2,46,6.36,2,0.0,6.36,0.0636,0.01,7,0
9877,US-2017-166324,535,1245,694,82,3,178,848.544,4,0.2,1060.6799999999998,-21.2136,-0.025,1,0
9878,US-2017-166324,535,1459,694,82,3,178,8.7,5,0.7,28.999999999999993,-6.38,-0.7333333333333334,1,1
9879,US-2017-166324,535,1788,694,82,3,178,122.382,3,0.4,203.97000000000003,-24.4764,-0.2,1,1
9880,CA-2016-122581,272,956,1037,1434,2,46,573.174,7,0.1,636.86,63.686,0.11111111111111112,4,0
9881,CA-2015-104297,386,259,353,71,3,178,85.056,3,0.2,106.32,28.7064,0.33749999999999997,2,0
9882,CA-2014-153927,329,606,1133,1372,3,632,14.04,3,0.0,14.04,6.7392,0.48000000000000004,1,0
9883,CA-2014-153927,329,918,1133,1372,3,632,272.61,13,0.0,272.61,98.1396,0.36,1,0
9884,CA-2014-112291,723,408,1234,919,2,142,11.16,2,0.0,11.16,5.58,0.5,5,0
9885,CA-2014-112291,723,1197,1234,919,2,142,62.31,3,0.0,62.31,22.4316,0.36,5,0
9886,CA-2014-112291,723,1106,1234,919,2,142,159.98,2,0.0,159.98,57.5928,0.36,5,0
9887,CA-2014-146997,612,495,1213,916,2,378,5.94,3,0.0,5.94,0.0,0.0,4,0
9888,CA-2017-169607,245,1232,387,454,3,24,9.96,2,0.0,9.96,4.6812,0.4699999999999999,3,0
9889,CA-2015-127544,362,1106,817,1309,2,551,79.99,1,0.0,79.99,28.7964,0.36,4,0
9890,CA-2017-166499,501,1702,499,178,3,101,8.94,3,0.0,8.94,2.4138,0.27,1,0
9891,US-2016-115441,65,1541,198,1063,1,202,20.62,2,0.0,20.62,9.6914,0.47,3,0
9892,US-2016-115441,65,937,198,1063,1,202,124.25,7,0.0,124.25,48.4575,0.39,3,0
9893,US-2016-115441,65,477,198,1063,1,202,297.55,5,0.0,297.55,83.314,0.27999999999999997,3,0
9894,US-2016-115441,65,1720,198,1063,1,202,403.56,4,0.0,403.56,96.8544,0.24,3,0
9895,US-2016-115441,65,286,198,1063,1,202,95.2,5,0.0,95.2,27.608,0.29,3,0
9896,CA-2014-115049,463,1564,468,1202,2,37,153.824,11,0.2,192.28,38.456,0.25,5,0
9897,CA-2014-156342,227,1670,1104,887,1,156,62.016,2,0.2,77.52,22.4808,0.3625,3,0
9898,CA-2016-112830,432,623,113,225,2,324,466.32,3,0.2,582.9,34.974,0.075,4,0
9899,CA-2016-112830,432,1705,113,225,2,324,82.64,2,0.2,103.3,0.0,0.0,4,0
9900,US-2014-117380,487,595,1177,1234,2,158,330.588,1,0.4,550.98,-143.2548,-0.4333333333333333,6,1
9901,CA-2017-117646,791,596,171,327,2,128,237.096,3,0.2,296.37,20.7459,0.0875,4,0
9902,CA-2017-117646,791,1184,171,327,2,128,22.752,3,0.2,28.439999999999998,7.11,0.31250000000000006,4,0
9903,CA-2017-117646,791,145,171,327,2,128,6.672,1,0.2,8.34,2.085,0.3125,4,0
9904,CA-2014-122609,25,1378,608,729,2,297,25.128,3,0.6,62.82,-6.9102,-0.27499999999999997,6,1
9905,CA-2014-122609,25,429,608,729,2,297,127.984,2,0.2,159.98,25.5968,0.2,6,0
9906,US-2015-129007,630,1156,1024,427,3,159,131.88,7,0.0,131.88,55.3896,0.42000000000000004,2,0
9907,US-2015-129007,630,1125,1024,427,3,159,25.032,3,0.2,31.29,7.8225,0.3125,2,0
9908,US-2015-129007,630,1181,1024,427,3,159,717.72,3,0.2,897.15,71.772,0.1,2,0
9909,US-2015-129007,630,1485,1024,427,3,159,207.35,5,0.0,207.35,24.882,0.12000000000000001,2,0
9910,US-2015-129007,630,944,1024,427,3,159,44.67,3,0.0,44.67,12.0609,0.27,2,0
9911,US-2015-129007,630,922,1024,427,3,159,209.7,2,0.0,209.7,100.656,0.48000000000000004,2,0
9912,US-2014-157231,533,92,268,1306,2,127,115.36,7,0.0,115.36,56.5264,0.49000000000000005,4,0
9913,CA-2015-132388,472,1319,999,89,3,538,362.136,3,0.2,452.67,-54.3204,-0.15,2,0
9914,CA-2015-132388,472,1656,999,89,3,538,31.05,3,0.0,31.05,14.904,0.48,2,0
9915,CA-2017-160927,613,1466,927,1299,1,606,12.96,2,0.0,12.96,6.2208,0.4799999999999999,2,0
9916,CA-2017-160927,613,641,927,1299,1,606,94.85,5,0.0,94.85,45.528,0.48000000000000004,2,0
9917,CA-2017-160927,613,147,927,1299,1,606,13.48,1,0.0,13.48,3.5048,0.26,2,0
9918,CA-2017-160927,613,528,927,1299,1,606,14.91,3,0.0,14.91,4.6221,0.31,2,0
9919,CA-2015-105508,441,890,497,1311,2,46,39.98,1,0.0,39.98,17.991,0.45,5,0
9920,CA-2016-149272,502,84,544,691,2,617,528.43,5,0.3,754.9,-143.431,-0.27142857142857146,4,1
9921,CA-2016-149272,502,1400,544,691,2,617,22.386,7,0.8,111.93000000000002,-35.8176,-1.6,4,1
9922,CA-2014-111360,402,850,157,954,2,76,5.742,3,0.7,19.139999999999997,-4.5936,-0.8,6,1
9923,US-2017-162124,224,877,637,1412,2,156,191.968,4,0.2,239.95999999999998,28.7952,0.15000000000000002,4,0
9924,CA-2015-159534,705,351,306,392,3,46,49.848,3,0.2,62.309999999999995,16.8237,0.33749999999999997,3,0
9925,CA-2015-159534,705,245,306,392,3,46,23.99,1,0.0,23.99,11.995,0.5,3,0
9926,CA-2015-159534,705,14,306,392,3,46,1087.936,8,0.2,1359.9199999999998,353.5792,0.325,3,0
9927,CA-2015-159534,705,967,306,392,3,46,199.98,2,0.0,199.98,53.9946,0.27,3,0
9928,CA-2015-159534,705,1223,306,392,3,46,83.92,4,0.0,83.92,20.1408,0.24,3,0
9929,CA-2016-129630,781,75,914,914,4,35,24.27,3,0.0,24.27,8.7372,0.36,0,0
9930,CA-2016-129630,781,1294,914,914,4,35,2799.96,5,0.2,3499.95,944.9865,0.33749999999999997,0,0
9931,CA-2015-104948,169,1489,51,973,2,343,9.872,2,0.2,12.34,3.4552,0.35000000000000003,4,0
9932,CA-2015-104948,169,1374,51,973,2,343,683.332,4,0.15,803.92,-40.196,-0.058823529411764705,4,0
9933,CA-2015-104948,169,1533,51,973,2,343,29.96,7,0.0,29.96,13.482,0.44999999999999996,4,0
9934,CA-2014-166555,524,1515,385,687,3,278,164.85,3,0.0,164.85,47.8065,0.29000000000000004,3,0
9935,CA-2016-114405,239,1804,282,409,2,75,33.528,3,0.2,41.91,2.5146,0.07500000000000001,5,0
9936,CA-2016-114405,239,1862,282,409,2,75,36.744,3,0.2,45.93,3.6744,0.09999999999999999,5,0
9937,CA-2017-132955,624,142,93,1261,2,482,102.93,3,0.0,102.93,48.3771,0.47,4,0
9938,CA-2016-164889,292,973,1235,113,1,14,71.088,2,0.2,88.85999999999999,-1.7772,-0.025,3,0
9939,CA-2016-169824,375,442,940,908,2,30,60.35,5,0.0,60.35,19.9155,0.33,5,0
9940,CA-2016-169824,375,1281,940,908,2,30,35.52,4,0.0,35.52,9.9456,0.27999999999999997,5,0
9941,CA-2016-169824,375,903,940,908,2,30,11.2,7,0.0,11.2,4.816,0.43,5,0
9942,CA-2017-164028,253,405,222,330,2,35,223.58,14,0.0,223.58,87.1962,0.39,6,0
9943,CA-2014-143371,199,1440,130,929,2,159,998.82,9,0.0,998.82,29.9646,0.03,6,0
9944,CA-2014-143371,199,683,130,929,2,159,51.15,5,0.0,51.15,13.299,0.26,6,0
9945,CA-2015-145415,373,1034,1236,787,1,6,40.74,3,0.0,40.74,0.4074,0.009999999999999998,5,0
9946,CA-2014-111157,469,1451,1087,1248,2,75,3.424,1,0.2,4.279999999999999,1.07,0.3125,4,0
9947,CA-2014-111157,469,726,1087,1248,2,75,151.2,3,0.2,188.99999999999997,32.13,0.21250000000000002,4,0
9948,CA-2017-121559,305,624,703,96,1,305,1925.88,6,0.0,1925.88,539.2464,0.27999999999999997,2,0
9949,CA-2017-121559,305,228,703,96,1,305,2405.2,8,0.0,2405.2,793.716,0.33,2,0
9950,CA-2017-121559,305,1131,703,96,1,305,83.97,3,0.0,83.97,15.9543,0.19,2,0
9951,CA-2017-121559,305,686,703,96,1,305,39.89,1,0.0,39.89,14.7593,0.37,2,0
9952,CA-2017-121559,305,845,703,96,1,305,17.38,2,0.0,17.38,8.69,0.5,2,0
9953,CA-2015-141593,716,304,640,1136,1,63,55.264,2,0.2,69.08,20.724,0.375,2,0
9954,CA-2015-141593,716,1348,640,1136,1,63,6.48,1,0.0,6.48,3.1104,0.4799999999999999,2,0
9955,CA-2015-141593,716,1396,640,1136,1,63,34.248,3,0.2,42.809999999999995,11.5587,0.3375,2,0
9956,CA-2015-141593,716,976,640,1136,1,63,273.568,2,0.2,341.96,10.2588,0.037500000000000006,2,0
9957,US-2014-143287,608,1287,8,665,2,132,46.35,5,0.0,46.35,21.7845,0.47000000000000003,6,0
9958,US-2014-143287,608,1559,8,665,2,132,223.92,4,0.0,223.92,109.7208,0.49,6,0
9959,US-2014-143287,608,504,8,665,2,132,7.3,2,0.0,7.3,2.19,0.3,6,0
9960,CA-2017-137421,220,1664,834,1345,2,524,9.344,2,0.2,11.679999999999998,1.8688,0.2,5,0
9961,CA-2017-141446,643,1543,119,66,1,203,18.0,1,0.0,18.0,3.24,0.18000000000000002,2,0
9962,CA-2015-168088,476,1128,532,205,3,17,65.584,2,0.2,81.98,23.7742,0.3625,3,0
9963,CA-2015-168088,476,1602,532,205,3,17,383.4656,4,0.32,563.9200000000001,-67.6704,-0.17647058823529413,3,1
9964,CA-2015-143700,239,935,354,354,4,12,10.368,2,0.2,12.959999999999999,3.6288,0.35,0,0
9965,CA-2016-146374,786,279,6,108,1,286,13.4,1,0.0,13.4,6.432,0.48000000000000004,5,0
9966,CA-2016-146374,786,812,6,108,1,286,4.98,1,0.0,4.98,2.3406,0.4699999999999999,5,0
9967,CA-2016-146374,786,1359,6,108,1,286,109.69,7,0.0,109.69,51.5543,0.47,5,0
9968,CA-2017-153871,580,1233,158,95,2,171,40.2,5,0.0,40.2,18.09,0.44999999999999996,6,0
9969,CA-2017-153871,580,1499,158,95,2,171,735.98,2,0.0,735.98,331.191,0.44999999999999996,6,0
9970,CA-2017-153871,580,190,158,95,2,171,22.75,7,0.0,22.75,6.5975,0.29,6,0
9971,CA-2015-103772,89,980,1142,741,2,270,119.56,2,0.0,119.56,54.9976,0.45999999999999996,4,0
9972,CA-2015-103772,89,1270,1142,741,2,270,140.75,5,0.0,140.75,42.225,0.3,4,0
9973,CA-2016-130225,54,634,109,43,2,17,99.568,2,0.2,124.46,33.6042,0.3375,6,0
9974,US-2016-103674,400,1788,410,108,2,4,271.96,5,0.2,339.94999999999993,27.196,0.10000000000000002,4,0
9975,US-2016-103674,400,1127,410,108,2,4,18.69,7,0.0,18.69,5.2332,0.27999999999999997,4,0
9976,US-2016-103674,400,579,410,108,2,4,13.36,2,0.0,13.36,6.4128,0.48,4,0
9977,US-2016-103674,400,496,410,108,2,4,249.584,2,0.2,311.97999999999996,31.198,0.125,4,0
9978,US-2016-103674,400,495,410,108,2,4,13.86,7,0.0,13.86,0.0,0.0,4,0
9979,US-2016-103674,400,808,410,108,2,4,13.376,4,0.2,16.72,4.6816,0.35000000000000003,4,0
9980,US-2016-103674,400,921,410,108,2,4,437.472,14,0.2,546.8399999999999,153.1152,0.35,4,0
9981,US-2015-151435,518,978,685,1316,1,300,85.98,1,0.0,85.98,22.3548,0.26,3,0
9982,CA-2017-163566,27,618,647,635,3,324,16.52,5,0.2,20.65,5.369,0.325,3,0
9983,US-2016-157728,54,728,898,151,2,438,35.56,7,0.0,35.56,16.7132,0.47,6,0
9984,US-2016-157728,54,1693,898,151,2,438,97.98,2,0.0,97.98,27.4344,0.27999999999999997,6,0
9985,CA-2015-100251,232,366,962,294,2,256,31.5,10,0.0,31.5,15.12,0.48,6,0
9986,CA-2015-100251,232,1206,962,294,2,256,55.6,4,0.0,55.6,16.124,0.29,6,0
9987,CA-2016-125794,587,1520,322,340,2,142,36.24,1,0.0,36.24,15.2208,0.42,4,0
9988,CA-2017-163629,20,1594,702,611,2,507,79.99,1,0.0,79.99,28.7964,0.36,4,0
9989,CA-2017-163629,20,1784,702,611,2,507,206.1,5,0.0,206.1,55.647,0.27,4,0
9990,CA-2014-110422,484,1173,1237,1213,1,124,25.248,3,0.2,31.56,4.1028,0.1625,2,0
9991,CA-2017-121258,73,1763,426,449,2,147,91.96,2,0.0,91.96,15.6332,0.17,5,0
9992,CA-2017-121258,73,298,426,449,2,147,258.576,2,0.2,323.22,19.3932,0.075,5,0
9993,CA-2017-121258,73,957,426,449,2,147,29.6,4,0.0,29.6,13.32,0.45,5,0
9994,CA-2017-119914,418,167,465,1189,1,280,243.16,2,0.0,243.16,72.948,0.3,5,0
